epoch,train_loss,train_ce,train_kd,train_center,train_relation,train_embedding,train_logit_kd,train_topk,train_margin,train_anchor,train_teacher1_kd,train_teacher2_kd,teacher2_active,train_tdl,train_contrast,train_topkd,train_tckd,train_nckd,hard_ratio,avg_true_rank,weighted_center,weighted_feature,weighted_relation,center_weight_effective,feature_weight_effective,relation_weight_effective,grad_norm_ce,grad_norm_center,grad_norm_feature,grad_norm_relation,adaptive_stage,icd_sdc_active,icd_positive_pairs,icd_bank_occupancy,icd_true_class_margin,train_acc,val_loss,val_acc,lr,time_s,val_true_class_margin
0,,,,,,,,,,,,,,,,,,,,,,,,,,,,,,,,,,,,,16.754396,0.0024,,,-15.628503
1,2.724784,17.514046,0.973379,0.0,0.0,0.973379,0.0,0.0,0.0,0.0,0.0,0.0,0.0,0.0,0.0,0.0,0.0,0.0,0.0,0.0,0.0,0.0,0.0,0.0,0.0,0.0,0.0,0.0,0.0,0.0,0.0,0.0,288.22857143,0.65437708,-14.9985119,0.001,11.579747,0.0012,0.00010095,34.7,-9.240955
2,2.49821,16.175749,0.880635,0.0,0.0,0.880635,0.0,0.0,0.0,0.0,0.0,0.0,0.0,0.0,0.0,0.0,0.0,0.0,0.0,0.0,0.0,0.0,0.0,0.0,0.0,0.0,0.0,0.0,0.0,0.0,0.0,0.0,320.0,1.0,-11.67857143,0.0016,8.289492,0.0024,0.00020095,34.1,-4.959847
3,2.494737,16.428866,0.85185,0.0,0.0,0.85185,0.0,0.0,0.0,0.0,0.0,0.0,0.0,0.0,0.0,0.0,0.0,0.0,0.0,0.0,0.0,0.0,0.0,0.0,0.0,0.0,0.0,0.0,0.0,0.0,0.0,0.0,320.0,1.0,-10.1625744,0.0003,7.359346,0.0048,0.00030095,34.1,-3.356714
4,2.613918,17.649571,0.848961,0.0,0.0,0.848961,0.0,0.0,0.0,0.0,0.0,0.0,0.0,0.0,0.0,0.0,0.0,0.0,0.0,0.0,0.0,0.0,0.0,0.0,0.0,0.0,0.0,0.0,0.0,0.0,0.0,0.0,320.0,1.0,-9.73482143,0.001,7.128498,0.006,0.00040095,33.9,-3.10981
5,2.759453,19.128112,0.846642,0.0,0.0,0.846642,0.0,0.0,0.0,0.0,0.0,0.0,0.0,0.0,0.0,0.0,0.0,0.0,0.0,0.0,0.0,0.0,0.0,0.0,0.0,0.0,0.0,0.0,0.0,0.0,0.0,0.0,320.0,1.0,-9.62898065,0.0006,7.018857,0.0072,0.00050095,34.3,-3.382961
6,2.889945,20.499051,0.84004,0.0,0.0,0.84004,0.0,0.0,0.0,0.0,0.0,0.0,0.0,0.0,0.0,0.0,0.0,0.0,0.0,0.0,0.0,0.0,0.0,0.0,0.0,0.0,0.0,0.0,0.0,0.0,0.0,0.0,320.0,1.0,-9.42849702,0.0009,7.161003,0.0084,0.00060095,34.3,-4.163742
7,2.991296,21.677459,0.82355,0.0,0.0,0.82355,0.0,0.0,0.0,0.0,0.0,0.0,0.0,0.0,0.0,0.0,0.0,0.0,0.0,0.0,0.0,0.0,0.0,0.0,0.0,0.0,0.0,0.0,0.0,0.0,0.0,0.0,320.0,1.0,-9.04940476,0.0013,7.588108,0.006,0.00070095,34.2,-5.230378
8,3.05805,22.562761,0.801774,0.0,0.0,0.801774,0.0,0.0,0.0,0.0,0.0,0.0,0.0,0.0,0.0,0.0,0.0,0.0,0.0,0.0,0.0,0.0,0.0,0.0,0.0,0.0,0.0,0.0,0.0,0.0,0.0,0.0,320.0,1.0,-8.38214286,0.0025,6.796628,0.0144,0.00080095,34.0,-4.448699
9,3.136147,23.500261,0.786121,0.0,0.0,0.786121,0.0,0.0,0.0,0.0,0.0,0.0,0.0,0.0,0.0,0.0,0.0,0.0,0.0,0.0,0.0,0.0,0.0,0.0,0.0,0.0,0.0,0.0,0.0,0.0,0.0,0.0,320.0,1.0,-7.77637649,0.0042,5.730982,0.0372,0.00090095,34.4,-3.51803
10,3.200771,24.28444,0.772327,0.0,0.0,0.772327,0.0,0.0,0.0,0.0,0.0,0.0,0.0,0.0,0.0,0.0,0.0,0.0,0.0,0.0,0.0,0.0,0.0,0.0,0.0,0.0,0.0,0.0,0.0,0.0,0.0,0.0,320.0,1.0,-6.97838542,0.0065,5.352427,0.054,0.001,34.6,-3.459867
11,3.272893,25.128739,0.760019,0.0,0.0,0.760019,0.0,0.0,0.0,0.0,0.0,0.0,0.0,0.0,0.0,0.0,0.0,0.0,0.0,0.0,0.0,0.0,0.0,0.0,0.0,0.0,0.0,0.0,0.0,0.0,0.0,0.0,320.0,1.0,-6.23184524,0.0083,5.048239,0.0695,0.00099997,34.3,-3.154598
12,3.337723,25.909754,0.746748,0.0,0.0,0.746748,0.0,0.0,0.0,0.0,0.0,0.0,0.0,0.0,0.0,0.0,0.0,0.0,0.0,0.0,0.0,0.0,0.0,0.0,0.0,0.0,0.0,0.0,0.0,0.0,0.0,0.0,320.0,1.0,-5.43311012,0.018,4.736883,0.0887,0.00099988,34.3,-3.006738
13,3.414475,26.793336,0.735141,0.0,0.0,0.735141,0.0,0.0,0.0,0.0,0.0,0.0,0.0,0.0,0.0,0.0,0.0,0.0,0.0,0.0,0.0,0.0,0.0,0.0,0.0,0.0,0.0,0.0,0.0,0.0,0.0,0.0,320.0,1.0,-4.71233259,0.0263,6.696606,0.0384,0.00099974,34.4,-4.971905
14,3.498956,27.761643,0.722792,0.0,0.0,0.722792,0.0,0.0,0.0,0.0,0.0,0.0,0.0,0.0,0.0,0.0,0.0,0.0,0.0,0.0,0.0,0.0,0.0,0.0,0.0,0.0,0.0,0.0,0.0,0.0,0.0,0.0,320.0,1.0,-4.1422433,0.0458,4.191085,0.1379,0.00099953,34.2,-2.450432
15,3.58875,28.782028,0.710547,0.0,0.0,0.710547,0.0,0.0,0.0,0.0,0.0,0.0,0.0,0.0,0.0,0.0,0.0,0.0,0.0,0.0,0.0,0.0,0.0,0.0,0.0,0.0,0.0,0.0,0.0,0.0,0.0,0.0,320.0,1.0,-3.62116815,0.0634,4.084978,0.1559,0.00099927,33.9,-2.384397
16,3.677731,29.80592,0.697139,0.0,0.0,0.697139,0.0,0.0,0.0,0.0,0.0,0.0,0.0,0.0,0.0,0.0,0.0,0.0,0.0,0.0,0.0,0.0,0.0,0.0,0.0,0.0,0.0,0.0,0.0,0.0,0.0,0.0,320.0,1.0,-3.12989211,0.094,4.553468,0.1211,0.00099895,34.0,-3.368794
17,3.774219,30.877531,0.686466,0.0,0.0,0.686466,0.0,0.0,0.0,0.0,0.0,0.0,0.0,0.0,0.0,0.0,0.0,0.0,0.0,0.0,0.0,0.0,0.0,0.0,0.0,0.0,0.0,0.0,0.0,0.0,0.0,0.0,320.0,1.0,-2.7391369,0.1289,3.107993,0.2854,0.00099856,34.3,-1.603148
18,3.871412,31.980694,0.673343,0.0,0.0,0.673343,0.0,0.0,0.0,0.0,0.0,0.0,0.0,0.0,0.0,0.0,0.0,0.0,0.0,0.0,0.0,0.0,0.0,0.0,0.0,0.0,0.0,0.0,0.0,0.0,0.0,0.0,320.0,1.0,-2.37073103,0.1625,5.104062,0.1595,0.00099813,34.2,-3.794292
19,3.971205,33.084851,0.66272,0.0,0.0,0.66272,0.0,0.0,0.0,0.0,0.0,0.0,0.0,0.0,0.0,0.0,0.0,0.0,0.0,0.0,0.0,0.0,0.0,0.0,0.0,0.0,0.0,0.0,0.0,0.0,0.0,0.0,320.0,1.0,-2.03337286,0.2101,2.26972,0.4197,0.00099763,34.4,-0.544611
20,4.064196,34.148033,0.649393,0.0,0.0,0.649393,0.0,0.0,0.0,0.0,0.0,0.0,0.0,0.0,0.0,0.0,0.0,0.0,0.0,0.0,0.0,0.0,0.0,0.0,0.0,0.0,0.0,0.0,0.0,0.0,0.0,0.0,320.0,1.0,-1.66670968,0.2588,2.589914,0.3981,0.00099707,34.1,-0.84775
21,4.01164,33.730857,0.638554,0.0,0.0,0.638554,0.0,0.0,0.0,0.0,0.0,0.0,0.0,0.0,0.0,0.0,0.0,0.0,0.0,0.0,0.0,0.0,0.0,0.0,0.0,0.0,0.0,0.0,0.0,0.0,0.0,0.0,320.0,1.0,-1.29982445,0.3128,1.912091,0.5384,0.00099646,34.3,0.452542
22,3.964808,33.360421,0.628765,0.0,0.0,0.628765,0.0,0.0,0.0,0.0,0.0,0.0,0.0,0.0,0.0,0.0,0.0,0.0,0.0,0.0,0.0,0.0,0.0,0.0,0.0,0.0,0.0,0.0,0.0,0.0,0.0,0.0,320.0,1.0,-0.98311869,0.3592,2.348278,0.4568,0.00099579,34.3,-0.362581
23,3.907105,32.889704,0.618134,0.0,0.0,0.618134,0.0,0.0,0.0,0.0,0.0,0.0,0.0,0.0,0.0,0.0,0.0,0.0,0.0,0.0,0.0,0.0,0.0,0.0,0.0,0.0,0.0,0.0,0.0,0.0,0.0,0.0,320.0,1.0,-0.59416882,0.4144,2.253246,0.4952,0.00099505,34.4,0.221127
24,3.83808,32.292012,0.608879,0.0,0.0,0.608879,0.0,0.0,0.0,0.0,0.0,0.0,0.0,0.0,0.0,0.0,0.0,0.0,0.0,0.0,0.0,0.0,0.0,0.0,0.0,0.0,0.0,0.0,0.0,0.0,0.0,0.0,320.0,1.0,-0.05404779,0.4778,1.967479,0.5468,0.00099427,34.2,0.602365
25,3.7589,31.605711,0.598329,0.0,0.0,0.598329,0.0,0.0,0.0,0.0,0.0,0.0,0.0,0.0,0.0,0.0,0.0,0.0,0.0,0.0,0.0,0.0,0.0,0.0,0.0,0.0,0.0,0.0,0.0,0.0,0.0,0.0,320.0,1.0,0.5224249,0.5375,2.339612,0.5036,0.00099342,33.9,-0.165715
26,3.656033,30.686346,0.587398,0.0,0.0,0.587398,0.0,0.0,0.0,0.0,0.0,0.0,0.0,0.0,0.0,0.0,0.0,0.0,0.0,0.0,0.0,0.0,0.0,0.0,0.0,0.0,0.0,0.0,0.0,0.0,0.0,0.0,320.0,1.0,1.27903297,0.5885,1.607776,0.6379,0.00099252,33.4,2.206449
27,3.545512,29.685615,0.57695,0.0,0.0,0.57695,0.0,0.0,0.0,0.0,0.0,0.0,0.0,0.0,0.0,0.0,0.0,0.0,0.0,0.0,0.0,0.0,0.0,0.0,0.0,0.0,0.0,0.0,0.0,0.0,0.0,0.0,320.0,1.0,2.06140602,0.653,1.374502,0.7026,0.00099155,33.6,3.678805
28,3.415925,28.492413,0.566684,0.0,0.0,0.566684,0.0,0.0,0.0,0.0,0.0,0.0,0.0,0.0,0.0,0.0,0.0,0.0,0.0,0.0,0.0,0.0,0.0,0.0,0.0,0.0,0.0,0.0,0.0,0.0,0.0,0.0,320.0,1.0,2.99834333,0.706,2.801185,0.5624,0.00099053,33.6,0.641042
29,3.257832,27.057773,0.552055,0.0,0.0,0.552055,0.0,0.0,0.0,0.0,0.0,0.0,0.0,0.0,0.0,0.0,0.0,0.0,0.0,0.0,0.0,0.0,0.0,0.0,0.0,0.0,0.0,0.0,0.0,0.0,0.0,0.0,320.0,1.0,4.16060733,0.767,0.87816,0.8249,0.00098946,33.3,5.928279
30,3.13223,25.906285,0.541601,0.0,0.0,0.541601,0.0,0.0,0.0,0.0,0.0,0.0,0.0,0.0,0.0,0.0,0.0,0.0,0.0,0.0,0.0,0.0,0.0,0.0,0.0,0.0,0.0,0.0,0.0,0.0,0.0,0.0,320.0,1.0,5.03851376,0.8028,0.984666,0.801,0.00098832,33.6,5.998445
31,2.983833,24.544045,0.529428,0.0,0.0,0.529428,0.0,0.0,0.0,0.0,0.0,0.0,0.0,0.0,0.0,0.0,0.0,0.0,0.0,0.0,0.0,0.0,0.0,0.0,0.0,0.0,0.0,0.0,0.0,0.0,0.0,0.0,320.0,1.0,6.10680804,0.8435,1.0712,0.7998,0.00098713,33.4,6.453067
32,2.842756,23.228399,0.519916,0.0,0.0,0.519916,0.0,0.0,0.0,0.0,0.0,0.0,0.0,0.0,0.0,0.0,0.0,0.0,0.0,0.0,0.0,0.0,0.0,0.0,0.0,0.0,0.0,0.0,0.0,0.0,0.0,0.0,320.0,1.0,7.13783482,0.8783,1.796708,0.7134,0.00098588,34.0,4.010448
33,2.72429,22.142863,0.510004,0.0,0.0,0.510004,0.0,0.0,0.0,0.0,0.0,0.0,0.0,0.0,0.0,0.0,0.0,0.0,0.0,0.0,0.0,0.0,0.0,0.0,0.0,0.0,0.0,0.0,0.0,0.0,0.0,0.0,320.0,1.0,7.94471726,0.8946,1.017713,0.8118,0.00098458,33.4,7.111741
34,2.626892,21.265141,0.500378,0.0,0.0,0.500378,0.0,0.0,0.0,0.0,0.0,0.0,0.0,0.0,0.0,0.0,0.0,0.0,0.0,0.0,0.0,0.0,0.0,0.0,0.0,0.0,0.0,0.0,0.0,0.0,0.0,0.0,320.0,1.0,8.61212798,0.9135,0.554222,0.9089,0.00098321,33.6,10.947486
35,2.49053,20.019644,0.488565,0.0,0.0,0.488565,0.0,0.0,0.0,0.0,0.0,0.0,0.0,0.0,0.0,0.0,0.0,0.0,0.0,0.0,0.0,0.0,0.0,0.0,0.0,0.0,0.0,0.0,0.0,0.0,0.0,0.0,320.0,1.0,9.5765997,0.9269,0.549212,0.9113,0.00098179,33.7,10.782427
36,2.398956,19.177358,0.48122,0.0,0.0,0.48122,0.0,0.0,0.0,0.0,0.0,0.0,0.0,0.0,0.0,0.0,0.0,0.0,0.0,0.0,0.0,0.0,0.0,0.0,0.0,0.0,0.0,0.0,0.0,0.0,0.0,0.0,320.0,1.0,10.19337798,0.9394,0.520971,0.8969,0.00098032,34.0,10.704167
37,2.305919,18.339172,0.472002,0.0,0.0,0.472002,0.0,0.0,0.0,0.0,0.0,0.0,0.0,0.0,0.0,0.0,0.0,0.0,0.0,0.0,0.0,0.0,0.0,0.0,0.0,0.0,0.0,0.0,0.0,0.0,0.0,0.0,320.0,1.0,10.84136905,0.946,0.310632,0.9496,0.00097879,31.7,13.638922
38,2.2048,17.429471,0.461853,0.0,0.0,0.461853,0.0,0.0,0.0,0.0,0.0,0.0,0.0,0.0,0.0,0.0,0.0,0.0,0.0,0.0,0.0,0.0,0.0,0.0,0.0,0.0,0.0,0.0,0.0,0.0,0.0,0.0,320.0,1.0,11.57247024,0.9561,0.257683,0.958,0.0009772,31.5,15.23323
39,2.135862,16.799685,0.455893,0.0,0.0,0.455893,0.0,0.0,0.0,0.0,0.0,0.0,0.0,0.0,0.0,0.0,0.0,0.0,0.0,0.0,0.0,0.0,0.0,0.0,0.0,0.0,0.0,0.0,0.0,0.0,0.0,0.0,320.0,1.0,12.0530506,0.9609,0.288023,0.946,0.00097555,31.5,13.015252
40,2.088389,16.374107,0.450978,0.0,0.0,0.450978,0.0,0.0,0.0,0.0,0.0,0.0,0.0,0.0,0.0,0.0,0.0,0.0,0.0,0.0,0.0,0.0,0.0,0.0,0.0,0.0,0.0,0.0,0.0,0.0,0.0,0.0,320.0,1.0,12.37418155,0.9635,0.217275,0.9628,0.00097385,29.7,16.271875
41,2.002307,15.611513,0.441156,0.0,0.0,0.441156,0.0,0.0,0.0,0.0,0.0,0.0,0.0,0.0,0.0,0.0,0.0,0.0,0.0,0.0,0.0,0.0,0.0,0.0,0.0,0.0,0.0,0.0,0.0,0.0,0.0,0.0,320.0,1.0,13.00610119,0.9696,0.241264,0.9544,0.0009721,29.7,15.054948
42,1.942476,15.090993,0.433376,0.0,0.0,0.433376,0.0,0.0,0.0,0.0,0.0,0.0,0.0,0.0,0.0,0.0,0.0,0.0,0.0,0.0,0.0,0.0,0.0,0.0,0.0,0.0,0.0,0.0,0.0,0.0,0.0,0.0,320.0,1.0,13.4296131,0.9717,0.181362,0.9628,0.00097029,29.5,16.888882
43,1.915296,14.853019,0.429994,0.0,0.0,0.429994,0.0,0.0,0.0,0.0,0.0,0.0,0.0,0.0,0.0,0.0,0.0,0.0,0.0,0.0,0.0,0.0,0.0,0.0,0.0,0.0,0.0,0.0,0.0,0.0,0.0,0.0,320.0,1.0,13.61034226,0.9728,0.149622,0.9748,0.00096842,29.8,17.703887
44,1.837613,14.171002,0.420513,0.0,0.0,0.420513,0.0,0.0,0.0,0.0,0.0,0.0,0.0,0.0,0.0,0.0,0.0,0.0,0.0,0.0,0.0,0.0,0.0,0.0,0.0,0.0,0.0,0.0,0.0,0.0,0.0,0.0,320.0,1.0,14.16227679,0.978,0.260179,0.9568,0.0009665,29.7,14.665791
45,1.823216,14.053283,0.417888,0.0,0.0,0.417888,0.0,0.0,0.0,0.0,0.0,0.0,0.0,0.0,0.0,0.0,0.0,0.0,0.0,0.0,0.0,0.0,0.0,0.0,0.0,0.0,0.0,0.0,0.0,0.0,0.0,0.0,320.0,1.0,14.2719494,0.9786,0.164639,0.9784,0.00096452,29.7,17.604417
46,1.772475,13.620969,0.410378,0.0,0.0,0.410378,0.0,0.0,0.0,0.0,0.0,0.0,0.0,0.0,0.0,0.0,0.0,0.0,0.0,0.0,0.0,0.0,0.0,0.0,0.0,0.0,0.0,0.0,0.0,0.0,0.0,0.0,320.0,1.0,14.63936012,0.9841,0.123157,0.9844,0.00096249,29.7,18.56894
47,1.740938,13.359588,0.404979,0.0,0.0,0.404979,0.0,0.0,0.0,0.0,0.0,0.0,0.0,0.0,0.0,0.0,0.0,0.0,0.0,0.0,0.0,0.0,0.0,0.0,0.0,0.0,0.0,0.0,0.0,0.0,0.0,0.0,320.0,1.0,14.86190476,0.9835,0.170875,0.9796,0.00096041,29.7,17.354418
48,1.699314,12.992694,0.400045,0.0,0.0,0.400045,0.0,0.0,0.0,0.0,0.0,0.0,0.0,0.0,0.0,0.0,0.0,0.0,0.0,0.0,0.0,0.0,0.0,0.0,0.0,0.0,0.0,0.0,0.0,0.0,0.0,0.0,320.0,1.0,15.20111607,0.9862,0.233751,0.9652,0.00095827,29.7,15.875445
49,1.654052,12.591525,0.394899,0.0,0.0,0.394899,0.0,0.0,0.0,0.0,0.0,0.0,0.0,0.0,0.0,0.0,0.0,0.0,0.0,0.0,0.0,0.0,0.0,0.0,0.0,0.0,0.0,0.0,0.0,0.0,0.0,0.0,320.0,1.0,15.53482143,0.9882,0.110302,0.9856,0.00095608,29.7,20.381534
50,1.642642,12.50683,0.391959,0.0,0.0,0.391959,0.0,0.0,0.0,0.0,0.0,0.0,0.0,0.0,0.0,0.0,0.0,0.0,0.0,0.0,0.0,0.0,0.0,0.0,0.0,0.0,0.0,0.0,0.0,0.0,0.0,0.0,320.0,1.0,15.60818452,0.9868,0.087467,0.988,0.00095383,29.7,20.358767
51,1.609078,12.23994,0.385084,0.0,0.0,0.385084,0.0,0.0,0.0,0.0,0.0,0.0,0.0,0.0,0.0,0.0,0.0,0.0,0.0,0.0,0.0,0.0,0.0,0.0,0.0,0.0,0.0,0.0,0.0,0.0,0.0,0.0,320.0,1.0,15.85066964,0.9878,0.202829,0.9688,0.00095154,29.5,17.360999
52,1.57507,11.944295,0.38064,0.0,0.0,0.38064,0.0,0.0,0.0,0.0,0.0,0.0,0.0,0.0,0.0,0.0,0.0,0.0,0.0,0.0,0.0,0.0,0.0,0.0,0.0,0.0,0.0,0.0,0.0,0.0,0.0,0.0,320.0,1.0,16.13407738,0.9909,0.08781,0.988,0.00094918,29.9,21.692966
53,1.556503,11.791198,0.377383,0.0,0.0,0.377383,0.0,0.0,0.0,0.0,0.0,0.0,0.0,0.0,0.0,0.0,0.0,0.0,0.0,0.0,0.0,0.0,0.0,0.0,0.0,0.0,0.0,0.0,0.0,0.0,0.0,0.0,320.0,1.0,16.28355655,0.9923,0.06833,0.9892,0.00094678,30.0,21.43462
54,1.522858,11.483987,0.374459,0.0,0.0,0.374459,0.0,0.0,0.0,0.0,0.0,0.0,0.0,0.0,0.0,0.0,0.0,0.0,0.0,0.0,0.0,0.0,0.0,0.0,0.0,0.0,0.0,0.0,0.0,0.0,0.0,0.0,320.0,1.0,16.54761905,0.99,0.092427,0.9904,0.00094432,29.9,21.888652
55,1.493329,11.246424,0.368686,0.0,0.0,0.368686,0.0,0.0,0.0,0.0,0.0,0.0,0.0,0.0,0.0,0.0,0.0,0.0,0.0,0.0,0.0,0.0,0.0,0.0,0.0,0.0,0.0,0.0,0.0,0.0,0.0,0.0,320.0,1.0,16.7625,0.9906,0.053979,0.9916,0.00094181,29.7,21.644842
56,1.484459,11.188924,0.365566,0.0,0.0,0.365566,0.0,0.0,0.0,0.0,0.0,0.0,0.0,0.0,0.0,0.0,0.0,0.0,0.0,0.0,0.0,0.0,0.0,0.0,0.0,0.0,0.0,0.0,0.0,0.0,0.0,0.0,320.0,1.0,16.85282738,0.9911,0.098227,0.9844,0.00093925,29.7,21.681021
57,1.446945,10.850736,0.361871,0.0,0.0,0.361871,0.0,0.0,0.0,0.0,0.0,0.0,0.0,0.0,0.0,0.0,0.0,0.0,0.0,0.0,0.0,0.0,0.0,0.0,0.0,0.0,0.0,0.0,0.0,0.0,0.0,0.0,320.0,1.0,17.15647321,0.9924,0.150643,0.9808,0.00093664,29.5,18.284798
58,1.427345,10.675005,0.359845,0.0,0.0,0.359845,0.0,0.0,0.0,0.0,0.0,0.0,0.0,0.0,0.0,0.0,0.0,0.0,0.0,0.0,0.0,0.0,0.0,0.0,0.0,0.0,0.0,0.0,0.0,0.0,0.0,0.0,320.0,1.0,17.30342262,0.9933,0.08643,0.9856,0.00093398,29.7,21.02101
59,1.422098,10.659188,0.356179,0.0,0.0,0.356179,0.0,0.0,0.0,0.0,0.0,0.0,0.0,0.0,0.0,0.0,0.0,0.0,0.0,0.0,0.0,0.0,0.0,0.0,0.0,0.0,0.0,0.0,0.0,0.0,0.0,0.0,320.0,1.0,17.36063988,0.9943,0.081892,0.9844,0.00093126,29.5,20.385622
60,1.39275,10.403595,0.352391,0.0,0.0,0.352391,0.0,0.0,0.0,0.0,0.0,0.0,0.0,0.0,0.0,0.0,0.0,0.0,0.0,0.0,0.0,0.0,0.0,0.0,0.0,0.0,0.0,0.0,0.0,0.0,0.0,0.0,320.0,1.0,17.58184524,0.9946,0.096216,0.9844,0.0009285,29.7,21.150022
61,1.368112,10.186512,0.34946,0.0,0.0,0.34946,0.0,0.0,0.0,0.0,0.0,0.0,0.0,0.0,0.0,0.0,0.0,0.0,0.0,0.0,0.0,0.0,0.0,0.0,0.0,0.0,0.0,0.0,0.0,0.0,0.0,0.0,320.0,1.0,17.8172619,0.9938,0.115049,0.9868,0.00092569,29.7,20.384787
62,1.354001,10.07197,0.346804,0.0,0.0,0.346804,0.0,0.0,0.0,0.0,0.0,0.0,0.0,0.0,0.0,0.0,0.0,0.0,0.0,0.0,0.0,0.0,0.0,0.0,0.0,0.0,0.0,0.0,0.0,0.0,0.0,0.0,320.0,1.0,17.92730655,0.9946,0.067038,0.9928,0.00092282,29.5,22.380495
63,1.337484,9.929934,0.344491,0.0,0.0,0.344491,0.0,0.0,0.0,0.0,0.0,0.0,0.0,0.0,0.0,0.0,0.0,0.0,0.0,0.0,0.0,0.0,0.0,0.0,0.0,0.0,0.0,0.0,0.0,0.0,0.0,0.0,320.0,1.0,18.06703869,0.9961,0.03809,0.9916,0.00091991,29.7,22.429464
64,1.314818,9.727974,0.342021,0.0,0.0,0.342021,0.0,0.0,0.0,0.0,0.0,0.0,0.0,0.0,0.0,0.0,0.0,0.0,0.0,0.0,0.0,0.0,0.0,0.0,0.0,0.0,0.0,0.0,0.0,0.0,0.0,0.0,320.0,1.0,18.25721726,0.9954,0.05752,0.9892,0.00091694,29.6,22.833341
65,1.313021,9.73902,0.339119,0.0,0.0,0.339119,0.0,0.0,0.0,0.0,0.0,0.0,0.0,0.0,0.0,0.0,0.0,0.0,0.0,0.0,0.0,0.0,0.0,0.0,0.0,0.0,0.0,0.0,0.0,0.0,0.0,0.0,320.0,1.0,18.26934524,0.9963,0.076757,0.9892,0.00091393,29.7,22.41977
66,1.283278,9.462256,0.337053,0.0,0.0,0.337053,0.0,0.0,0.0,0.0,0.0,0.0,0.0,0.0,0.0,0.0,0.0,0.0,0.0,0.0,0.0,0.0,0.0,0.0,0.0,0.0,0.0,0.0,0.0,0.0,0.0,0.0,320.0,1.0,18.51904762,0.9966,0.061431,0.9892,0.00091087,29.9,23.665401
67,1.25844,9.252784,0.333162,0.0,0.0,0.333162,0.0,0.0,0.0,0.0,0.0,0.0,0.0,0.0,0.0,0.0,0.0,0.0,0.0,0.0,0.0,0.0,0.0,0.0,0.0,0.0,0.0,0.0,0.0,0.0,0.0,0.0,320.0,1.0,18.70580357,0.9957,0.063798,0.988,0.00090776,29.6,21.906891
68,1.258599,9.258479,0.332751,0.0,0.0,0.332751,0.0,0.0,0.0,0.0,0.0,0.0,0.0,0.0,0.0,0.0,0.0,0.0,0.0,0.0,0.0,0.0,0.0,0.0,0.0,0.0,0.0,0.0,0.0,0.0,0.0,0.0,320.0,1.0,18.72053571,0.9964,0.054403,0.9904,0.0009046,29.7,22.93058
69,1.240303,9.10491,0.329812,0.0,0.0,0.329812,0.0,0.0,0.0,0.0,0.0,0.0,0.0,0.0,0.0,0.0,0.0,0.0,0.0,0.0,0.0,0.0,0.0,0.0,0.0,0.0,0.0,0.0,0.0,0.0,0.0,0.0,320.0,1.0,18.88928571,0.9975,0.051274,0.994,0.0009014,29.4,23.424682
70,1.223849,8.959156,0.327933,0.0,0.0,0.327933,0.0,0.0,0.0,0.0,0.0,0.0,0.0,0.0,0.0,0.0,0.0,0.0,0.0,0.0,0.0,0.0,0.0,0.0,0.0,0.0,0.0,0.0,0.0,0.0,0.0,0.0,320.0,1.0,19.02083333,0.9975,0.048049,0.9904,0.00089815,29.6,23.142897
71,1.222285,8.946798,0.327605,0.0,0.0,0.327605,0.0,0.0,0.0,0.0,0.0,0.0,0.0,0.0,0.0,0.0,0.0,0.0,0.0,0.0,0.0,0.0,0.0,0.0,0.0,0.0,0.0,0.0,0.0,0.0,0.0,0.0,320.0,1.0,19.0625,0.9976,0.045814,0.994,0.00089485,29.5,23.644358
72,1.185007,8.611616,0.323845,0.0,0.0,0.323845,0.0,0.0,0.0,0.0,0.0,0.0,0.0,0.0,0.0,0.0,0.0,0.0,0.0,0.0,0.0,0.0,0.0,0.0,0.0,0.0,0.0,0.0,0.0,0.0,0.0,0.0,320.0,1.0,19.35014881,0.9982,0.069613,0.988,0.00089151,29.5,22.786896
73,1.191856,8.68504,0.323352,0.0,0.0,0.323352,0.0,0.0,0.0,0.0,0.0,0.0,0.0,0.0,0.0,0.0,0.0,0.0,0.0,0.0,0.0,0.0,0.0,0.0,0.0,0.0,0.0,0.0,0.0,0.0,0.0,0.0,320.0,1.0,19.31339286,0.9978,0.056155,0.9904,0.00088812,29.7,23.421223
74,1.175345,8.540177,0.321328,0.0,0.0,0.321328,0.0,0.0,0.0,0.0,0.0,0.0,0.0,0.0,0.0,0.0,0.0,0.0,0.0,0.0,0.0,0.0,0.0,0.0,0.0,0.0,0.0,0.0,0.0,0.0,0.0,0.0,320.0,1.0,19.46116071,0.9981,0.0482,0.9916,0.00088468,29.6,23.608157
75,1.1724,8.512793,0.321121,0.0,0.0,0.321121,0.0,0.0,0.0,0.0,0.0,0.0,0.0,0.0,0.0,0.0,0.0,0.0,0.0,0.0,0.0,0.0,0.0,0.0,0.0,0.0,0.0,0.0,0.0,0.0,0.0,0.0,320.0,1.0,19.50565476,0.9981,0.023423,0.994,0.0008812,30.9,24.638447
76,1.148656,8.307592,0.317897,0.0,0.0,0.317897,0.0,0.0,0.0,0.0,0.0,0.0,0.0,0.0,0.0,0.0,0.0,0.0,0.0,0.0,0.0,0.0,0.0,0.0,0.0,0.0,0.0,0.0,0.0,0.0,0.0,0.0,320.0,1.0,19.70431548,0.9975,0.03466,0.994,0.00087767,33.1,24.622963
77,1.140278,8.236636,0.316614,0.0,0.0,0.316614,0.0,0.0,0.0,0.0,0.0,0.0,0.0,0.0,0.0,0.0,0.0,0.0,0.0,0.0,0.0,0.0,0.0,0.0,0.0,0.0,0.0,0.0,0.0,0.0,0.0,0.0,320.0,1.0,19.75699405,0.9969,0.028839,0.9964,0.0008741,31.7,24.946772
78,1.131715,8.168788,0.314836,0.0,0.0,0.314836,0.0,0.0,0.0,0.0,0.0,0.0,0.0,0.0,0.0,0.0,0.0,0.0,0.0,0.0,0.0,0.0,0.0,0.0,0.0,0.0,0.0,0.0,0.0,0.0,0.0,0.0,320.0,1.0,19.83764881,0.9978,0.04468,0.9928,0.00087049,30.6,24.397721
79,1.099219,7.866747,0.312545,0.0,0.0,0.312545,0.0,0.0,0.0,0.0,0.0,0.0,0.0,0.0,0.0,0.0,0.0,0.0,0.0,0.0,0.0,0.0,0.0,0.0,0.0,0.0,0.0,0.0,0.0,0.0,0.0,0.0,320.0,1.0,20.13199405,0.9976,0.026582,0.9928,0.00086683,30.1,25.205748
80,1.08898,7.770492,0.311931,0.0,0.0,0.311931,0.0,0.0,0.0,0.0,0.0,0.0,0.0,0.0,0.0,0.0,0.0,0.0,0.0,0.0,0.0,0.0,0.0,0.0,0.0,0.0,0.0,0.0,0.0,0.0,0.0,0.0,320.0,1.0,20.18794643,0.9987,0.036307,0.9916,0.00086313,30.5,24.901019
81,1.084507,7.733153,0.311192,0.0,0.0,0.311192,0.0,0.0,0.0,0.0,0.0,0.0,0.0,0.0,0.0,0.0,0.0,0.0,0.0,0.0,0.0,0.0,0.0,0.0,0.0,0.0,0.0,0.0,0.0,0.0,0.0,0.0,320.0,1.0,20.26979167,0.9984,0.042696,0.988,0.00085939,29.9,22.346879
82,1.079824,7.709546,0.308869,0.0,0.0,0.308869,0.0,0.0,0.0,0.0,0.0,0.0,0.0,0.0,0.0,0.0,0.0,0.0,0.0,0.0,0.0,0.0,0.0,0.0,0.0,0.0,0.0,0.0,0.0,0.0,0.0,0.0,320.0,1.0,20.30997024,0.9978,0.037837,0.9928,0.00085561,29.9,25.042546
83,1.068821,7.611941,0.307627,0.0,0.0,0.307627,0.0,0.0,0.0,0.0,0.0,0.0,0.0,0.0,0.0,0.0,0.0,0.0,0.0,0.0,0.0,0.0,0.0,0.0,0.0,0.0,0.0,0.0,0.0,0.0,0.0,0.0,320.0,1.0,20.39464286,0.9987,0.021299,0.994,0.00085178,30.5,25.984868
84,1.073093,7.652992,0.307794,0.0,0.0,0.307794,0.0,0.0,0.0,0.0,0.0,0.0,0.0,0.0,0.0,0.0,0.0,0.0,0.0,0.0,0.0,0.0,0.0,0.0,0.0,0.0,0.0,0.0,0.0,0.0,0.0,0.0,320.0,1.0,20.37232143,0.9987,0.027156,0.9928,0.00084791,30.0,25.542678
85,1.03081,7.257067,0.305103,0.0,0.0,0.305103,0.0,0.0,0.0,0.0,0.0,0.0,0.0,0.0,0.0,0.0,0.0,0.0,0.0,0.0,0.0,0.0,0.0,0.0,0.0,0.0,0.0,0.0,0.0,0.0,0.0,0.0,320.0,1.0,20.7266369,0.9991,0.031835,0.9952,0.00084401,29.7,24.714463
86,1.025107,7.217847,0.303322,0.0,0.0,0.303322,0.0,0.0,0.0,0.0,0.0,0.0,0.0,0.0,0.0,0.0,0.0,0.0,0.0,0.0,0.0,0.0,0.0,0.0,0.0,0.0,0.0,0.0,0.0,0.0,0.0,0.0,320.0,1.0,20.78764881,0.9997,0.023681,0.9928,0.00084006,29.8,25.884217
87,1.040784,7.368275,0.303956,0.0,0.0,0.303956,0.0,0.0,0.0,0.0,0.0,0.0,0.0,0.0,0.0,0.0,0.0,0.0,0.0,0.0,0.0,0.0,0.0,0.0,0.0,0.0,0.0,0.0,0.0,0.0,0.0,0.0,320.0,1.0,20.67529762,0.999,0.036799,0.994,0.00083607,30.1,25.52819
88,1.023275,7.219326,0.301342,0.0,0.0,0.301342,0.0,0.0,0.0,0.0,0.0,0.0,0.0,0.0,0.0,0.0,0.0,0.0,0.0,0.0,0.0,0.0,0.0,0.0,0.0,0.0,0.0,0.0,0.0,0.0,0.0,0.0,320.0,1.0,20.82217262,0.9987,0.034337,0.9928,0.00083204,29.7,25.290603
89,1.002716,7.023201,0.300395,0.0,0.0,0.300395,0.0,0.0,0.0,0.0,0.0,0.0,0.0,0.0,0.0,0.0,0.0,0.0,0.0,0.0,0.0,0.0,0.0,0.0,0.0,0.0,0.0,0.0,0.0,0.0,0.0,0.0,320.0,1.0,21.03720238,0.9988,0.030034,0.9928,0.00082797,32.6,25.737166
90,1.003408,7.042655,0.299143,0.0,0.0,0.299143,0.0,0.0,0.0,0.0,0.0,0.0,0.0,0.0,0.0,0.0,0.0,0.0,0.0,0.0,0.0,0.0,0.0,0.0,0.0,0.0,0.0,0.0,0.0,0.0,0.0,0.0,320.0,1.0,20.99494048,0.9987,0.027889,0.9904,0.00082387,36.8,25.425198
91,0.997413,6.985518,0.298861,0.0,0.0,0.298861,0.0,0.0,0.0,0.0,0.0,0.0,0.0,0.0,0.0,0.0,0.0,0.0,0.0,0.0,0.0,0.0,0.0,0.0,0.0,0.0,0.0,0.0,0.0,0.0,0.0,0.0,320.0,1.0,21.06785714,0.9993,0.011402,0.9964,0.00081973,37.1,26.771783
92,0.97703,6.80713,0.296317,0.0,0.0,0.296317,0.0,0.0,0.0,0.0,0.0,0.0,0.0,0.0,0.0,0.0,0.0,0.0,0.0,0.0,0.0,0.0,0.0,0.0,0.0,0.0,0.0,0.0,0.0,0.0,0.0,0.0,320.0,1.0,21.23392857,0.9997,0.006051,0.9988,0.00081555,36.7,26.471965
93,0.976035,6.80203,0.295832,0.0,0.0,0.295832,0.0,0.0,0.0,0.0,0.0,0.0,0.0,0.0,0.0,0.0,0.0,0.0,0.0,0.0,0.0,0.0,0.0,0.0,0.0,0.0,0.0,0.0,0.0,0.0,0.0,0.0,320.0,1.0,21.26830357,0.9996,0.026902,0.9952,0.00081133,36.8,25.725193
94,0.951528,6.579173,0.293611,0.0,0.0,0.293611,0.0,0.0,0.0,0.0,0.0,0.0,0.0,0.0,0.0,0.0,0.0,0.0,0.0,0.0,0.0,0.0,0.0,0.0,0.0,0.0,0.0,0.0,0.0,0.0,0.0,0.0,320.0,1.0,21.47217262,0.9993,0.026891,0.9952,0.00080707,37.3,24.789291
95,0.962735,6.685936,0.294142,0.0,0.0,0.294142,0.0,0.0,0.0,0.0,0.0,0.0,0.0,0.0,0.0,0.0,0.0,0.0,0.0,0.0,0.0,0.0,0.0,0.0,0.0,0.0,0.0,0.0,0.0,0.0,0.0,0.0,320.0,1.0,21.38169643,0.9987,0.018088,0.994,0.00080278,36.8,27.124326
96,0.958956,6.641185,0.294837,0.0,0.0,0.294837,0.0,0.0,0.0,0.0,0.0,0.0,0.0,0.0,0.0,0.0,0.0,0.0,0.0,0.0,0.0,0.0,0.0,0.0,0.0,0.0,0.0,0.0,0.0,0.0,0.0,0.0,320.0,1.0,21.45967262,0.9997,0.006328,0.9988,0.00079846,37.2,28.057346
97,0.937463,6.461696,0.291293,0.0,0.0,0.291293,0.0,0.0,0.0,0.0,0.0,0.0,0.0,0.0,0.0,0.0,0.0,0.0,0.0,0.0,0.0,0.0,0.0,0.0,0.0,0.0,0.0,0.0,0.0,0.0,0.0,0.0,320.0,1.0,21.6108631,0.9993,0.014165,0.994,0.0007941,36.6,25.894143
98,0.950884,6.579734,0.292911,0.0,0.0,0.292911,0.0,0.0,0.0,0.0,0.0,0.0,0.0,0.0,0.0,0.0,0.0,0.0,0.0,0.0,0.0,0.0,0.0,0.0,0.0,0.0,0.0,0.0,0.0,0.0,0.0,0.0,320.0,1.0,21.49449405,0.9994,0.028571,0.9928,0.0007897,36.6,25.719707
99,0.929154,6.384441,0.29071,0.0,0.0,0.29071,0.0,0.0,0.0,0.0,0.0,0.0,0.0,0.0,0.0,0.0,0.0,0.0,0.0,0.0,0.0,0.0,0.0,0.0,0.0,0.0,0.0,0.0,0.0,0.0,0.0,0.0,320.0,1.0,21.70357143,0.9997,0.018975,0.9964,0.00078528,36.5,27.111185
100,0.912046,6.232766,0.288769,0.0,0.0,0.288769,0.0,0.0,0.0,0.0,0.0,0.0,0.0,0.0,0.0,0.0,0.0,0.0,0.0,0.0,0.0,0.0,0.0,0.0,0.0,0.0,0.0,0.0,0.0,0.0,0.0,0.0,320.0,1.0,21.84345238,0.9997,0.010678,0.9964,0.00078081,36.9,27.169422
101,0.894889,6.074542,0.287435,0.0,0.0,0.287435,0.0,0.0,0.0,0.0,0.0,0.0,0.0,0.0,0.0,0.0,0.0,0.0,0.0,0.0,0.0,0.0,0.0,0.0,0.0,0.0,0.0,0.0,0.0,0.0,0.0,0.0,320.0,1.0,22.01517857,0.9994,0.014278,0.9976,0.00077632,36.7,26.977675
102,0.892735,6.042347,0.2885,0.0,0.0,0.2885,0.0,0.0,0.0,0.0,0.0,0.0,0.0,0.0,0.0,0.0,0.0,0.0,0.0,0.0,0.0,0.0,0.0,0.0,0.0,0.0,0.0,0.0,0.0,0.0,0.0,0.0,320.0,1.0,22.03616071,0.9993,0.009794,0.9988,0.00077179,36.7,27.610364
103,0.895473,6.082459,0.287227,0.0,0.0,0.287227,0.0,0.0,0.0,0.0,0.0,0.0,0.0,0.0,0.0,0.0,0.0,0.0,0.0,0.0,0.0,0.0,0.0,0.0,0.0,0.0,0.0,0.0,0.0,0.0,0.0,0.0,320.0,1.0,22.0202381,0.9996,0.006553,0.9964,0.00076723,36.8,27.58762
104,0.878533,5.924598,0.286073,0.0,0.0,0.286073,0.0,0.0,0.0,0.0,0.0,0.0,0.0,0.0,0.0,0.0,0.0,0.0,0.0,0.0,0.0,0.0,0.0,0.0,0.0,0.0,0.0,0.0,0.0,0.0,0.0,0.0,320.0,1.0,22.19434524,0.9994,0.022577,0.994,0.00076264,36.6,27.172422
105,0.871168,5.869185,0.28425,0.0,0.0,0.28425,0.0,0.0,0.0,0.0,0.0,0.0,0.0,0.0,0.0,0.0,0.0,0.0,0.0,0.0,0.0,0.0,0.0,0.0,0.0,0.0,0.0,0.0,0.0,0.0,0.0,0.0,320.0,1.0,22.25029762,0.9996,0.018777,0.994,0.00075802,36.9,26.851292
106,0.873261,5.877928,0.285468,0.0,0.0,0.285468,0.0,0.0,0.0,0.0,0.0,0.0,0.0,0.0,0.0,0.0,0.0,0.0,0.0,0.0,0.0,0.0,0.0,0.0,0.0,0.0,0.0,0.0,0.0,0.0,0.0,0.0,320.0,1.0,22.25223214,0.9996,0.041175,0.9916,0.00075337,36.7,27.269656
107,0.86305,5.796937,0.283357,0.0,0.0,0.283357,0.0,0.0,0.0,0.0,0.0,0.0,0.0,0.0,0.0,0.0,0.0,0.0,0.0,0.0,0.0,0.0,0.0,0.0,0.0,0.0,0.0,0.0,0.0,0.0,0.0,0.0,320.0,1.0,22.32053571,0.9996,0.006711,0.9976,0.00074869,36.7,29.023499
108,0.845624,5.642054,0.281419,0.0,0.0,0.281419,0.0,0.0,0.0,0.0,0.0,0.0,0.0,0.0,0.0,0.0,0.0,0.0,0.0,0.0,0.0,0.0,0.0,0.0,0.0,0.0,0.0,0.0,0.0,0.0,0.0,0.0,320.0,1.0,22.48229167,0.9999,0.008637,0.9988,0.00074398,36.7,27.159588
109,0.852555,5.698114,0.282744,0.0,0.0,0.282744,0.0,0.0,0.0,0.0,0.0,0.0,0.0,0.0,0.0,0.0,0.0,0.0,0.0,0.0,0.0,0.0,0.0,0.0,0.0,0.0,0.0,0.0,0.0,0.0,0.0,0.0,320.0,1.0,22.41532738,0.9996,0.009476,0.9952,0.00073924,36.3,27.902445
110,0.845825,5.644633,0.281362,0.0,0.0,0.281362,0.0,0.0,0.0,0.0,0.0,0.0,0.0,0.0,0.0,0.0,0.0,0.0,0.0,0.0,0.0,0.0,0.0,0.0,0.0,0.0,0.0,0.0,0.0,0.0,0.0,0.0,320.0,1.0,22.49389881,0.9997,0.006126,0.9976,0.00073447,36.7,28.106566
111,0.846426,5.644248,0.282001,0.0,0.0,0.282001,0.0,0.0,0.0,0.0,0.0,0.0,0.0,0.0,0.0,0.0,0.0,0.0,0.0,0.0,0.0,0.0,0.0,0.0,0.0,0.0,0.0,0.0,0.0,0.0,0.0,0.0,320.0,1.0,22.52142857,0.9996,0.013419,0.9964,0.00072968,36.4,28.304797
112,0.826992,5.472086,0.279784,0.0,0.0,0.279784,0.0,0.0,0.0,0.0,0.0,0.0,0.0,0.0,0.0,0.0,0.0,0.0,0.0,0.0,0.0,0.0,0.0,0.0,0.0,0.0,0.0,0.0,0.0,0.0,0.0,0.0,320.0,1.0,22.69404762,0.9999,0.004722,0.9976,0.00072485,37.0,28.629504
113,0.829799,5.503285,0.27947,0.0,0.0,0.27947,0.0,0.0,0.0,0.0,0.0,0.0,0.0,0.0,0.0,0.0,0.0,0.0,0.0,0.0,0.0,0.0,0.0,0.0,0.0,0.0,0.0,0.0,0.0,0.0,0.0,0.0,320.0,1.0,22.65223214,0.9997,0.007471,0.9988,0.00072001,36.7,27.373136
114,0.822425,5.43719,0.278706,0.0,0.0,0.278706,0.0,0.0,0.0,0.0,0.0,0.0,0.0,0.0,0.0,0.0,0.0,0.0,0.0,0.0,0.0,0.0,0.0,0.0,0.0,0.0,0.0,0.0,0.0,0.0,0.0,0.0,320.0,1.0,22.72247024,0.9999,0.014991,0.9952,0.00071513,36.5,28.405799
115,0.811417,5.339915,0.277425,0.0,0.0,0.277425,0.0,0.0,0.0,0.0,0.0,0.0,0.0,0.0,0.0,0.0,0.0,0.0,0.0,0.0,0.0,0.0,0.0,0.0,0.0,0.0,0.0,0.0,0.0,0.0,0.0,0.0,320.0,1.0,22.87589286,0.9996,0.016145,0.9976,0.00071023,36.7,28.256084
116,0.807276,5.308008,0.276476,0.0,0.0,0.276476,0.0,0.0,0.0,0.0,0.0,0.0,0.0,0.0,0.0,0.0,0.0,0.0,0.0,0.0,0.0,0.0,0.0,0.0,0.0,0.0,0.0,0.0,0.0,0.0,0.0,0.0,320.0,1.0,22.865625,0.9996,0.000219,1.0,0.00070531,36.6,28.926832
117,0.793788,5.178867,0.275901,0.0,0.0,0.275901,0.0,0.0,0.0,0.0,0.0,0.0,0.0,0.0,0.0,0.0,0.0,0.0,0.0,0.0,0.0,0.0,0.0,0.0,0.0,0.0,0.0,0.0,0.0,0.0,0.0,0.0,320.0,1.0,22.99583333,0.9997,0.014939,0.994,0.00070036,36.3,27.371874
118,0.802618,5.266653,0.275953,0.0,0.0,0.275953,0.0,0.0,0.0,0.0,0.0,0.0,0.0,0.0,0.0,0.0,0.0,0.0,0.0,0.0,0.0,0.0,0.0,0.0,0.0,0.0,0.0,0.0,0.0,0.0,0.0,0.0,320.0,1.0,22.9264881,0.9997,0.003497,0.9988,0.00069539,36.3,28.746978
119,0.786124,5.116284,0.274496,0.0,0.0,0.274496,0.0,0.0,0.0,0.0,0.0,0.0,0.0,0.0,0.0,0.0,0.0,0.0,0.0,0.0,0.0,0.0,0.0,0.0,0.0,0.0,0.0,0.0,0.0,0.0,0.0,0.0,320.0,1.0,23.07202381,0.9997,0.010046,0.9964,0.0006904,36.4,28.131568
120,0.776321,5.015644,0.274756,0.0,0.0,0.274756,0.0,0.0,0.0,0.0,0.0,0.0,0.0,0.0,0.0,0.0,0.0,0.0,0.0,0.0,0.0,0.0,0.0,0.0,0.0,0.0,0.0,0.0,0.0,0.0,0.0,0.0,320.0,1.0,23.18645833,0.9997,0.015858,0.9952,0.00068538,36.4,27.099583
121,0.782289,5.081614,0.274128,0.0,0.0,0.274128,0.0,0.0,0.0,0.0,0.0,0.0,0.0,0.0,0.0,0.0,0.0,0.0,0.0,0.0,0.0,0.0,0.0,0.0,0.0,0.0,0.0,0.0,0.0,0.0,0.0,0.0,320.0,1.0,23.14017857,0.9994,0.017968,0.9964,0.00068035,36.5,28.006886
122,0.786697,5.137637,0.272933,0.0,0.0,0.272933,0.0,0.0,0.0,0.0,0.0,0.0,0.0,0.0,0.0,0.0,0.0,0.0,0.0,0.0,0.0,0.0,0.0,0.0,0.0,0.0,0.0,0.0,0.0,0.0,0.0,0.0,320.0,1.0,23.11681548,0.9997,0.002421,0.9988,0.00067529,36.7,29.154303
123,0.762822,4.899565,0.272866,0.0,0.0,0.272866,0.0,0.0,0.0,0.0,0.0,0.0,0.0,0.0,0.0,0.0,0.0,0.0,0.0,0.0,0.0,0.0,0.0,0.0,0.0,0.0,0.0,0.0,0.0,0.0,0.0,0.0,320.0,1.0,23.34464286,0.9996,0.001746,0.9988,0.00067021,36.9,29.635385
124,0.752027,4.809244,0.271103,0.0,0.0,0.271103,0.0,0.0,0.0,0.0,0.0,0.0,0.0,0.0,0.0,0.0,0.0,0.0,0.0,0.0,0.0,0.0,0.0,0.0,0.0,0.0,0.0,0.0,0.0,0.0,0.0,0.0,320.0,1.0,23.44255952,0.9997,0.007533,0.9976,0.00066511,33.9,28.784187
125,0.763124,4.91525,0.271599,0.0,0.0,0.271599,0.0,0.0,0.0,0.0,0.0,0.0,0.0,0.0,0.0,0.0,0.0,0.0,0.0,0.0,0.0,0.0,0.0,0.0,0.0,0.0,0.0,0.0,0.0,0.0,0.0,0.0,320.0,1.0,23.35089286,0.9997,0.007841,0.9976,0.00065999,34.1,29.4558
126,0.757653,4.858282,0.271825,0.0,0.0,0.271825,0.0,0.0,0.0,0.0,0.0,0.0,0.0,0.0,0.0,0.0,0.0,0.0,0.0,0.0,0.0,0.0,0.0,0.0,0.0,0.0,0.0,0.0,0.0,0.0,0.0,0.0,320.0,1.0,23.38735119,0.9999,0.003672,0.9988,0.00065485,34.1,28.719703
127,0.738591,4.688628,0.269728,0.0,0.0,0.269728,0.0,0.0,0.0,0.0,0.0,0.0,0.0,0.0,0.0,0.0,0.0,0.0,0.0,0.0,0.0,0.0,0.0,0.0,0.0,0.0,0.0,0.0,0.0,0.0,0.0,0.0,320.0,1.0,23.56011905,0.9997,0.002766,0.9988,0.0006497,33.3,29.446073
128,0.74619,4.769077,0.269282,0.0,0.0,0.269282,0.0,0.0,0.0,0.0,0.0,0.0,0.0,0.0,0.0,0.0,0.0,0.0,0.0,0.0,0.0,0.0,0.0,0.0,0.0,0.0,0.0,0.0,0.0,0.0,0.0,0.0,320.0,1.0,23.48660714,0.9999,0.011656,0.9964,0.00064453,33.9,28.772254
129,0.738391,4.701584,0.268233,0.0,0.0,0.268233,0.0,0.0,0.0,0.0,0.0,0.0,0.0,0.0,0.0,0.0,0.0,0.0,0.0,0.0,0.0,0.0,0.0,0.0,0.0,0.0,0.0,0.0,0.0,0.0,0.0,0.0,320.0,1.0,23.58973214,0.9997,0.008616,0.9964,0.00063934,34.1,29.556726
130,0.733287,4.649409,0.268346,0.0,0.0,0.268346,0.0,0.0,0.0,0.0,0.0,0.0,0.0,0.0,0.0,0.0,0.0,0.0,0.0,0.0,0.0,0.0,0.0,0.0,0.0,0.0,0.0,0.0,0.0,0.0,0.0,0.0,320.0,1.0,23.62767857,0.9999,0.001328,0.9988,0.00063413,34.1,29.98822
131,0.735272,4.679865,0.267286,0.0,0.0,0.267286,0.0,0.0,0.0,0.0,0.0,0.0,0.0,0.0,0.0,0.0,0.0,0.0,0.0,0.0,0.0,0.0,0.0,0.0,0.0,0.0,0.0,0.0,0.0,0.0,0.0,0.0,320.0,1.0,23.62886905,0.9999,0.003676,0.9988,0.00062891,34.1,29.745091
132,0.729898,4.627373,0.26716,0.0,0.0,0.26716,0.0,0.0,0.0,0.0,0.0,0.0,0.0,0.0,0.0,0.0,0.0,0.0,0.0,0.0,0.0,0.0,0.0,0.0,0.0,0.0,0.0,0.0,0.0,0.0,0.0,0.0,320.0,1.0,23.68809524,0.9999,0.004865,0.9976,0.00062367,34.1,28.937682
133,0.71312,4.467985,0.266321,0.0,0.0,0.266321,0.0,0.0,0.0,0.0,0.0,0.0,0.0,0.0,0.0,0.0,0.0,0.0,0.0,0.0,0.0,0.0,0.0,0.0,0.0,0.0,0.0,0.0,0.0,0.0,0.0,0.0,320.0,1.0,23.85565476,0.9999,0.009035,0.9976,0.00061842,33.8,29.886294
134,0.712843,4.465491,0.266294,0.0,0.0,0.266294,0.0,0.0,0.0,0.0,0.0,0.0,0.0,0.0,0.0,0.0,0.0,0.0,0.0,0.0,0.0,0.0,0.0,0.0,0.0,0.0,0.0,0.0,0.0,0.0,0.0,0.0,320.0,1.0,23.84717262,0.9999,0.003266,0.9988,0.00061316,33.6,29.001731
135,0.711296,4.460625,0.265233,0.0,0.0,0.265233,0.0,0.0,0.0,0.0,0.0,0.0,0.0,0.0,0.0,0.0,0.0,0.0,0.0,0.0,0.0,0.0,0.0,0.0,0.0,0.0,0.0,0.0,0.0,0.0,0.0,0.0,320.0,1.0,23.85744048,0.9999,0.006972,0.9976,0.00060788,34.0,29.260634
136,0.689737,4.252989,0.264439,0.0,0.0,0.264439,0.0,0.0,0.0,0.0,0.0,0.0,0.0,0.0,0.0,0.0,0.0,0.0,0.0,0.0,0.0,0.0,0.0,0.0,0.0,0.0,0.0,0.0,0.0,0.0,0.0,0.0,320.0,1.0,24.0921131,0.9999,0.001429,0.9988,0.00060259,33.4,30.160819
137,0.695132,4.310917,0.26404,0.0,0.0,0.26404,0.0,0.0,0.0,0.0,0.0,0.0,0.0,0.0,0.0,0.0,0.0,0.0,0.0,0.0,0.0,0.0,0.0,0.0,0.0,0.0,0.0,0.0,0.0,0.0,0.0,0.0,320.0,1.0,24.00639881,0.9999,0.005094,0.9976,0.00059728,33.7,29.184254
138,0.685452,4.218913,0.26356,0.0,0.0,0.26356,0.0,0.0,0.0,0.0,0.0,0.0,0.0,0.0,0.0,0.0,0.0,0.0,0.0,0.0,0.0,0.0,0.0,0.0,0.0,0.0,0.0,0.0,0.0,0.0,0.0,0.0,320.0,1.0,24.13467262,0.9999,0.007145,0.9976,0.00059197,33.7,30.203618
139,0.690569,4.261335,0.264435,0.0,0.0,0.264435,0.0,0.0,0.0,0.0,0.0,0.0,0.0,0.0,0.0,0.0,0.0,0.0,0.0,0.0,0.0,0.0,0.0,0.0,0.0,0.0,0.0,0.0,0.0,0.0,0.0,0.0,320.0,1.0,24.08392857,0.9999,0.005794,0.9976,0.00058665,33.6,28.974513
140,0.681708,4.186571,0.263051,0.0,0.0,0.263051,0.0,0.0,0.0,0.0,0.0,0.0,0.0,0.0,0.0,0.0,0.0,0.0,0.0,0.0,0.0,0.0,0.0,0.0,0.0,0.0,0.0,0.0,0.0,0.0,0.0,0.0,320.0,1.0,24.18095238,0.9999,0.008827,0.9976,0.00058131,33.4,29.584516
141,0.68909,4.252226,0.263867,0.0,0.0,0.263867,0.0,0.0,0.0,0.0,0.0,0.0,0.0,0.0,0.0,0.0,0.0,0.0,0.0,0.0,0.0,0.0,0.0,0.0,0.0,0.0,0.0,0.0,0.0,0.0,0.0,0.0,320.0,1.0,24.14508929,0.9999,0.00314,0.9988,0.00057597,33.2,30.236533
142,0.677187,4.148967,0.262291,0.0,0.0,0.262291,0.0,0.0,0.0,0.0,0.0,0.0,0.0,0.0,0.0,0.0,0.0,0.0,0.0,0.0,0.0,0.0,0.0,0.0,0.0,0.0,0.0,0.0,0.0,0.0,0.0,0.0,320.0,1.0,24.22604167,0.9999,0.000127,1.0,0.00057061,33.0,30.403102
143,0.676225,4.143651,0.26186,0.0,0.0,0.26186,0.0,0.0,0.0,0.0,0.0,0.0,0.0,0.0,0.0,0.0,0.0,0.0,0.0,0.0,0.0,0.0,0.0,0.0,0.0,0.0,0.0,0.0,0.0,0.0,0.0,0.0,320.0,1.0,24.26607143,0.9996,0.00023,1.0,0.00056525,33.4,30.521539
144,0.675385,4.131908,0.262194,0.0,0.0,0.262194,0.0,0.0,0.0,0.0,0.0,0.0,0.0,0.0,0.0,0.0,0.0,0.0,0.0,0.0,0.0,0.0,0.0,0.0,0.0,0.0,0.0,0.0,0.0,0.0,0.0,0.0,320.0,1.0,24.24032738,0.9997,0.011549,0.9976,0.00055988,33.2,29.229725
145,0.668987,4.083349,0.260652,0.0,0.0,0.260652,0.0,0.0,0.0,0.0,0.0,0.0,0.0,0.0,0.0,0.0,0.0,0.0,0.0,0.0,0.0,0.0,0.0,0.0,0.0,0.0,0.0,0.0,0.0,0.0,0.0,0.0,320.0,1.0,24.27321429,0.9999,0.002306,0.9988,0.00055451,33.6,30.533094
146,0.663175,4.025567,0.260618,0.0,0.0,0.260618,0.0,0.0,0.0,0.0,0.0,0.0,0.0,0.0,0.0,0.0,0.0,0.0,0.0,0.0,0.0,0.0,0.0,0.0,0.0,0.0,0.0,0.0,0.0,0.0,0.0,0.0,320.0,1.0,24.38690476,0.9999,0.004014,0.9988,0.00054912,33.4,30.642057
147,0.64708,3.882637,0.258817,0.0,0.0,0.258817,0.0,0.0,0.0,0.0,0.0,0.0,0.0,0.0,0.0,0.0,0.0,0.0,0.0,0.0,0.0,0.0,0.0,0.0,0.0,0.0,0.0,0.0,0.0,0.0,0.0,0.0,320.0,1.0,24.56145833,0.9999,0.001528,1.0,0.00054373,33.3,30.258469
148,0.659023,3.992333,0.259789,0.0,0.0,0.259789,0.0,0.0,0.0,0.0,0.0,0.0,0.0,0.0,0.0,0.0,0.0,0.0,0.0,0.0,0.0,0.0,0.0,0.0,0.0,0.0,0.0,0.0,0.0,0.0,0.0,0.0,320.0,1.0,24.4360119,0.9999,0.003339,0.9988,0.00053834,34.2,30.640585
149,0.646864,3.880726,0.258791,0.0,0.0,0.258791,0.0,0.0,0.0,0.0,0.0,0.0,0.0,0.0,0.0,0.0,0.0,0.0,0.0,0.0,0.0,0.0,0.0,0.0,0.0,0.0,0.0,0.0,0.0,0.0,0.0,0.0,320.0,1.0,24.54717262,0.9999,0.002189,1.0,0.00053294,33.9,29.595249
150,0.643767,3.859212,0.257846,0.0,0.0,0.257846,0.0,0.0,0.0,0.0,0.0,0.0,0.0,0.0,0.0,0.0,0.0,0.0,0.0,0.0,0.0,0.0,0.0,0.0,0.0,0.0,0.0,0.0,0.0,0.0,0.0,0.0,320.0,1.0,24.57142857,0.9999,0.005724,0.9976,0.00052754,33.6,30.927135
151,0.64626,3.885633,0.257697,0.0,0.0,0.257697,0.0,0.0,0.0,0.0,0.0,0.0,0.0,0.0,0.0,0.0,0.0,0.0,0.0,0.0,0.0,0.0,0.0,0.0,0.0,0.0,0.0,0.0,0.0,0.0,0.0,0.0,320.0,1.0,24.57321429,0.9999,0.007694,0.9964,0.00052214,33.4,29.392862
152,0.645317,3.874927,0.257824,0.0,0.0,0.257824,0.0,0.0,0.0,0.0,0.0,0.0,0.0,0.0,0.0,0.0,0.0,0.0,0.0,0.0,0.0,0.0,0.0,0.0,0.0,0.0,0.0,0.0,0.0,0.0,0.0,0.0,320.0,1.0,24.56651786,0.9999,0.005604,0.9988,0.00051673,33.3,30.780331
153,0.62939,3.735258,0.255864,0.0,0.0,0.255864,0.0,0.0,0.0,0.0,0.0,0.0,0.0,0.0,0.0,0.0,0.0,0.0,0.0,0.0,0.0,0.0,0.0,0.0,0.0,0.0,0.0,0.0,0.0,0.0,0.0,0.0,320.0,1.0,24.75714286,0.9999,0.002345,0.9988,0.00051132,33.9,30.787587
154,0.634696,3.779735,0.256723,0.0,0.0,0.256723,0.0,0.0,0.0,0.0,0.0,0.0,0.0,0.0,0.0,0.0,0.0,0.0,0.0,0.0,0.0,0.0,0.0,0.0,0.0,0.0,0.0,0.0,0.0,0.0,0.0,0.0,320.0,1.0,24.66190476,0.9999,0.001823,0.9988,0.00050591,33.8,30.889105
155,0.617892,3.621673,0.255725,0.0,0.0,0.255725,0.0,0.0,0.0,0.0,0.0,0.0,0.0,0.0,0.0,0.0,0.0,0.0,0.0,0.0,0.0,0.0,0.0,0.0,0.0,0.0,0.0,0.0,0.0,0.0,0.0,0.0,320.0,1.0,24.8264881,0.9999,0.005935,0.9976,0.0005005,33.2,31.103102
156,0.634722,3.79448,0.255274,0.0,0.0,0.255274,0.0,0.0,0.0,0.0,0.0,0.0,0.0,0.0,0.0,0.0,0.0,0.0,0.0,0.0,0.0,0.0,0.0,0.0,0.0,0.0,0.0,0.0,0.0,0.0,0.0,0.0,320.0,1.0,24.66354167,0.9999,0.005278,0.9988,0.00049509,33.4,30.900572
157,0.61184,3.579961,0.253844,0.0,0.0,0.253844,0.0,0.0,0.0,0.0,0.0,0.0,0.0,0.0,0.0,0.0,0.0,0.0,0.0,0.0,0.0,0.0,0.0,0.0,0.0,0.0,0.0,0.0,0.0,0.0,0.0,0.0,320.0,1.0,24.94285714,0.9999,0.001553,0.9988,0.00048968,33.4,31.298817
158,0.6079,3.543592,0.253541,0.0,0.0,0.253541,0.0,0.0,0.0,0.0,0.0,0.0,0.0,0.0,0.0,0.0,0.0,0.0,0.0,0.0,0.0,0.0,0.0,0.0,0.0,0.0,0.0,0.0,0.0,0.0,0.0,0.0,320.0,1.0,24.99598214,0.9999,0.006836,0.9976,0.00048427,33.7,31.400869
159,0.616377,3.611026,0.255274,0.0,0.0,0.255274,0.0,0.0,0.0,0.0,0.0,0.0,0.0,0.0,0.0,0.0,0.0,0.0,0.0,0.0,0.0,0.0,0.0,0.0,0.0,0.0,0.0,0.0,0.0,0.0,0.0,0.0,320.0,1.0,24.90684524,0.9999,0.01381,0.9976,0.00047886,33.9,30.605182
160,0.623118,3.677838,0.255334,0.0,0.0,0.255334,0.0,0.0,0.0,0.0,0.0,0.0,0.0,0.0,0.0,0.0,0.0,0.0,0.0,0.0,0.0,0.0,0.0,0.0,0.0,0.0,0.0,0.0,0.0,0.0,0.0,0.0,320.0,1.0,24.79479167,0.9999,0.001746,0.9988,0.00047346,33.9,30.753407
161,0.606235,3.528354,0.2534,0.0,0.0,0.2534,0.0,0.0,0.0,0.0,0.0,0.0,0.0,0.0,0.0,0.0,0.0,0.0,0.0,0.0,0.0,0.0,0.0,0.0,0.0,0.0,0.0,0.0,0.0,0.0,0.0,0.0,320.0,1.0,24.98839286,0.9999,0.002581,0.9988,0.00046806,34.1,30.945822
162,0.609432,3.55921,0.253511,0.0,0.0,0.253511,0.0,0.0,0.0,0.0,0.0,0.0,0.0,0.0,0.0,0.0,0.0,0.0,0.0,0.0,0.0,0.0,0.0,0.0,0.0,0.0,0.0,0.0,0.0,0.0,0.0,0.0,320.0,1.0,24.98988095,0.9997,0.008599,0.9988,0.00046266,33.6,31.06688
163,0.601851,3.492297,0.252621,0.0,0.0,0.252621,0.0,0.0,0.0,0.0,0.0,0.0,0.0,0.0,0.0,0.0,0.0,0.0,0.0,0.0,0.0,0.0,0.0,0.0,0.0,0.0,0.0,0.0,0.0,0.0,0.0,0.0,320.0,1.0,25.03764881,0.9999,0.00844,0.9988,0.00045727,33.7,31.056774
164,0.594728,3.4311,0.251618,0.0,0.0,0.251618,0.0,0.0,0.0,0.0,0.0,0.0,0.0,0.0,0.0,0.0,0.0,0.0,0.0,0.0,0.0,0.0,0.0,0.0,0.0,0.0,0.0,0.0,0.0,0.0,0.0,0.0,320.0,1.0,25.09747024,0.9999,0.00479,0.9988,0.00045188,33.6,31.058319
165,0.596928,3.462831,0.250644,0.0,0.0,0.250644,0.0,0.0,0.0,0.0,0.0,0.0,0.0,0.0,0.0,0.0,0.0,0.0,0.0,0.0,0.0,0.0,0.0,0.0,0.0,0.0,0.0,0.0,0.0,0.0,0.0,0.0,320.0,1.0,25.09464286,0.9999,0.008434,0.9976,0.00044649,34.2,31.244659
166,0.579175,3.29063,0.250112,0.0,0.0,0.250112,0.0,0.0,0.0,0.0,0.0,0.0,0.0,0.0,0.0,0.0,0.0,0.0,0.0,0.0,0.0,0.0,0.0,0.0,0.0,0.0,0.0,0.0,0.0,0.0,0.0,0.0,320.0,1.0,25.29702381,0.9999,0.007814,0.9988,0.00044112,34.1,31.683372
167,0.58255,3.326512,0.249899,0.0,0.0,0.249899,0.0,0.0,0.0,0.0,0.0,0.0,0.0,0.0,0.0,0.0,0.0,0.0,0.0,0.0,0.0,0.0,0.0,0.0,0.0,0.0,0.0,0.0,0.0,0.0,0.0,0.0,320.0,1.0,25.25669643,0.9999,0.000561,1.0,0.00043575,34.4,31.88917
168,0.581838,3.321113,0.249727,0.0,0.0,0.249727,0.0,0.0,0.0,0.0,0.0,0.0,0.0,0.0,0.0,0.0,0.0,0.0,0.0,0.0,0.0,0.0,0.0,0.0,0.0,0.0,0.0,0.0,0.0,0.0,0.0,0.0,320.0,1.0,25.27395833,0.9999,0.007943,0.9988,0.00043039,33.7,32.014836
169,0.576754,3.277188,0.249035,0.0,0.0,0.249035,0.0,0.0,0.0,0.0,0.0,0.0,0.0,0.0,0.0,0.0,0.0,0.0,0.0,0.0,0.0,0.0,0.0,0.0,0.0,0.0,0.0,0.0,0.0,0.0,0.0,0.0,320.0,1.0,25.328125,0.9999,0.004978,0.9988,0.00042503,34.0,31.346868
170,0.570437,3.214297,0.249007,0.0,0.0,0.249007,0.0,0.0,0.0,0.0,0.0,0.0,0.0,0.0,0.0,0.0,0.0,0.0,0.0,0.0,0.0,0.0,0.0,0.0,0.0,0.0,0.0,0.0,0.0,0.0,0.0,0.0,320.0,1.0,25.346875,0.9999,0.007351,0.9988,0.00041969,33.5,31.410119
171,0.566338,3.183061,0.248031,0.0,0.0,0.248031,0.0,0.0,0.0,0.0,0.0,0.0,0.0,0.0,0.0,0.0,0.0,0.0,0.0,0.0,0.0,0.0,0.0,0.0,0.0,0.0,0.0,0.0,0.0,0.0,0.0,0.0,320.0,1.0,25.44032738,0.9999,0.003949,0.9988,0.00041435,32.8,31.690642
172,0.563319,3.157465,0.247572,0.0,0.0,0.247572,0.0,0.0,0.0,0.0,0.0,0.0,0.0,0.0,0.0,0.0,0.0,0.0,0.0,0.0,0.0,0.0,0.0,0.0,0.0,0.0,0.0,0.0,0.0,0.0,0.0,0.0,320.0,1.0,25.48571429,0.9999,0.004769,0.9988,0.00040903,33.4,31.822346
173,0.565023,3.1793,0.247093,0.0,0.0,0.247093,0.0,0.0,0.0,0.0,0.0,0.0,0.0,0.0,0.0,0.0,0.0,0.0,0.0,0.0,0.0,0.0,0.0,0.0,0.0,0.0,0.0,0.0,0.0,0.0,0.0,0.0,320.0,1.0,25.43809524,0.9999,0.005865,0.9988,0.00040372,33.3,31.996692
174,0.560411,3.122628,0.248148,0.0,0.0,0.248148,0.0,0.0,0.0,0.0,0.0,0.0,0.0,0.0,0.0,0.0,0.0,0.0,0.0,0.0,0.0,0.0,0.0,0.0,0.0,0.0,0.0,0.0,0.0,0.0,0.0,0.0,320.0,1.0,25.5296131,0.9999,0.010002,0.9988,0.00039841,33.0,31.903971
175,0.562801,3.148635,0.247938,0.0,0.0,0.247938,0.0,0.0,0.0,0.0,0.0,0.0,0.0,0.0,0.0,0.0,0.0,0.0,0.0,0.0,0.0,0.0,0.0,0.0,0.0,0.0,0.0,0.0,0.0,0.0,0.0,0.0,320.0,1.0,25.5110119,0.9999,0.00451,0.9988,0.00039312,33.5,31.91144
176,0.559979,3.12157,0.247822,0.0,0.0,0.247822,0.0,0.0,0.0,0.0,0.0,0.0,0.0,0.0,0.0,0.0,0.0,0.0,0.0,0.0,0.0,0.0,0.0,0.0,0.0,0.0,0.0,0.0,0.0,0.0,0.0,0.0,320.0,1.0,25.54568452,0.9999,0.00549,0.9988,0.00038784,33.3,32.172169
177,0.552793,3.064526,0.246341,0.0,0.0,0.246341,0.0,0.0,0.0,0.0,0.0,0.0,0.0,0.0,0.0,0.0,0.0,0.0,0.0,0.0,0.0,0.0,0.0,0.0,0.0,0.0,0.0,0.0,0.0,0.0,0.0,0.0,320.0,1.0,25.62440476,0.9999,0.003562,0.9988,0.00038258,33.9,31.985351
178,0.553633,3.087136,0.24492,0.0,0.0,0.24492,0.0,0.0,0.0,0.0,0.0,0.0,0.0,0.0,0.0,0.0,0.0,0.0,0.0,0.0,0.0,0.0,0.0,0.0,0.0,0.0,0.0,0.0,0.0,0.0,0.0,0.0,320.0,1.0,25.61279762,0.9999,0.006715,0.9988,0.00037733,33.9,31.661907
179,0.535621,2.903821,0.245239,0.0,0.0,0.245239,0.0,0.0,0.0,0.0,0.0,0.0,0.0,0.0,0.0,0.0,0.0,0.0,0.0,0.0,0.0,0.0,0.0,0.0,0.0,0.0,0.0,0.0,0.0,0.0,0.0,0.0,320.0,1.0,25.82261905,0.9999,0.004164,0.9988,0.00037209,33.2,32.205085
180,0.546692,3.012452,0.245446,0.0,0.0,0.245446,0.0,0.0,0.0,0.0,0.0,0.0,0.0,0.0,0.0,0.0,0.0,0.0,0.0,0.0,0.0,0.0,0.0,0.0,0.0,0.0,0.0,0.0,0.0,0.0,0.0,0.0,320.0,1.0,25.70625,0.9999,0.005959,0.9988,0.00036687,33.7,32.093796
181,0.549648,3.041552,0.245493,0.0,0.0,0.245493,0.0,0.0,0.0,0.0,0.0,0.0,0.0,0.0,0.0,0.0,0.0,0.0,0.0,0.0,0.0,0.0,0.0,0.0,0.0,0.0,0.0,0.0,0.0,0.0,0.0,0.0,320.0,1.0,25.61577381,0.9999,0.006258,0.9988,0.00036166,33.9,32.011779
182,0.530244,2.86434,0.24381,0.0,0.0,0.24381,0.0,0.0,0.0,0.0,0.0,0.0,0.0,0.0,0.0,0.0,0.0,0.0,0.0,0.0,0.0,0.0,0.0,0.0,0.0,0.0,0.0,0.0,0.0,0.0,0.0,0.0,320.0,1.0,25.878125,0.9999,0.009958,0.9988,0.00035647,33.8,32.028524
183,0.543296,2.994926,0.243804,0.0,0.0,0.243804,0.0,0.0,0.0,0.0,0.0,0.0,0.0,0.0,0.0,0.0,0.0,0.0,0.0,0.0,0.0,0.0,0.0,0.0,0.0,0.0,0.0,0.0,0.0,0.0,0.0,0.0,320.0,1.0,25.73392857,0.9999,0.002726,0.9976,0.0003513,34.0,32.038858
184,0.535694,2.919552,0.243739,0.0,0.0,0.243739,0.0,0.0,0.0,0.0,0.0,0.0,0.0,0.0,0.0,0.0,0.0,0.0,0.0,0.0,0.0,0.0,0.0,0.0,0.0,0.0,0.0,0.0,0.0,0.0,0.0,0.0,320.0,1.0,25.80967262,0.9999,0.000798,1.0,0.00034615,33.5,32.195614
185,0.530595,2.873416,0.243253,0.0,0.0,0.243253,0.0,0.0,0.0,0.0,0.0,0.0,0.0,0.0,0.0,0.0,0.0,0.0,0.0,0.0,0.0,0.0,0.0,0.0,0.0,0.0,0.0,0.0,0.0,0.0,0.0,0.0,320.0,1.0,25.8203869,0.9999,0.004045,0.9976,0.00034101,33.4,32.509029
186,0.525491,2.827472,0.242743,0.0,0.0,0.242743,0.0,0.0,0.0,0.0,0.0,0.0,0.0,0.0,0.0,0.0,0.0,0.0,0.0,0.0,0.0,0.0,0.0,0.0,0.0,0.0,0.0,0.0,0.0,0.0,0.0,0.0,320.0,1.0,25.92693452,0.9999,0.00438,0.9988,0.00033589,34.0,32.09173
187,0.52679,2.847489,0.242041,0.0,0.0,0.242041,0.0,0.0,0.0,0.0,0.0,0.0,0.0,0.0,0.0,0.0,0.0,0.0,0.0,0.0,0.0,0.0,0.0,0.0,0.0,0.0,0.0,0.0,0.0,0.0,0.0,0.0,320.0,1.0,25.92202381,0.9999,0.002129,0.9988,0.00033079,34.5,32.572498
188,0.523125,2.805297,0.242596,0.0,0.0,0.242596,0.0,0.0,0.0,0.0,0.0,0.0,0.0,0.0,0.0,0.0,0.0,0.0,0.0,0.0,0.0,0.0,0.0,0.0,0.0,0.0,0.0,0.0,0.0,0.0,0.0,0.0,320.0,1.0,25.93735119,0.9999,0.001419,0.9988,0.00032571,34.0,32.795246
189,0.517727,2.763956,0.241332,0.0,0.0,0.241332,0.0,0.0,0.0,0.0,0.0,0.0,0.0,0.0,0.0,0.0,0.0,0.0,0.0,0.0,0.0,0.0,0.0,0.0,0.0,0.0,0.0,0.0,0.0,0.0,0.0,0.0,320.0,1.0,26.02217262,0.9999,0.00605,0.9988,0.00032065,32.7,32.245995
190,0.515858,2.748445,0.241013,0.0,0.0,0.241013,0.0,0.0,0.0,0.0,0.0,0.0,0.0,0.0,0.0,0.0,0.0,0.0,0.0,0.0,0.0,0.0,0.0,0.0,0.0,0.0,0.0,0.0,0.0,0.0,0.0,0.0,320.0,1.0,26.06577381,0.9999,0.005487,0.9988,0.00031562,29.5,32.790081
191,0.517574,2.771299,0.240444,0.0,0.0,0.240444,0.0,0.0,0.0,0.0,0.0,0.0,0.0,0.0,0.0,0.0,0.0,0.0,0.0,0.0,0.0,0.0,0.0,0.0,0.0,0.0,0.0,0.0,0.0,0.0,0.0,0.0,320.0,1.0,26.07797619,0.9999,0.0061,0.9988,0.0003106,29.5,32.112094
192,0.512256,2.719038,0.240352,0.0,0.0,0.240352,0.0,0.0,0.0,0.0,0.0,0.0,0.0,0.0,0.0,0.0,0.0,0.0,0.0,0.0,0.0,0.0,0.0,0.0,0.0,0.0,0.0,0.0,0.0,0.0,0.0,0.0,320.0,1.0,26.09925595,0.9999,0.000755,1.0,0.00030561,29.6,32.696511
193,0.513281,2.728449,0.240436,0.0,0.0,0.240436,0.0,0.0,0.0,0.0,0.0,0.0,0.0,0.0,0.0,0.0,0.0,0.0,0.0,0.0,0.0,0.0,0.0,0.0,0.0,0.0,0.0,0.0,0.0,0.0,0.0,0.0,320.0,1.0,26.04657738,0.9999,0.007502,0.9988,0.00030064,29.7,32.79246
194,0.51753,2.765118,0.241018,0.0,0.0,0.241018,0.0,0.0,0.0,0.0,0.0,0.0,0.0,0.0,0.0,0.0,0.0,0.0,0.0,0.0,0.0,0.0,0.0,0.0,0.0,0.0,0.0,0.0,0.0,0.0,0.0,0.0,320.0,1.0,26.07544643,0.9999,0.001329,0.9988,0.00029569,29.8,32.704517
195,0.504122,2.634925,0.240629,0.0,0.0,0.240629,0.0,0.0,0.0,0.0,0.0,0.0,0.0,0.0,0.0,0.0,0.0,0.0,0.0,0.0,0.0,0.0,0.0,0.0,0.0,0.0,0.0,0.0,0.0,0.0,0.0,0.0,320.0,1.0,26.20639881,0.9999,0.00455,0.9988,0.00029077,29.5,32.811129
196,0.500637,2.617903,0.238847,0.0,0.0,0.238847,0.0,0.0,0.0,0.0,0.0,0.0,0.0,0.0,0.0,0.0,0.0,0.0,0.0,0.0,0.0,0.0,0.0,0.0,0.0,0.0,0.0,0.0,0.0,0.0,0.0,0.0,320.0,1.0,26.19806548,0.9999,0.00201,0.9988,0.00028587,29.7,32.572918
197,0.500064,2.612448,0.238819,0.0,0.0,0.238819,0.0,0.0,0.0,0.0,0.0,0.0,0.0,0.0,0.0,0.0,0.0,0.0,0.0,0.0,0.0,0.0,0.0,0.0,0.0,0.0,0.0,0.0,0.0,0.0,0.0,0.0,320.0,1.0,26.25565476,0.9999,0.003309,0.9988,0.00028099,30.6,32.816185
198,0.490047,2.51938,0.238109,0.0,0.0,0.238109,0.0,0.0,0.0,0.0,0.0,0.0,0.0,0.0,0.0,0.0,0.0,0.0,0.0,0.0,0.0,0.0,0.0,0.0,0.0,0.0,0.0,0.0,0.0,0.0,0.0,0.0,320.0,1.0,26.35505952,0.9999,0.003767,0.9988,0.00027615,32.4,32.781056
199,0.505132,2.662525,0.23888,0.0,0.0,0.23888,0.0,0.0,0.0,0.0,0.0,0.0,0.0,0.0,0.0,0.0,0.0,0.0,0.0,0.0,0.0,0.0,0.0,0.0,0.0,0.0,0.0,0.0,0.0,0.0,0.0,0.0,320.0,1.0,26.16428571,0.9999,0.002461,0.9988,0.00027132,32.8,32.534686
200,0.491799,2.538913,0.237907,0.0,0.0,0.237907,0.0,0.0,0.0,0.0,0.0,0.0,0.0,0.0,0.0,0.0,0.0,0.0,0.0,0.0,0.0,0.0,0.0,0.0,0.0,0.0,0.0,0.0,0.0,0.0,0.0,0.0,320.0,1.0,26.31949405,0.9999,0.008975,0.9988,0.00026653,33.6,33.178991
201,0.494107,2.563099,0.237797,0.0,0.0,0.237797,0.0,0.0,0.0,0.0,0.0,0.0,0.0,0.0,0.0,0.0,0.0,0.0,0.0,0.0,0.0,0.0,0.0,0.0,0.0,0.0,0.0,0.0,0.0,0.0,0.0,0.0,320.0,1.0,26.27901786,0.9999,0.00206,0.9988,0.00026176,31.0,32.79558
202,0.49958,2.624614,0.237118,0.0,0.0,0.237118,0.0,0.0,0.0,0.0,0.0,0.0,0.0,0.0,0.0,0.0,0.0,0.0,0.0,0.0,0.0,0.0,0.0,0.0,0.0,0.0,0.0,0.0,0.0,0.0,0.0,0.0,320.0,1.0,26.25535714,0.9999,0.007501,0.9988,0.00025702,29.6,33.196975
203,0.479433,2.425211,0.236911,0.0,0.0,0.236911,0.0,0.0,0.0,0.0,0.0,0.0,0.0,0.0,0.0,0.0,0.0,0.0,0.0,0.0,0.0,0.0,0.0,0.0,0.0,0.0,0.0,0.0,0.0,0.0,0.0,0.0,320.0,1.0,26.5078869,0.9999,0.000933,1.0,0.00025231,30.2,33.303888
204,0.484836,2.490424,0.235794,0.0,0.0,0.235794,0.0,0.0,0.0,0.0,0.0,0.0,0.0,0.0,0.0,0.0,0.0,0.0,0.0,0.0,0.0,0.0,0.0,0.0,0.0,0.0,0.0,0.0,0.0,0.0,0.0,0.0,320.0,1.0,26.42113095,0.9999,0.002866,0.9976,0.00024763,30.5,33.36521
205,0.483297,2.471012,0.236196,0.0,0.0,0.236196,0.0,0.0,0.0,0.0,0.0,0.0,0.0,0.0,0.0,0.0,0.0,0.0,0.0,0.0,0.0,0.0,0.0,0.0,0.0,0.0,0.0,0.0,0.0,0.0,0.0,0.0,320.0,1.0,26.40550595,0.9999,0.002541,0.9988,0.00024298,29.5,32.81343
206,0.472877,2.374284,0.235448,0.0,0.0,0.235448,0.0,0.0,0.0,0.0,0.0,0.0,0.0,0.0,0.0,0.0,0.0,0.0,0.0,0.0,0.0,0.0,0.0,0.0,0.0,0.0,0.0,0.0,0.0,0.0,0.0,0.0,320.0,1.0,26.59077381,0.9999,0.001967,0.9988,0.00023836,30.1,33.210104
207,0.486251,2.501345,0.236117,0.0,0.0,0.236117,0.0,0.0,0.0,0.0,0.0,0.0,0.0,0.0,0.0,0.0,0.0,0.0,0.0,0.0,0.0,0.0,0.0,0.0,0.0,0.0,0.0,0.0,0.0,0.0,0.0,0.0,320.0,1.0,26.43392857,0.9999,0.00921,0.9988,0.00023377,29.7,33.518967
208,0.469234,2.343672,0.234867,0.0,0.0,0.234867,0.0,0.0,0.0,0.0,0.0,0.0,0.0,0.0,0.0,0.0,0.0,0.0,0.0,0.0,0.0,0.0,0.0,0.0,0.0,0.0,0.0,0.0,0.0,0.0,0.0,0.0,320.0,1.0,26.64910714,0.9999,0.00115,1.0,0.00022921,29.7,33.671829
209,0.481125,2.45477,0.235648,0.0,0.0,0.235648,0.0,0.0,0.0,0.0,0.0,0.0,0.0,0.0,0.0,0.0,0.0,0.0,0.0,0.0,0.0,0.0,0.0,0.0,0.0,0.0,0.0,0.0,0.0,0.0,0.0,0.0,320.0,1.0,26.47559524,0.9999,0.005746,0.9988,0.00022468,29.8,33.388053
210,0.476094,2.410757,0.235018,0.0,0.0,0.235018,0.0,0.0,0.0,0.0,0.0,0.0,0.0,0.0,0.0,0.0,0.0,0.0,0.0,0.0,0.0,0.0,0.0,0.0,0.0,0.0,0.0,0.0,0.0,0.0,0.0,0.0,320.0,1.0,26.54196429,0.9999,0.006533,0.9988,0.00022019,29.7,33.280553
211,0.460057,2.258634,0.234194,0.0,0.0,0.234194,0.0,0.0,0.0,0.0,0.0,0.0,0.0,0.0,0.0,0.0,0.0,0.0,0.0,0.0,0.0,0.0,0.0,0.0,0.0,0.0,0.0,0.0,0.0,0.0,0.0,0.0,320.0,1.0,26.74122024,0.9999,0.004706,0.9988,0.00021572,29.5,33.389402
212,0.471789,2.375574,0.234232,0.0,0.0,0.234232,0.0,0.0,0.0,0.0,0.0,0.0,0.0,0.0,0.0,0.0,0.0,0.0,0.0,0.0,0.0,0.0,0.0,0.0,0.0,0.0,0.0,0.0,0.0,0.0,0.0,0.0,320.0,1.0,26.58958333,0.9997,0.004151,0.9988,0.0002113,29.7,33.336709
213,0.46531,2.314076,0.233903,0.0,0.0,0.233903,0.0,0.0,0.0,0.0,0.0,0.0,0.0,0.0,0.0,0.0,0.0,0.0,0.0,0.0,0.0,0.0,0.0,0.0,0.0,0.0,0.0,0.0,0.0,0.0,0.0,0.0,320.0,1.0,26.68407738,0.9999,0.001963,0.9988,0.0002069,29.5,33.277835
214,0.460645,2.276544,0.23299,0.0,0.0,0.23299,0.0,0.0,0.0,0.0,0.0,0.0,0.0,0.0,0.0,0.0,0.0,0.0,0.0,0.0,0.0,0.0,0.0,0.0,0.0,0.0,0.0,0.0,0.0,0.0,0.0,0.0,320.0,1.0,26.74181548,0.9999,0.006914,0.9976,0.00020254,29.7,33.379157
215,0.457561,2.251017,0.232459,0.0,0.0,0.232459,0.0,0.0,0.0,0.0,0.0,0.0,0.0,0.0,0.0,0.0,0.0,0.0,0.0,0.0,0.0,0.0,0.0,0.0,0.0,0.0,0.0,0.0,0.0,0.0,0.0,0.0,320.0,1.0,26.7671131,0.9999,0.004691,0.9988,0.00019822,29.5,33.775611
216,0.463914,2.317618,0.232152,0.0,0.0,0.232152,0.0,0.0,0.0,0.0,0.0,0.0,0.0,0.0,0.0,0.0,0.0,0.0,0.0,0.0,0.0,0.0,0.0,0.0,0.0,0.0,0.0,0.0,0.0,0.0,0.0,0.0,320.0,1.0,26.66949405,0.9999,0.004221,0.9988,0.00019393,29.5,33.753582
217,0.460175,2.280976,0.232077,0.0,0.0,0.232077,0.0,0.0,0.0,0.0,0.0,0.0,0.0,0.0,0.0,0.0,0.0,0.0,0.0,0.0,0.0,0.0,0.0,0.0,0.0,0.0,0.0,0.0,0.0,0.0,0.0,0.0,320.0,1.0,26.7358631,0.9999,0.003553,0.9988,0.00018967,29.6,33.803295
218,0.449811,2.179001,0.231911,0.0,0.0,0.231911,0.0,0.0,0.0,0.0,0.0,0.0,0.0,0.0,0.0,0.0,0.0,0.0,0.0,0.0,0.0,0.0,0.0,0.0,0.0,0.0,0.0,0.0,0.0,0.0,0.0,0.0,320.0,1.0,26.88407738,0.9999,0.000286,1.0,0.00018545,29.8,33.421361
219,0.457691,2.256979,0.231993,0.0,0.0,0.231993,0.0,0.0,0.0,0.0,0.0,0.0,0.0,0.0,0.0,0.0,0.0,0.0,0.0,0.0,0.0,0.0,0.0,0.0,0.0,0.0,0.0,0.0,0.0,0.0,0.0,0.0,320.0,1.0,26.72306548,0.9999,0.004093,0.9988,0.00018127,29.7,33.721055
220,0.453147,2.21524,0.231622,0.0,0.0,0.231622,0.0,0.0,0.0,0.0,0.0,0.0,0.0,0.0,0.0,0.0,0.0,0.0,0.0,0.0,0.0,0.0,0.0,0.0,0.0,0.0,0.0,0.0,0.0,0.0,0.0,0.0,320.0,1.0,26.81651786,0.9999,0.002564,0.9988,0.00017713,29.7,33.695736
221,0.462035,2.30002,0.232033,0.0,0.0,0.232033,0.0,0.0,0.0,0.0,0.0,0.0,0.0,0.0,0.0,0.0,0.0,0.0,0.0,0.0,0.0,0.0,0.0,0.0,0.0,0.0,0.0,0.0,0.0,0.0,0.0,0.0,320.0,1.0,26.7141369,0.9999,0.001049,0.9988,0.00017303,29.5,33.681176
222,0.448588,2.174631,0.231124,0.0,0.0,0.231124,0.0,0.0,0.0,0.0,0.0,0.0,0.0,0.0,0.0,0.0,0.0,0.0,0.0,0.0,0.0,0.0,0.0,0.0,0.0,0.0,0.0,0.0,0.0,0.0,0.0,0.0,320.0,1.0,26.90505952,0.9999,0.003125,0.9988,0.00016896,29.5,33.777876
223,0.445248,2.143425,0.230905,0.0,0.0,0.230905,0.0,0.0,0.0,0.0,0.0,0.0,0.0,0.0,0.0,0.0,0.0,0.0,0.0,0.0,0.0,0.0,0.0,0.0,0.0,0.0,0.0,0.0,0.0,0.0,0.0,0.0,320.0,1.0,26.92053571,0.9999,0.004684,0.9988,0.00016493,29.7,33.871684
224,0.455441,2.242778,0.231163,0.0,0.0,0.231163,0.0,0.0,0.0,0.0,0.0,0.0,0.0,0.0,0.0,0.0,0.0,0.0,0.0,0.0,0.0,0.0,0.0,0.0,0.0,0.0,0.0,0.0,0.0,0.0,0.0,0.0,320.0,1.0,26.78839286,0.9999,0.001104,0.9988,0.00016094,29.5,33.68437
225,0.448074,2.181917,0.229883,0.0,0.0,0.229883,0.0,0.0,0.0,0.0,0.0,0.0,0.0,0.0,0.0,0.0,0.0,0.0,0.0,0.0,0.0,0.0,0.0,0.0,0.0,0.0,0.0,0.0,0.0,0.0,0.0,0.0,320.0,1.0,26.88928571,0.9999,0.001927,0.9988,0.00015699,29.3,33.682166
226,0.451913,2.208985,0.231014,0.0,0.0,0.231014,0.0,0.0,0.0,0.0,0.0,0.0,0.0,0.0,0.0,0.0,0.0,0.0,0.0,0.0,0.0,0.0,0.0,0.0,0.0,0.0,0.0,0.0,0.0,0.0,0.0,0.0,320.0,1.0,26.86220238,0.9999,0.003238,0.9988,0.00015309,29.7,33.903357
227,0.440532,2.106129,0.229919,0.0,0.0,0.229919,0.0,0.0,0.0,0.0,0.0,0.0,0.0,0.0,0.0,0.0,0.0,0.0,0.0,0.0,0.0,0.0,0.0,0.0,0.0,0.0,0.0,0.0,0.0,0.0,0.0,0.0,320.0,1.0,26.98571429,0.9999,0.003234,0.9988,0.00014922,29.5,34.094864
228,0.441062,2.117496,0.229312,0.0,0.0,0.229312,0.0,0.0,0.0,0.0,0.0,0.0,0.0,0.0,0.0,0.0,0.0,0.0,0.0,0.0,0.0,0.0,0.0,0.0,0.0,0.0,0.0,0.0,0.0,0.0,0.0,0.0,320.0,1.0,26.92514881,0.9999,0.004952,0.9988,0.00014539,29.5,33.901579
229,0.437441,2.085288,0.228912,0.0,0.0,0.228912,0.0,0.0,0.0,0.0,0.0,0.0,0.0,0.0,0.0,0.0,0.0,0.0,0.0,0.0,0.0,0.0,0.0,0.0,0.0,0.0,0.0,0.0,0.0,0.0,0.0,0.0,320.0,1.0,27.04642857,0.9999,0.002071,0.9988,0.00014161,29.7,33.821383
230,0.43891,2.096193,0.22929,0.0,0.0,0.22929,0.0,0.0,0.0,0.0,0.0,0.0,0.0,0.0,0.0,0.0,0.0,0.0,0.0,0.0,0.0,0.0,0.0,0.0,0.0,0.0,0.0,0.0,0.0,0.0,0.0,0.0,320.0,1.0,27.01041667,0.9999,0.002235,0.9988,0.00013787,29.7,33.989301
231,0.430499,2.016649,0.228834,0.0,0.0,0.228834,0.0,0.0,0.0,0.0,0.0,0.0,0.0,0.0,0.0,0.0,0.0,0.0,0.0,0.0,0.0,0.0,0.0,0.0,0.0,0.0,0.0,0.0,0.0,0.0,0.0,0.0,320.0,1.0,27.13839286,0.9999,0.001934,0.9988,0.00013417,29.7,34.069954
232,0.439531,2.107416,0.228789,0.0,0.0,0.228789,0.0,0.0,0.0,0.0,0.0,0.0,0.0,0.0,0.0,0.0,0.0,0.0,0.0,0.0,0.0,0.0,0.0,0.0,0.0,0.0,0.0,0.0,0.0,0.0,0.0,0.0,320.0,1.0,27.0016369,0.9999,0.00239,0.9988,0.00013051,29.8,34.101383
233,0.438484,2.096707,0.228813,0.0,0.0,0.228813,0.0,0.0,0.0,0.0,0.0,0.0,0.0,0.0,0.0,0.0,0.0,0.0,0.0,0.0,0.0,0.0,0.0,0.0,0.0,0.0,0.0,0.0,0.0,0.0,0.0,0.0,320.0,1.0,27.08943452,0.9999,0.002264,0.9988,0.0001269,29.8,34.123383
234,0.431929,2.039645,0.227965,0.0,0.0,0.227965,0.0,0.0,0.0,0.0,0.0,0.0,0.0,0.0,0.0,0.0,0.0,0.0,0.0,0.0,0.0,0.0,0.0,0.0,0.0,0.0,0.0,0.0,0.0,0.0,0.0,0.0,320.0,1.0,27.13973214,0.9999,0.002749,0.9988,0.00012333,29.8,34.206616
235,0.426947,1.996178,0.227329,0.0,0.0,0.227329,0.0,0.0,0.0,0.0,0.0,0.0,0.0,0.0,0.0,0.0,0.0,0.0,0.0,0.0,0.0,0.0,0.0,0.0,0.0,0.0,0.0,0.0,0.0,0.0,0.0,0.0,320.0,1.0,27.19166667,0.9999,0.000592,1.0,0.0001198,29.7,33.835044
236,0.434613,2.062541,0.228359,0.0,0.0,0.228359,0.0,0.0,0.0,0.0,0.0,0.0,0.0,0.0,0.0,0.0,0.0,0.0,0.0,0.0,0.0,0.0,0.0,0.0,0.0,0.0,0.0,0.0,0.0,0.0,0.0,0.0,320.0,1.0,27.14166667,0.9999,0.005069,0.9988,0.00011632,29.9,34.143367
237,0.431801,2.041926,0.227608,0.0,0.0,0.227608,0.0,0.0,0.0,0.0,0.0,0.0,0.0,0.0,0.0,0.0,0.0,0.0,0.0,0.0,0.0,0.0,0.0,0.0,0.0,0.0,0.0,0.0,0.0,0.0,0.0,0.0,320.0,1.0,27.11116071,0.9999,0.004196,0.9988,0.00011288,29.9,34.181495
238,0.425303,1.982919,0.227011,0.0,0.0,0.227011,0.0,0.0,0.0,0.0,0.0,0.0,0.0,0.0,0.0,0.0,0.0,0.0,0.0,0.0,0.0,0.0,0.0,0.0,0.0,0.0,0.0,0.0,0.0,0.0,0.0,0.0,320.0,1.0,27.17202381,0.9999,0.003385,0.9988,0.00010949,30.0,34.242128
239,0.426268,1.987294,0.227539,0.0,0.0,0.227539,0.0,0.0,0.0,0.0,0.0,0.0,0.0,0.0,0.0,0.0,0.0,0.0,0.0,0.0,0.0,0.0,0.0,0.0,0.0,0.0,0.0,0.0,0.0,0.0,0.0,0.0,320.0,1.0,27.1641369,0.9999,0.005372,0.9988,0.00010615,29.9,34.092298
240,0.424223,1.973464,0.226877,0.0,0.0,0.226877,0.0,0.0,0.0,0.0,0.0,0.0,0.0,0.0,0.0,0.0,0.0,0.0,0.0,0.0,0.0,0.0,0.0,0.0,0.0,0.0,0.0,0.0,0.0,0.0,0.0,0.0,320.0,1.0,27.20282738,0.9999,0.001859,0.9988,0.00010285,29.7,34.250669
241,0.423092,1.96736,0.226356,0.0,0.0,0.226356,0.0,0.0,0.0,0.0,0.0,0.0,0.0,0.0,0.0,0.0,0.0,0.0,0.0,0.0,0.0,0.0,0.0,0.0,0.0,0.0,0.0,0.0,0.0,0.0,0.0,0.0,320.0,1.0,27.20803571,0.9999,0.003851,0.9988,9.96e-05,29.7,34.284044
242,0.426954,2.009669,0.225987,0.0,0.0,0.225987,0.0,0.0,0.0,0.0,0.0,0.0,0.0,0.0,0.0,0.0,0.0,0.0,0.0,0.0,0.0,0.0,0.0,0.0,0.0,0.0,0.0,0.0,0.0,0.0,0.0,0.0,320.0,1.0,27.14315476,0.9999,0.003545,0.9988,9.64e-05,29.7,34.316647
243,0.421742,1.955451,0.226196,0.0,0.0,0.226196,0.0,0.0,0.0,0.0,0.0,0.0,0.0,0.0,0.0,0.0,0.0,0.0,0.0,0.0,0.0,0.0,0.0,0.0,0.0,0.0,0.0,0.0,0.0,0.0,0.0,0.0,320.0,1.0,27.24419643,0.9999,0.000818,1.0,9.324e-05,29.9,34.22816
244,0.417912,1.921421,0.22577,0.0,0.0,0.22577,0.0,0.0,0.0,0.0,0.0,0.0,0.0,0.0,0.0,0.0,0.0,0.0,0.0,0.0,0.0,0.0,0.0,0.0,0.0,0.0,0.0,0.0,0.0,0.0,0.0,0.0,320.0,1.0,27.28511905,0.9999,0.000996,1.0,9.013e-05,29.7,34.341714
245,0.416717,1.904807,0.226237,0.0,0.0,0.226237,0.0,0.0,0.0,0.0,0.0,0.0,0.0,0.0,0.0,0.0,0.0,0.0,0.0,0.0,0.0,0.0,0.0,0.0,0.0,0.0,0.0,0.0,0.0,0.0,0.0,0.0,320.0,1.0,27.3202381,0.9999,0.002732,0.9988,8.707e-05,29.8,34.352
246,0.413624,1.880767,0.225547,0.0,0.0,0.225547,0.0,0.0,0.0,0.0,0.0,0.0,0.0,0.0,0.0,0.0,0.0,0.0,0.0,0.0,0.0,0.0,0.0,0.0,0.0,0.0,0.0,0.0,0.0,0.0,0.0,0.0,320.0,1.0,27.34880952,0.9999,0.002844,0.9988,8.406e-05,29.7,34.308996
247,0.411129,1.85839,0.22529,0.0,0.0,0.22529,0.0,0.0,0.0,0.0,0.0,0.0,0.0,0.0,0.0,0.0,0.0,0.0,0.0,0.0,0.0,0.0,0.0,0.0,0.0,0.0,0.0,0.0,0.0,0.0,0.0,0.0,320.0,1.0,27.41994048,0.9999,0.000877,1.0,8.109e-05,29.9,34.255605
248,0.414066,1.889155,0.225151,0.0,0.0,0.225151,0.0,0.0,0.0,0.0,0.0,0.0,0.0,0.0,0.0,0.0,0.0,0.0,0.0,0.0,0.0,0.0,0.0,0.0,0.0,0.0,0.0,0.0,0.0,0.0,0.0,0.0,320.0,1.0,27.36547619,0.9999,0.000199,1.0,7.818e-05,29.5,34.260982
249,0.415363,1.905652,0.224797,0.0,0.0,0.224797,0.0,0.0,0.0,0.0,0.0,0.0,0.0,0.0,0.0,0.0,0.0,0.0,0.0,0.0,0.0,0.0,0.0,0.0,0.0,0.0,0.0,0.0,0.0,0.0,0.0,0.0,320.0,1.0,27.33779762,0.9999,0.001857,0.9988,7.531e-05,29.6,34.416219
250,0.410747,1.855786,0.225169,0.0,0.0,0.225169,0.0,0.0,0.0,0.0,0.0,0.0,0.0,0.0,0.0,0.0,0.0,0.0,0.0,0.0,0.0,0.0,0.0,0.0,0.0,0.0,0.0,0.0,0.0,0.0,0.0,0.0,320.0,1.0,27.37157738,0.9999,0.001153,0.9988,7.25e-05,29.8,34.436818
251,0.404506,1.802597,0.224246,0.0,0.0,0.224246,0.0,0.0,0.0,0.0,0.0,0.0,0.0,0.0,0.0,0.0,0.0,0.0,0.0,0.0,0.0,0.0,0.0,0.0,0.0,0.0,0.0,0.0,0.0,0.0,0.0,0.0,320.0,1.0,27.4983631,0.9999,0.00294,0.9988,6.974e-05,29.5,34.474259
252,0.406938,1.826441,0.224293,0.0,0.0,0.224293,0.0,0.0,0.0,0.0,0.0,0.0,0.0,0.0,0.0,0.0,0.0,0.0,0.0,0.0,0.0,0.0,0.0,0.0,0.0,0.0,0.0,0.0,0.0,0.0,0.0,0.0,320.0,1.0,27.42529762,0.9999,0.002088,0.9988,6.702e-05,29.6,34.472302
253,0.408636,1.846559,0.22398,0.0,0.0,0.22398,0.0,0.0,0.0,0.0,0.0,0.0,0.0,0.0,0.0,0.0,0.0,0.0,0.0,0.0,0.0,0.0,0.0,0.0,0.0,0.0,0.0,0.0,0.0,0.0,0.0,0.0,320.0,1.0,27.46309524,0.9999,0.000469,1.0,6.436e-05,29.6,34.410149
254,0.415573,1.911636,0.224409,0.0,0.0,0.224409,0.0,0.0,0.0,0.0,0.0,0.0,0.0,0.0,0.0,0.0,0.0,0.0,0.0,0.0,0.0,0.0,0.0,0.0,0.0,0.0,0.0,0.0,0.0,0.0,0.0,0.0,320.0,1.0,27.38407738,0.9999,0.00175,0.9988,6.175e-05,29.7,34.418685
255,0.408513,1.846582,0.223855,0.0,0.0,0.223855,0.0,0.0,0.0,0.0,0.0,0.0,0.0,0.0,0.0,0.0,0.0,0.0,0.0,0.0,0.0,0.0,0.0,0.0,0.0,0.0,0.0,0.0,0.0,0.0,0.0,0.0,320.0,1.0,27.43839286,1.0,0.001478,0.9988,5.919e-05,29.7,34.530736
256,0.413847,1.89225,0.224622,0.0,0.0,0.224622,0.0,0.0,0.0,0.0,0.0,0.0,0.0,0.0,0.0,0.0,0.0,0.0,0.0,0.0,0.0,0.0,0.0,0.0,0.0,0.0,0.0,0.0,0.0,0.0,0.0,0.0,320.0,1.0,27.34255952,0.9999,0.002442,0.9988,5.668e-05,29.7,34.403449
257,0.404967,1.812793,0.223688,0.0,0.0,0.223688,0.0,0.0,0.0,0.0,0.0,0.0,0.0,0.0,0.0,0.0,0.0,0.0,0.0,0.0,0.0,0.0,0.0,0.0,0.0,0.0,0.0,0.0,0.0,0.0,0.0,0.0,320.0,1.0,27.48541667,0.9999,0.000963,0.9988,5.422e-05,29.5,34.502947
258,0.40912,1.853446,0.223775,0.0,0.0,0.223775,0.0,0.0,0.0,0.0,0.0,0.0,0.0,0.0,0.0,0.0,0.0,0.0,0.0,0.0,0.0,0.0,0.0,0.0,0.0,0.0,0.0,0.0,0.0,0.0,0.0,0.0,320.0,1.0,27.45386905,0.9999,0.001216,0.9988,5.182e-05,29.5,34.512025
259,0.406751,1.83697,0.223054,0.0,0.0,0.223054,0.0,0.0,0.0,0.0,0.0,0.0,0.0,0.0,0.0,0.0,0.0,0.0,0.0,0.0,0.0,0.0,0.0,0.0,0.0,0.0,0.0,0.0,0.0,0.0,0.0,0.0,320.0,1.0,27.46458333,0.9999,0.00117,0.9988,4.946e-05,29.5,34.49966
260,0.408194,1.844268,0.223767,0.0,0.0,0.223767,0.0,0.0,0.0,0.0,0.0,0.0,0.0,0.0,0.0,0.0,0.0,0.0,0.0,0.0,0.0,0.0,0.0,0.0,0.0,0.0,0.0,0.0,0.0,0.0,0.0,0.0,320.0,1.0,27.44747024,0.9999,0.000709,1.0,4.717e-05,29.7,34.588353
261,0.406588,1.837262,0.222862,0.0,0.0,0.222862,0.0,0.0,0.0,0.0,0.0,0.0,0.0,0.0,0.0,0.0,0.0,0.0,0.0,0.0,0.0,0.0,0.0,0.0,0.0,0.0,0.0,0.0,0.0,0.0,0.0,0.0,320.0,1.0,27.49107143,0.9999,0.001084,0.9988,4.492e-05,29.5,34.586028
262,0.407335,1.838348,0.223501,0.0,0.0,0.223501,0.0,0.0,0.0,0.0,0.0,0.0,0.0,0.0,0.0,0.0,0.0,0.0,0.0,0.0,0.0,0.0,0.0,0.0,0.0,0.0,0.0,0.0,0.0,0.0,0.0,0.0,320.0,1.0,27.42306548,0.9999,0.000658,1.0,4.273e-05,29.5,34.571138
263,0.402791,1.798258,0.222965,0.0,0.0,0.222965,0.0,0.0,0.0,0.0,0.0,0.0,0.0,0.0,0.0,0.0,0.0,0.0,0.0,0.0,0.0,0.0,0.0,0.0,0.0,0.0,0.0,0.0,0.0,0.0,0.0,0.0,320.0,1.0,27.51994048,0.9999,0.000894,0.9988,4.059e-05,29.7,34.558572
264,0.402134,1.7895,0.223184,0.0,0.0,0.223184,0.0,0.0,0.0,0.0,0.0,0.0,0.0,0.0,0.0,0.0,0.0,0.0,0.0,0.0,0.0,0.0,0.0,0.0,0.0,0.0,0.0,0.0,0.0,0.0,0.0,0.0,320.0,1.0,27.5389881,0.9999,0.001528,0.9988,3.851e-05,29.6,34.483945
265,0.40146,1.785547,0.222906,0.0,0.0,0.222906,0.0,0.0,0.0,0.0,0.0,0.0,0.0,0.0,0.0,0.0,0.0,0.0,0.0,0.0,0.0,0.0,0.0,0.0,0.0,0.0,0.0,0.0,0.0,0.0,0.0,0.0,320.0,1.0,27.49880952,0.9999,0.000915,0.9988,3.648e-05,29.6,34.606602
266,0.395379,1.72078,0.223301,0.0,0.0,0.223301,0.0,0.0,0.0,0.0,0.0,0.0,0.0,0.0,0.0,0.0,0.0,0.0,0.0,0.0,0.0,0.0,0.0,0.0,0.0,0.0,0.0,0.0,0.0,0.0,0.0,0.0,320.0,1.0,27.63452381,0.9999,0.00041,1.0,3.45e-05,29.5,34.638827
267,0.393534,1.716103,0.221923,0.0,0.0,0.221923,0.0,0.0,0.0,0.0,0.0,0.0,0.0,0.0,0.0,0.0,0.0,0.0,0.0,0.0,0.0,0.0,0.0,0.0,0.0,0.0,0.0,0.0,0.0,0.0,0.0,0.0,320.0,1.0,27.60997024,0.9999,0.000428,1.0,3.258e-05,29.6,34.622043
268,0.393323,1.71119,0.222204,0.0,0.0,0.222204,0.0,0.0,0.0,0.0,0.0,0.0,0.0,0.0,0.0,0.0,0.0,0.0,0.0,0.0,0.0,0.0,0.0,0.0,0.0,0.0,0.0,0.0,0.0,0.0,0.0,0.0,320.0,1.0,27.6922619,0.9999,0.00071,1.0,3.071e-05,29.6,34.594368
269,0.396224,1.736499,0.222574,0.0,0.0,0.222574,0.0,0.0,0.0,0.0,0.0,0.0,0.0,0.0,0.0,0.0,0.0,0.0,0.0,0.0,0.0,0.0,0.0,0.0,0.0,0.0,0.0,0.0,0.0,0.0,0.0,0.0,320.0,1.0,27.64806548,0.9999,0.001069,0.9988,2.89e-05,29.5,34.645168
270,0.400709,1.781198,0.222589,0.0,0.0,0.222589,0.0,0.0,0.0,0.0,0.0,0.0,0.0,0.0,0.0,0.0,0.0,0.0,0.0,0.0,0.0,0.0,0.0,0.0,0.0,0.0,0.0,0.0,0.0,0.0,0.0,0.0,320.0,1.0,27.52842262,0.9999,0.001607,0.9988,2.715e-05,29.4,34.634715
271,0.389963,1.681334,0.22183,0.0,0.0,0.22183,0.0,0.0,0.0,0.0,0.0,0.0,0.0,0.0,0.0,0.0,0.0,0.0,0.0,0.0,0.0,0.0,0.0,0.0,0.0,0.0,0.0,0.0,0.0,0.0,0.0,0.0,320.0,1.0,27.7358631,0.9999,0.001712,0.9988,2.545e-05,29.5,34.594936
272,0.394629,1.726665,0.221963,0.0,0.0,0.221963,0.0,0.0,0.0,0.0,0.0,0.0,0.0,0.0,0.0,0.0,0.0,0.0,0.0,0.0,0.0,0.0,0.0,0.0,0.0,0.0,0.0,0.0,0.0,0.0,0.0,0.0,320.0,1.0,27.59642857,0.9999,0.001085,0.9988,2.38e-05,29.5,34.605618
273,0.399685,1.777796,0.221905,0.0,0.0,0.221905,0.0,0.0,0.0,0.0,0.0,0.0,0.0,0.0,0.0,0.0,0.0,0.0,0.0,0.0,0.0,0.0,0.0,0.0,0.0,0.0,0.0,0.0,0.0,0.0,0.0,0.0,320.0,1.0,27.58482143,0.9999,0.001704,0.9988,2.221e-05,29.5,34.617759
274,0.390413,1.686886,0.221724,0.0,0.0,0.221724,0.0,0.0,0.0,0.0,0.0,0.0,0.0,0.0,0.0,0.0,0.0,0.0,0.0,0.0,0.0,0.0,0.0,0.0,0.0,0.0,0.0,0.0,0.0,0.0,0.0,0.0,320.0,1.0,27.70029762,0.9999,0.001645,0.9988,2.068e-05,29.5,34.650389
275,0.39097,1.68897,0.222073,0.0,0.0,0.222073,0.0,0.0,0.0,0.0,0.0,0.0,0.0,0.0,0.0,0.0,0.0,0.0,0.0,0.0,0.0,0.0,0.0,0.0,0.0,0.0,0.0,0.0,0.0,0.0,0.0,0.0,320.0,1.0,27.68303571,0.9999,0.001356,0.9988,1.921e-05,29.5,34.649131
276,0.3862,1.64734,0.221466,0.0,0.0,0.221466,0.0,0.0,0.0,0.0,0.0,0.0,0.0,0.0,0.0,0.0,0.0,0.0,0.0,0.0,0.0,0.0,0.0,0.0,0.0,0.0,0.0,0.0,0.0,0.0,0.0,0.0,320.0,1.0,27.70729167,1.0,0.000994,0.9988,1.779e-05,29.5,34.657595
277,0.395123,1.727973,0.222326,0.0,0.0,0.222326,0.0,0.0,0.0,0.0,0.0,0.0,0.0,0.0,0.0,0.0,0.0,0.0,0.0,0.0,0.0,0.0,0.0,0.0,0.0,0.0,0.0,0.0,0.0,0.0,0.0,0.0,320.0,1.0,27.59375,1.0,0.001106,0.9988,1.642e-05,29.6,34.666564
278,0.393952,1.717761,0.222176,0.0,0.0,0.222176,0.0,0.0,0.0,0.0,0.0,0.0,0.0,0.0,0.0,0.0,0.0,0.0,0.0,0.0,0.0,0.0,0.0,0.0,0.0,0.0,0.0,0.0,0.0,0.0,0.0,0.0,320.0,1.0,27.63705357,0.9999,0.001306,0.9988,1.512e-05,29.8,34.630852
279,0.390299,1.696177,0.220682,0.0,0.0,0.220682,0.0,0.0,0.0,0.0,0.0,0.0,0.0,0.0,0.0,0.0,0.0,0.0,0.0,0.0,0.0,0.0,0.0,0.0,0.0,0.0,0.0,0.0,0.0,0.0,0.0,0.0,320.0,1.0,27.68660714,0.9999,0.000877,1.0,1.387e-05,29.6,34.677321
280,0.394435,1.731676,0.221268,0.0,0.0,0.221268,0.0,0.0,0.0,0.0,0.0,0.0,0.0,0.0,0.0,0.0,0.0,0.0,0.0,0.0,0.0,0.0,0.0,0.0,0.0,0.0,0.0,0.0,0.0,0.0,0.0,0.0,320.0,1.0,27.63348214,0.9999,0.001389,0.9988,1.268e-05,29.4,34.728725
281,0.396446,1.753679,0.221078,0.0,0.0,0.221078,0.0,0.0,0.0,0.0,0.0,0.0,0.0,0.0,0.0,0.0,0.0,0.0,0.0,0.0,0.0,0.0,0.0,0.0,0.0,0.0,0.0,0.0,0.0,0.0,0.0,0.0,320.0,1.0,27.62008929,0.9999,0.000705,1.0,1.154e-05,29.5,34.709349
282,0.39341,1.718097,0.2216,0.0,0.0,0.2216,0.0,0.0,0.0,0.0,0.0,0.0,0.0,0.0,0.0,0.0,0.0,0.0,0.0,0.0,0.0,0.0,0.0,0.0,0.0,0.0,0.0,0.0,0.0,0.0,0.0,0.0,320.0,1.0,27.66904762,0.9997,0.001399,0.9988,1.047e-05,29.6,34.713551
283,0.395186,1.739842,0.221201,0.0,0.0,0.221201,0.0,0.0,0.0,0.0,0.0,0.0,0.0,0.0,0.0,0.0,0.0,0.0,0.0,0.0,0.0,0.0,0.0,0.0,0.0,0.0,0.0,0.0,0.0,0.0,0.0,0.0,320.0,1.0,27.61443452,0.9999,0.00113,0.9988,9.45e-06,29.5,34.712504
284,0.38832,1.675236,0.220796,0.0,0.0,0.220796,0.0,0.0,0.0,0.0,0.0,0.0,0.0,0.0,0.0,0.0,0.0,0.0,0.0,0.0,0.0,0.0,0.0,0.0,0.0,0.0,0.0,0.0,0.0,0.0,0.0,0.0,320.0,1.0,27.71235119,1.0,0.001053,0.9988,8.48e-06,29.8,34.667839
285,0.386736,1.655476,0.221189,0.0,0.0,0.221189,0.0,0.0,0.0,0.0,0.0,0.0,0.0,0.0,0.0,0.0,0.0,0.0,0.0,0.0,0.0,0.0,0.0,0.0,0.0,0.0,0.0,0.0,0.0,0.0,0.0,0.0,320.0,1.0,27.74196429,0.9999,0.000497,1.0,7.58e-06,29.5,34.65031
286,0.387792,1.672876,0.220504,0.0,0.0,0.220504,0.0,0.0,0.0,0.0,0.0,0.0,0.0,0.0,0.0,0.0,0.0,0.0,0.0,0.0,0.0,0.0,0.0,0.0,0.0,0.0,0.0,0.0,0.0,0.0,0.0,0.0,320.0,1.0,27.76116071,0.9999,0.000587,1.0,6.73e-06,29.5,34.677585
287,0.39315,1.716337,0.221516,0.0,0.0,0.221516,0.0,0.0,0.0,0.0,0.0,0.0,0.0,0.0,0.0,0.0,0.0,0.0,0.0,0.0,0.0,0.0,0.0,0.0,0.0,0.0,0.0,0.0,0.0,0.0,0.0,0.0,320.0,1.0,27.69181548,0.9999,0.000611,1.0,5.95e-06,29.8,34.710453
288,0.388515,1.674804,0.221035,0.0,0.0,0.221035,0.0,0.0,0.0,0.0,0.0,0.0,0.0,0.0,0.0,0.0,0.0,0.0,0.0,0.0,0.0,0.0,0.0,0.0,0.0,0.0,0.0,0.0,0.0,0.0,0.0,0.0,320.0,1.0,27.71116071,1.0,0.000526,1.0,5.21e-06,29.5,34.711757
289,0.387753,1.672803,0.220472,0.0,0.0,0.220472,0.0,0.0,0.0,0.0,0.0,0.0,0.0,0.0,0.0,0.0,0.0,0.0,0.0,0.0,0.0,0.0,0.0,0.0,0.0,0.0,0.0,0.0,0.0,0.0,0.0,0.0,320.0,1.0,27.75238095,0.9999,0.001292,0.9988,4.54e-06,29.6,34.765712
290,0.390861,1.702103,0.22065,0.0,0.0,0.22065,0.0,0.0,0.0,0.0,0.0,0.0,0.0,0.0,0.0,0.0,0.0,0.0,0.0,0.0,0.0,0.0,0.0,0.0,0.0,0.0,0.0,0.0,0.0,0.0,0.0,0.0,320.0,1.0,27.69166667,0.9999,0.00131,0.9988,3.93e-06,29.6,34.725495
291,0.390006,1.696044,0.220401,0.0,0.0,0.220401,0.0,0.0,0.0,0.0,0.0,0.0,0.0,0.0,0.0,0.0,0.0,0.0,0.0,0.0,0.0,0.0,0.0,0.0,0.0,0.0,0.0,0.0,0.0,0.0,0.0,0.0,320.0,1.0,27.62544643,0.9999,0.000937,0.9988,3.37e-06,29.6,34.735936
292,0.394191,1.735123,0.220678,0.0,0.0,0.220678,0.0,0.0,0.0,0.0,0.0,0.0,0.0,0.0,0.0,0.0,0.0,0.0,0.0,0.0,0.0,0.0,0.0,0.0,0.0,0.0,0.0,0.0,0.0,0.0,0.0,0.0,320.0,1.0,27.61458333,0.9999,0.000689,1.0,2.87e-06,29.6,34.704356
293,0.384305,1.631488,0.221156,0.0,0.0,0.221156,0.0,0.0,0.0,0.0,0.0,0.0,0.0,0.0,0.0,0.0,0.0,0.0,0.0,0.0,0.0,0.0,0.0,0.0,0.0,0.0,0.0,0.0,0.0,0.0,0.0,0.0,320.0,1.0,27.84122024,0.9999,0.000797,1.0,2.44e-06,29.7,34.727544
294,0.380636,1.598142,0.220822,0.0,0.0,0.220822,0.0,0.0,0.0,0.0,0.0,0.0,0.0,0.0,0.0,0.0,0.0,0.0,0.0,0.0,0.0,0.0,0.0,0.0,0.0,0.0,0.0,0.0,0.0,0.0,0.0,0.0,320.0,1.0,27.85520833,0.9999,0.000875,1.0,2.05e-06,29.4,34.737444
295,0.396478,1.75884,0.220594,0.0,0.0,0.220594,0.0,0.0,0.0,0.0,0.0,0.0,0.0,0.0,0.0,0.0,0.0,0.0,0.0,0.0,0.0,0.0,0.0,0.0,0.0,0.0,0.0,0.0,0.0,0.0,0.0,0.0,320.0,1.0,27.63764881,0.9999,0.000824,1.0,1.73e-06,29.5,34.728533
296,0.396969,1.761032,0.220865,0.0,0.0,0.220865,0.0,0.0,0.0,0.0,0.0,0.0,0.0,0.0,0.0,0.0,0.0,0.0,0.0,0.0,0.0,0.0,0.0,0.0,0.0,0.0,0.0,0.0,0.0,0.0,0.0,0.0,320.0,1.0,27.63348214,0.9999,0.000568,1.0,1.47e-06,29.3,34.743768
297,0.38472,1.644992,0.22022,0.0,0.0,0.22022,0.0,0.0,0.0,0.0,0.0,0.0,0.0,0.0,0.0,0.0,0.0,0.0,0.0,0.0,0.0,0.0,0.0,0.0,0.0,0.0,0.0,0.0,0.0,0.0,0.0,0.0,320.0,1.0,27.7641369,0.9999,0.000586,1.0,1.26e-06,29.3,34.729818
298,0.384356,1.634138,0.220942,0.0,0.0,0.220942,0.0,0.0,0.0,0.0,0.0,0.0,0.0,0.0,0.0,0.0,0.0,0.0,0.0,0.0,0.0,0.0,0.0,0.0,0.0,0.0,0.0,0.0,0.0,0.0,0.0,0.0,320.0,1.0,27.76741071,0.9999,0.000682,1.0,1.12e-06,29.7,34.72522
299,0.389011,1.680678,0.220943,0.0,0.0,0.220943,0.0,0.0,0.0,0.0,0.0,0.0,0.0,0.0,0.0,0.0,0.0,0.0,0.0,0.0,0.0,0.0,0.0,0.0,0.0,0.0,0.0,0.0,0.0,0.0,0.0,0.0,320.0,1.0,27.7077381,0.9999,0.000656,1.0,1.03e-06,29.5,34.70834
300,0.391778,1.710687,0.220709,0.0,0.0,0.220709,0.0,0.0,0.0,0.0,0.0,0.0,0.0,0.0,0.0,0.0,0.0,0.0,0.0,0.0,0.0,0.0,0.0,0.0,0.0,0.0,0.0,0.0,0.0,0.0,0.0,0.0,320.0,1.0,27.6625,0.9999,0.001398,0.9988,1e-06,29.5,34.735366
