epoch,train_loss,train_ce,train_kd,train_relation,train_embedding,train_logit_kd,train_topk,train_margin,train_anchor,train_teacher1_kd,train_teacher2_kd,teacher2_active,hard_ratio,avg_true_rank,train_acc,val_loss,val_acc,lr,time_s
1,0.657373,0.176167,1.138578,0.0,0.0,0.0,0.0,0.0,0.0,0.0,0.0,0.0,0.0,0.0,0.9998,0.287511,0.9856,2.019e-05,30.4
2,0.630547,0.21808,1.043014,0.0,0.0,0.0,0.0,0.0,0.0,0.0,0.0,0.0,0.0,0.0,1.0,0.335963,0.9868,4.019e-05,29.7
3,0.611405,0.272939,0.949871,0.0,0.0,0.0,0.0,0.0,0.0,0.0,0.0,0.0,0.0,0.0,0.9998,0.373551,0.9856,6.019e-05,29.5
4,0.600535,0.302303,0.898766,0.0,0.0,0.0,0.0,0.0,0.0,0.0,0.0,0.0,0.0,0.0,1.0,0.376904,0.9844,8.019e-05,29.4
5,0.592807,0.312214,0.8734,0.0,0.0,0.0,0.0,0.0,0.0,0.0,0.0,0.0,0.0,0.0,1.0,0.391879,0.9832,0.0001,29.2
6,0.588057,0.31898,0.857134,0.0,0.0,0.0,0.0,0.0,0.0,0.0,0.0,0.0,0.0,0.0,1.0,0.390072,0.9832,9.999e-05,29.5
7,0.579412,0.316633,0.842191,0.0,0.0,0.0,0.0,0.0,0.0,0.0,0.0,0.0,0.0,0.0,0.9998,0.403607,0.9808,9.996e-05,29.4
8,0.577332,0.321198,0.833465,0.0,0.0,0.0,0.0,0.0,0.0,0.0,0.0,0.0,0.0,0.0,0.9998,0.391809,0.9856,9.991e-05,29.4
9,0.570774,0.314265,0.827283,0.0,0.0,0.0,0.0,0.0,0.0,0.0,0.0,0.0,0.0,0.0,1.0,0.380117,0.9808,9.984e-05,29.6
10,0.567622,0.313044,0.822201,0.0,0.0,0.0,0.0,0.0,0.0,0.0,0.0,0.0,0.0,0.0,1.0,0.388351,0.9844,9.975e-05,29.4
11,0.563359,0.312348,0.814371,0.0,0.0,0.0,0.0,0.0,0.0,0.0,0.0,0.0,0.0,0.0,1.0,0.406902,0.9856,9.963e-05,29.4
12,0.560848,0.311894,0.809802,0.0,0.0,0.0,0.0,0.0,0.0,0.0,0.0,0.0,0.0,0.0,0.9998,0.386907,0.9868,9.95e-05,29.7
13,0.557487,0.307484,0.807491,0.0,0.0,0.0,0.0,0.0,0.0,0.0,0.0,0.0,0.0,0.0,0.9997,0.402638,0.9844,9.935e-05,29.4
14,0.554556,0.309934,0.799179,0.0,0.0,0.0,0.0,0.0,0.0,0.0,0.0,0.0,0.0,0.0,1.0,0.383552,0.9844,9.918e-05,29.4
15,0.553279,0.307485,0.799072,0.0,0.0,0.0,0.0,0.0,0.0,0.0,0.0,0.0,0.0,0.0,1.0,0.399592,0.9844,9.899e-05,29.1
16,0.55261,0.309752,0.795467,0.0,0.0,0.0,0.0,0.0,0.0,0.0,0.0,0.0,0.0,0.0,1.0,0.378019,0.9856,9.877e-05,29.5
17,0.55003,0.308215,0.791846,0.0,0.0,0.0,0.0,0.0,0.0,0.0,0.0,0.0,0.0,0.0,1.0,0.392842,0.9832,9.854e-05,29.5
18,0.546849,0.303161,0.790538,0.0,0.0,0.0,0.0,0.0,0.0,0.0,0.0,0.0,0.0,0.0,0.9998,0.38169,0.982,9.829e-05,30.0
19,0.547045,0.308052,0.786038,0.0,0.0,0.0,0.0,0.0,0.0,0.0,0.0,0.0,0.0,0.0,1.0,0.37691,0.9856,9.802e-05,29.1
20,0.542621,0.300671,0.784572,0.0,0.0,0.0,0.0,0.0,0.0,0.0,0.0,0.0,0.0,0.0,1.0,0.380216,0.9856,9.773e-05,29.2
21,0.542584,0.301001,0.784167,0.0,0.0,0.0,0.0,0.0,0.0,0.0,0.0,0.0,0.0,0.0,1.0,0.375178,0.9868,9.742e-05,29.2
22,0.54018,0.301491,0.778869,0.0,0.0,0.0,0.0,0.0,0.0,0.0,0.0,0.0,0.0,0.0,1.0,0.382335,0.9832,9.709e-05,29.5
23,0.539314,0.30103,0.777598,0.0,0.0,0.0,0.0,0.0,0.0,0.0,0.0,0.0,0.0,0.0,1.0,0.369226,0.9856,9.674e-05,29.4
24,0.537933,0.30065,0.775216,0.0,0.0,0.0,0.0,0.0,0.0,0.0,0.0,0.0,0.0,0.0,1.0,0.37236,0.9844,9.637e-05,31.7
25,0.536396,0.298023,0.774768,0.0,0.0,0.0,0.0,0.0,0.0,0.0,0.0,0.0,0.0,0.0,0.9998,0.357822,0.9868,9.599e-05,34.0
26,0.536121,0.30107,0.771173,0.0,0.0,0.0,0.0,0.0,0.0,0.0,0.0,0.0,0.0,0.0,0.9997,0.356441,0.9856,9.558e-05,28.9
27,0.532935,0.297977,0.767893,0.0,0.0,0.0,0.0,0.0,0.0,0.0,0.0,0.0,0.0,0.0,0.9998,0.402365,0.9844,9.516e-05,29.2
28,0.531323,0.295463,0.767183,0.0,0.0,0.0,0.0,0.0,0.0,0.0,0.0,0.0,0.0,0.0,0.9998,0.351506,0.9868,9.472e-05,28.9
29,0.530134,0.294534,0.765734,0.0,0.0,0.0,0.0,0.0,0.0,0.0,0.0,0.0,0.0,0.0,1.0,0.365296,0.9856,9.426e-05,29.6
30,0.530579,0.298181,0.762976,0.0,0.0,0.0,0.0,0.0,0.0,0.0,0.0,0.0,0.0,0.0,1.0,0.349988,0.9868,9.378e-05,29.3
31,0.531819,0.300875,0.762763,0.0,0.0,0.0,0.0,0.0,0.0,0.0,0.0,0.0,0.0,0.0,1.0,0.349865,0.9868,9.328e-05,29.5
32,0.526238,0.290941,0.761535,0.0,0.0,0.0,0.0,0.0,0.0,0.0,0.0,0.0,0.0,0.0,0.9998,0.363661,0.9892,9.277e-05,29.0
33,0.527441,0.294689,0.760192,0.0,0.0,0.0,0.0,0.0,0.0,0.0,0.0,0.0,0.0,0.0,1.0,0.354712,0.9868,9.224e-05,29.3
34,0.526628,0.295809,0.757447,0.0,0.0,0.0,0.0,0.0,0.0,0.0,0.0,0.0,0.0,0.0,0.9997,0.369456,0.9856,9.169e-05,29.7
35,0.525267,0.292747,0.757788,0.0,0.0,0.0,0.0,0.0,0.0,0.0,0.0,0.0,0.0,0.0,1.0,0.366582,0.9844,9.113e-05,29.4
36,0.52548,0.294878,0.756083,0.0,0.0,0.0,0.0,0.0,0.0,0.0,0.0,0.0,0.0,0.0,0.9998,0.360318,0.9844,9.055e-05,28.9
37,0.52167,0.290507,0.752832,0.0,0.0,0.0,0.0,0.0,0.0,0.0,0.0,0.0,0.0,0.0,1.0,0.35557,0.9856,8.995e-05,29.6
38,0.522266,0.292617,0.751915,0.0,0.0,0.0,0.0,0.0,0.0,0.0,0.0,0.0,0.0,0.0,0.9998,0.349541,0.9868,8.933e-05,29.3
39,0.524108,0.296951,0.751265,0.0,0.0,0.0,0.0,0.0,0.0,0.0,0.0,0.0,0.0,0.0,1.0,0.351921,0.988,8.87e-05,27.2
40,0.518098,0.285718,0.750478,0.0,0.0,0.0,0.0,0.0,0.0,0.0,0.0,0.0,0.0,0.0,0.9998,0.352667,0.9904,8.806e-05,26.6
41,0.520648,0.293133,0.748164,0.0,0.0,0.0,0.0,0.0,0.0,0.0,0.0,0.0,0.0,0.0,1.0,0.352782,0.9856,8.74e-05,26.3
42,0.520494,0.292978,0.748009,0.0,0.0,0.0,0.0,0.0,0.0,0.0,0.0,0.0,0.0,0.0,0.9997,0.355873,0.9856,8.672e-05,26.4
43,0.519398,0.292138,0.746658,0.0,0.0,0.0,0.0,0.0,0.0,0.0,0.0,0.0,0.0,0.0,0.9998,0.376475,0.988,8.603e-05,26.5
44,0.516245,0.286468,0.746022,0.0,0.0,0.0,0.0,0.0,0.0,0.0,0.0,0.0,0.0,0.0,1.0,0.349764,0.988,8.532e-05,26.7
45,0.51861,0.2935,0.74372,0.0,0.0,0.0,0.0,0.0,0.0,0.0,0.0,0.0,0.0,0.0,1.0,0.339817,0.9904,8.46e-05,30.2
46,0.518002,0.292632,0.743372,0.0,0.0,0.0,0.0,0.0,0.0,0.0,0.0,0.0,0.0,0.0,1.0,0.357399,0.988,8.387e-05,26.6
47,0.515931,0.288195,0.743667,0.0,0.0,0.0,0.0,0.0,0.0,0.0,0.0,0.0,0.0,0.0,0.9998,0.347092,0.9868,8.312e-05,26.3
48,0.515438,0.290432,0.740443,0.0,0.0,0.0,0.0,0.0,0.0,0.0,0.0,0.0,0.0,0.0,0.9998,0.342481,0.9916,8.236e-05,26.4
49,0.516207,0.291605,0.740809,0.0,0.0,0.0,0.0,0.0,0.0,0.0,0.0,0.0,0.0,0.0,1.0,0.339109,0.988,8.159e-05,26.5
50,0.517063,0.294027,0.740099,0.0,0.0,0.0,0.0,0.0,0.0,0.0,0.0,0.0,0.0,0.0,0.9997,0.371082,0.988,8.08e-05,26.4
51,0.516164,0.291995,0.740333,0.0,0.0,0.0,0.0,0.0,0.0,0.0,0.0,0.0,0.0,0.0,0.9998,0.335401,0.9868,8e-05,26.3
52,0.513288,0.287409,0.739166,0.0,0.0,0.0,0.0,0.0,0.0,0.0,0.0,0.0,0.0,0.0,1.0,0.341838,0.9892,7.919e-05,26.4
53,0.516095,0.294318,0.737871,0.0,0.0,0.0,0.0,0.0,0.0,0.0,0.0,0.0,0.0,0.0,1.0,0.333917,0.988,7.836e-05,26.5
54,0.514192,0.292477,0.735907,0.0,0.0,0.0,0.0,0.0,0.0,0.0,0.0,0.0,0.0,0.0,0.9998,0.332985,0.9868,7.753e-05,26.4
55,0.511259,0.285177,0.737341,0.0,0.0,0.0,0.0,0.0,0.0,0.0,0.0,0.0,0.0,0.0,1.0,0.329873,0.9892,7.668e-05,26.5
56,0.510504,0.284553,0.736455,0.0,0.0,0.0,0.0,0.0,0.0,0.0,0.0,0.0,0.0,0.0,1.0,0.337821,0.9904,7.583e-05,26.4
57,0.512608,0.290974,0.734241,0.0,0.0,0.0,0.0,0.0,0.0,0.0,0.0,0.0,0.0,0.0,0.9998,0.342074,0.9856,7.496e-05,26.4
58,0.511413,0.289331,0.733494,0.0,0.0,0.0,0.0,0.0,0.0,0.0,0.0,0.0,0.0,0.0,1.0,0.335203,0.9904,7.408e-05,26.3
59,0.511113,0.289479,0.732748,0.0,0.0,0.0,0.0,0.0,0.0,0.0,0.0,0.0,0.0,0.0,1.0,0.339562,0.988,7.32e-05,26.5
60,0.510853,0.28578,0.735926,0.0,0.0,0.0,0.0,0.0,0.0,0.0,0.0,0.0,0.0,0.0,0.9998,0.355602,0.988,7.23e-05,26.4
61,0.512433,0.294488,0.730378,0.0,0.0,0.0,0.0,0.0,0.0,0.0,0.0,0.0,0.0,0.0,0.9998,0.321562,0.9892,7.139e-05,26.6
62,0.510616,0.287511,0.733721,0.0,0.0,0.0,0.0,0.0,0.0,0.0,0.0,0.0,0.0,0.0,0.9997,0.333342,0.988,7.048e-05,26.5
63,0.510806,0.290733,0.730878,0.0,0.0,0.0,0.0,0.0,0.0,0.0,0.0,0.0,0.0,0.0,0.9998,0.334455,0.9892,6.956e-05,26.2
64,0.510109,0.289356,0.730863,0.0,0.0,0.0,0.0,0.0,0.0,0.0,0.0,0.0,0.0,0.0,0.9998,0.329084,0.9892,6.863e-05,26.7
65,0.511305,0.289933,0.732676,0.0,0.0,0.0,0.0,0.0,0.0,0.0,0.0,0.0,0.0,0.0,0.9998,0.32087,0.9904,6.769e-05,26.7
66,0.509957,0.289314,0.730601,0.0,0.0,0.0,0.0,0.0,0.0,0.0,0.0,0.0,0.0,0.0,1.0,0.322916,0.9892,6.675e-05,27.1
67,0.509347,0.290225,0.728469,0.0,0.0,0.0,0.0,0.0,0.0,0.0,0.0,0.0,0.0,0.0,0.9998,0.32818,0.9904,6.58e-05,27.1
68,0.510167,0.292556,0.727778,0.0,0.0,0.0,0.0,0.0,0.0,0.0,0.0,0.0,0.0,0.0,0.9998,0.330313,0.988,6.484e-05,27.1
69,0.510412,0.291248,0.729576,0.0,0.0,0.0,0.0,0.0,0.0,0.0,0.0,0.0,0.0,0.0,0.9998,0.321527,0.9868,6.388e-05,28.0
70,0.511813,0.293121,0.730506,0.0,0.0,0.0,0.0,0.0,0.0,0.0,0.0,0.0,0.0,0.0,0.9997,0.330132,0.9904,6.291e-05,32.8
71,0.511309,0.291336,0.731282,0.0,0.0,0.0,0.0,0.0,0.0,0.0,0.0,0.0,0.0,0.0,0.9998,0.325661,0.9892,6.193e-05,30.8
72,0.50732,0.285876,0.728765,0.0,0.0,0.0,0.0,0.0,0.0,0.0,0.0,0.0,0.0,0.0,1.0,0.325273,0.9904,6.096e-05,29.4
73,0.508843,0.290294,0.727392,0.0,0.0,0.0,0.0,0.0,0.0,0.0,0.0,0.0,0.0,0.0,0.9997,0.325228,0.9892,5.997e-05,27.7
74,0.508301,0.288493,0.728109,0.0,0.0,0.0,0.0,0.0,0.0,0.0,0.0,0.0,0.0,0.0,0.9997,0.321573,0.9904,5.899e-05,53.2
75,0.506575,0.286541,0.726609,0.0,0.0,0.0,0.0,0.0,0.0,0.0,0.0,0.0,0.0,0.0,1.0,0.327557,0.9904,5.8e-05,30.7
76,0.508114,0.28878,0.727448,0.0,0.0,0.0,0.0,0.0,0.0,0.0,0.0,0.0,0.0,0.0,0.9995,0.325524,0.9916,5.7e-05,23.4
77,0.506782,0.287906,0.725658,0.0,0.0,0.0,0.0,0.0,0.0,0.0,0.0,0.0,0.0,0.0,0.9995,0.326826,0.9916,5.601e-05,23.5
78,0.510161,0.294375,0.725948,0.0,0.0,0.0,0.0,0.0,0.0,0.0,0.0,0.0,0.0,0.0,0.9994,0.325772,0.9892,5.501e-05,23.1
79,0.504223,0.283049,0.725397,0.0,0.0,0.0,0.0,0.0,0.0,0.0,0.0,0.0,0.0,0.0,0.9997,0.330468,0.988,5.401e-05,23.4
80,0.507609,0.290237,0.724981,0.0,0.0,0.0,0.0,0.0,0.0,0.0,0.0,0.0,0.0,0.0,1.0,0.321681,0.9916,5.301e-05,23.5
81,0.50792,0.291737,0.724104,0.0,0.0,0.0,0.0,0.0,0.0,0.0,0.0,0.0,0.0,0.0,0.9997,0.32085,0.9904,5.2e-05,23.4
82,0.507383,0.289237,0.725529,0.0,0.0,0.0,0.0,0.0,0.0,0.0,0.0,0.0,0.0,0.0,0.9998,0.319428,0.9904,5.1e-05,23.4
83,0.508466,0.291691,0.725241,0.0,0.0,0.0,0.0,0.0,0.0,0.0,0.0,0.0,0.0,0.0,1.0,0.31859,0.9892,5e-05,23.6
84,0.50642,0.288461,0.724379,0.0,0.0,0.0,0.0,0.0,0.0,0.0,0.0,0.0,0.0,0.0,1.0,0.321765,0.9904,4.9e-05,23.3
85,0.51186,0.299993,0.723727,0.0,0.0,0.0,0.0,0.0,0.0,0.0,0.0,0.0,0.0,0.0,0.9995,0.327357,0.9892,4.799e-05,23.3
86,0.505603,0.287763,0.723444,0.0,0.0,0.0,0.0,0.0,0.0,0.0,0.0,0.0,0.0,0.0,0.9995,0.313369,0.9904,4.699e-05,23.5
87,0.508468,0.293376,0.72356,0.0,0.0,0.0,0.0,0.0,0.0,0.0,0.0,0.0,0.0,0.0,0.9998,0.317537,0.9904,4.599e-05,23.5
88,0.506819,0.288945,0.724693,0.0,0.0,0.0,0.0,0.0,0.0,0.0,0.0,0.0,0.0,0.0,0.9998,0.313578,0.9904,4.499e-05,23.4
89,0.508823,0.294217,0.723429,0.0,0.0,0.0,0.0,0.0,0.0,0.0,0.0,0.0,0.0,0.0,0.9998,0.315473,0.9904,4.4e-05,23.5
90,0.506339,0.287047,0.72563,0.0,0.0,0.0,0.0,0.0,0.0,0.0,0.0,0.0,0.0,0.0,0.9997,0.325679,0.9892,4.3e-05,23.4
91,0.510801,0.30044,0.721162,0.0,0.0,0.0,0.0,0.0,0.0,0.0,0.0,0.0,0.0,0.0,0.9998,0.310529,0.9916,4.201e-05,23.6
92,0.505396,0.284821,0.72597,0.0,0.0,0.0,0.0,0.0,0.0,0.0,0.0,0.0,0.0,0.0,1.0,0.31501,0.9892,4.103e-05,23.5
93,0.506522,0.288994,0.72405,0.0,0.0,0.0,0.0,0.0,0.0,0.0,0.0,0.0,0.0,0.0,0.9998,0.314385,0.9892,4.004e-05,23.5
94,0.508929,0.294942,0.722915,0.0,0.0,0.0,0.0,0.0,0.0,0.0,0.0,0.0,0.0,0.0,0.9998,0.321157,0.9904,3.907e-05,23.5
95,0.509691,0.295092,0.72429,0.0,0.0,0.0,0.0,0.0,0.0,0.0,0.0,0.0,0.0,0.0,0.9997,0.320522,0.988,3.809e-05,23.6
96,0.505605,0.28849,0.722719,0.0,0.0,0.0,0.0,0.0,0.0,0.0,0.0,0.0,0.0,0.0,0.9998,0.321029,0.9892,3.712e-05,23.4
97,0.508611,0.294636,0.722586,0.0,0.0,0.0,0.0,0.0,0.0,0.0,0.0,0.0,0.0,0.0,0.9998,0.315347,0.9904,3.616e-05,23.4
98,0.508142,0.292334,0.72395,0.0,0.0,0.0,0.0,0.0,0.0,0.0,0.0,0.0,0.0,0.0,0.9997,0.322324,0.9904,3.52e-05,23.5
99,0.511922,0.30095,0.722895,0.0,0.0,0.0,0.0,0.0,0.0,0.0,0.0,0.0,0.0,0.0,1.0,0.315436,0.9904,3.425e-05,23.5
100,0.509462,0.29466,0.724263,0.0,0.0,0.0,0.0,0.0,0.0,0.0,0.0,0.0,0.0,0.0,1.0,0.316831,0.9892,3.331e-05,23.4
101,0.50888,0.293682,0.724077,0.0,0.0,0.0,0.0,0.0,0.0,0.0,0.0,0.0,0.0,0.0,0.9997,0.322553,0.9892,3.237e-05,23.7
102,0.508692,0.295377,0.722007,0.0,0.0,0.0,0.0,0.0,0.0,0.0,0.0,0.0,0.0,0.0,0.9995,0.314644,0.9892,3.144e-05,23.4
103,0.509836,0.293261,0.726412,0.0,0.0,0.0,0.0,0.0,0.0,0.0,0.0,0.0,0.0,0.0,1.0,0.310689,0.9892,3.052e-05,23.4
104,0.50801,0.294683,0.721337,0.0,0.0,0.0,0.0,0.0,0.0,0.0,0.0,0.0,0.0,0.0,1.0,0.313215,0.9904,2.961e-05,23.5
105,0.510325,0.297855,0.722796,0.0,0.0,0.0,0.0,0.0,0.0,0.0,0.0,0.0,0.0,0.0,0.9995,0.314941,0.9892,2.87e-05,23.6
106,0.511679,0.30015,0.723208,0.0,0.0,0.0,0.0,0.0,0.0,0.0,0.0,0.0,0.0,0.0,0.9998,0.310474,0.9904,2.78e-05,23.2
107,0.509656,0.293953,0.725359,0.0,0.0,0.0,0.0,0.0,0.0,0.0,0.0,0.0,0.0,0.0,1.0,0.31395,0.988,2.692e-05,23.3
108,0.509003,0.293831,0.724175,0.0,0.0,0.0,0.0,0.0,0.0,0.0,0.0,0.0,0.0,0.0,0.9997,0.31626,0.9904,2.604e-05,23.5
109,0.509991,0.298096,0.721887,0.0,0.0,0.0,0.0,0.0,0.0,0.0,0.0,0.0,0.0,0.0,1.0,0.310577,0.9892,2.517e-05,23.6
110,0.511158,0.301534,0.720782,0.0,0.0,0.0,0.0,0.0,0.0,0.0,0.0,0.0,0.0,0.0,0.9997,0.309782,0.9892,2.432e-05,23.4
111,0.511632,0.299548,0.723715,0.0,0.0,0.0,0.0,0.0,0.0,0.0,0.0,0.0,0.0,0.0,0.9997,0.304061,0.9904,2.347e-05,23.9
112,0.512304,0.300944,0.723664,0.0,0.0,0.0,0.0,0.0,0.0,0.0,0.0,0.0,0.0,0.0,0.9995,0.31148,0.9916,2.264e-05,23.6
113,0.510402,0.298351,0.722454,0.0,0.0,0.0,0.0,0.0,0.0,0.0,0.0,0.0,0.0,0.0,1.0,0.308607,0.9904,2.181e-05,23.3
114,0.512703,0.304445,0.720961,0.0,0.0,0.0,0.0,0.0,0.0,0.0,0.0,0.0,0.0,0.0,0.9997,0.304657,0.9892,2.1e-05,23.3
115,0.512105,0.299547,0.724663,0.0,0.0,0.0,0.0,0.0,0.0,0.0,0.0,0.0,0.0,0.0,1.0,0.304575,0.9904,2.02e-05,23.4
116,0.511406,0.296882,0.725931,0.0,0.0,0.0,0.0,0.0,0.0,0.0,0.0,0.0,0.0,0.0,1.0,0.31172,0.9892,1.941e-05,23.6
117,0.512052,0.298857,0.725247,0.0,0.0,0.0,0.0,0.0,0.0,0.0,0.0,0.0,0.0,0.0,1.0,0.311353,0.9904,1.864e-05,23.1
118,0.510039,0.296973,0.723105,0.0,0.0,0.0,0.0,0.0,0.0,0.0,0.0,0.0,0.0,0.0,1.0,0.304638,0.9904,1.788e-05,23.6
119,0.511244,0.296714,0.725775,0.0,0.0,0.0,0.0,0.0,0.0,0.0,0.0,0.0,0.0,0.0,0.9997,0.309735,0.9904,1.713e-05,23.5
120,0.514908,0.304707,0.725108,0.0,0.0,0.0,0.0,0.0,0.0,0.0,0.0,0.0,0.0,0.0,1.0,0.30886,0.9904,1.64e-05,23.5
121,0.515571,0.307221,0.723921,0.0,0.0,0.0,0.0,0.0,0.0,0.0,0.0,0.0,0.0,0.0,1.0,0.308389,0.9916,1.568e-05,23.7
122,0.513474,0.302907,0.724042,0.0,0.0,0.0,0.0,0.0,0.0,0.0,0.0,0.0,0.0,0.0,0.9998,0.305671,0.9892,1.497e-05,23.7
123,0.515684,0.305328,0.72604,0.0,0.0,0.0,0.0,0.0,0.0,0.0,0.0,0.0,0.0,0.0,1.0,0.309811,0.9916,1.428e-05,23.4
124,0.512653,0.3,0.725306,0.0,0.0,0.0,0.0,0.0,0.0,0.0,0.0,0.0,0.0,0.0,0.9998,0.308083,0.9904,1.36e-05,23.3
125,0.515674,0.306694,0.724655,0.0,0.0,0.0,0.0,0.0,0.0,0.0,0.0,0.0,0.0,0.0,0.9995,0.304705,0.9904,1.294e-05,23.6
126,0.513656,0.298795,0.728516,0.0,0.0,0.0,0.0,0.0,0.0,0.0,0.0,0.0,0.0,0.0,0.9995,0.311417,0.9904,1.23e-05,23.4
127,0.516194,0.306308,0.726081,0.0,0.0,0.0,0.0,0.0,0.0,0.0,0.0,0.0,0.0,0.0,0.9998,0.30516,0.9916,1.167e-05,23.3
128,0.514203,0.302989,0.725417,0.0,0.0,0.0,0.0,0.0,0.0,0.0,0.0,0.0,0.0,0.0,0.9997,0.307973,0.9904,1.105e-05,23.3
129,0.517467,0.309194,0.72574,0.0,0.0,0.0,0.0,0.0,0.0,0.0,0.0,0.0,0.0,0.0,0.9997,0.307263,0.9916,1.045e-05,23.2
130,0.514757,0.30318,0.726334,0.0,0.0,0.0,0.0,0.0,0.0,0.0,0.0,0.0,0.0,0.0,0.9998,0.306184,0.9916,9.87e-06,23.4
131,0.514019,0.303003,0.725034,0.0,0.0,0.0,0.0,0.0,0.0,0.0,0.0,0.0,0.0,0.0,1.0,0.311747,0.9916,9.31e-06,23.3
132,0.514565,0.301713,0.727418,0.0,0.0,0.0,0.0,0.0,0.0,0.0,0.0,0.0,0.0,0.0,0.9998,0.307576,0.9892,8.76e-06,23.5
133,0.516418,0.306285,0.726551,0.0,0.0,0.0,0.0,0.0,0.0,0.0,0.0,0.0,0.0,0.0,0.9998,0.304777,0.9904,8.23e-06,23.6
134,0.515729,0.305617,0.72584,0.0,0.0,0.0,0.0,0.0,0.0,0.0,0.0,0.0,0.0,0.0,0.9997,0.305585,0.9904,7.72e-06,23.4
135,0.52076,0.316001,0.725518,0.0,0.0,0.0,0.0,0.0,0.0,0.0,0.0,0.0,0.0,0.0,1.0,0.306837,0.9904,7.22e-06,23.2
136,0.519136,0.310635,0.727636,0.0,0.0,0.0,0.0,0.0,0.0,0.0,0.0,0.0,0.0,0.0,0.9998,0.303086,0.9904,6.74e-06,23.4
137,0.519468,0.31166,0.727276,0.0,0.0,0.0,0.0,0.0,0.0,0.0,0.0,0.0,0.0,0.0,0.9997,0.30417,0.9904,6.28e-06,23.4
138,0.516465,0.305225,0.727705,0.0,0.0,0.0,0.0,0.0,0.0,0.0,0.0,0.0,0.0,0.0,0.9997,0.304652,0.9916,5.84e-06,23.2
139,0.517846,0.30784,0.727852,0.0,0.0,0.0,0.0,0.0,0.0,0.0,0.0,0.0,0.0,0.0,0.9995,0.305679,0.9892,5.42e-06,23.5
140,0.520509,0.314606,0.726411,0.0,0.0,0.0,0.0,0.0,0.0,0.0,0.0,0.0,0.0,0.0,1.0,0.300705,0.9904,5.01e-06,23.4
141,0.520495,0.312894,0.728095,0.0,0.0,0.0,0.0,0.0,0.0,0.0,0.0,0.0,0.0,0.0,0.9997,0.3086,0.9892,4.63e-06,23.2
142,0.52123,0.315519,0.726941,0.0,0.0,0.0,0.0,0.0,0.0,0.0,0.0,0.0,0.0,0.0,0.9995,0.302742,0.9904,4.26e-06,23.4
143,0.52035,0.311628,0.729071,0.0,0.0,0.0,0.0,0.0,0.0,0.0,0.0,0.0,0.0,0.0,0.9998,0.304836,0.9904,3.91e-06,23.5
144,0.52241,0.317562,0.727259,0.0,0.0,0.0,0.0,0.0,0.0,0.0,0.0,0.0,0.0,0.0,0.9997,0.306141,0.9892,3.58e-06,23.2
145,0.521375,0.313175,0.729575,0.0,0.0,0.0,0.0,0.0,0.0,0.0,0.0,0.0,0.0,0.0,0.9997,0.302506,0.9904,3.27e-06,23.3
146,0.521786,0.314271,0.729301,0.0,0.0,0.0,0.0,0.0,0.0,0.0,0.0,0.0,0.0,0.0,0.9998,0.302074,0.9904,2.98e-06,23.6
147,0.51989,0.310783,0.728997,0.0,0.0,0.0,0.0,0.0,0.0,0.0,0.0,0.0,0.0,0.0,1.0,0.306696,0.9916,2.71e-06,23.2
148,0.520849,0.311592,0.730107,0.0,0.0,0.0,0.0,0.0,0.0,0.0,0.0,0.0,0.0,0.0,0.9997,0.307181,0.9904,2.46e-06,23.2
149,0.519387,0.30907,0.729704,0.0,0.0,0.0,0.0,0.0,0.0,0.0,0.0,0.0,0.0,0.0,0.9998,0.305385,0.9904,2.23e-06,23.3
150,0.52153,0.313868,0.729193,0.0,0.0,0.0,0.0,0.0,0.0,0.0,0.0,0.0,0.0,0.0,0.9994,0.306456,0.9904,2.01e-06,23.7
151,0.521455,0.31224,0.730669,0.0,0.0,0.0,0.0,0.0,0.0,0.0,0.0,0.0,0.0,0.0,0.9997,0.305463,0.9892,1.82e-06,23.4
152,0.526778,0.323572,0.729984,0.0,0.0,0.0,0.0,0.0,0.0,0.0,0.0,0.0,0.0,0.0,1.0,0.304727,0.9904,1.65e-06,23.5
153,0.524771,0.321065,0.728477,0.0,0.0,0.0,0.0,0.0,0.0,0.0,0.0,0.0,0.0,0.0,0.9997,0.305354,0.9904,1.5e-06,23.6
154,0.525586,0.322366,0.728807,0.0,0.0,0.0,0.0,0.0,0.0,0.0,0.0,0.0,0.0,0.0,1.0,0.300425,0.9916,1.37e-06,23.3
155,0.527111,0.325361,0.728861,0.0,0.0,0.0,0.0,0.0,0.0,0.0,0.0,0.0,0.0,0.0,0.9995,0.302622,0.9904,1.25e-06,23.3
156,0.522254,0.313651,0.730858,0.0,0.0,0.0,0.0,0.0,0.0,0.0,0.0,0.0,0.0,0.0,0.9997,0.305131,0.9892,1.16e-06,23.4
157,0.523552,0.313719,0.733385,0.0,0.0,0.0,0.0,0.0,0.0,0.0,0.0,0.0,0.0,0.0,0.9995,0.304489,0.9904,1.09e-06,23.3
158,0.524988,0.320412,0.729563,0.0,0.0,0.0,0.0,0.0,0.0,0.0,0.0,0.0,0.0,0.0,0.9995,0.300935,0.9904,1.04e-06,23.5
159,0.524378,0.320077,0.728678,0.0,0.0,0.0,0.0,0.0,0.0,0.0,0.0,0.0,0.0,0.0,0.9998,0.308249,0.9904,1.01e-06,23.3
160,0.527815,0.326762,0.728867,0.0,0.0,0.0,0.0,0.0,0.0,0.0,0.0,0.0,0.0,0.0,0.9997,0.304359,0.9904,1e-06,23.6
