epoch,train_loss,train_ce,train_kd,train_center,train_relation,train_embedding,train_logit_kd,train_topk,train_margin,train_anchor,train_teacher1_kd,train_teacher2_kd,teacher2_active,train_tdl,train_contrast,train_topkd,train_tckd,train_nckd,hard_ratio,avg_true_rank,weighted_center,weighted_feature,weighted_relation,center_weight_effective,feature_weight_effective,relation_weight_effective,grad_norm_ce,grad_norm_center,grad_norm_feature,grad_norm_relation,adaptive_stage,icd_sdc_active,icd_positive_pairs,icd_bank_occupancy,icd_true_class_margin,loss_fcd,loss_arcface_raw,loss_arcface_weighted,loss_logit_kd_weighted,logit_kd_effective_weight,loss_ce_weighted,loss_ls_kd,loss_ls_kd_weighted,student_logit_std,teacher_logit_std,train_acc,val_loss,val_acc,lr,time_s,val_true_class_margin
0,,,,,,,,,,,,,,,,,,,,,,,,,,,,,,,,,,,,,,,,,,,,,,,6.758938,0.0024,,,-0.864837
1,27.079367,7.006204,2.230351,0.0,0.0,0.0,0.0,0.0,0.0,0.0,0.0,0.0,0.0,0.0,0.0,0.0,0.0,0.0,0.0,0.0,0.0,0.0,0.0,0.0,0.0,0.0,0.0,0.0,0.0,0.0,0.0,0.0,0.0,0.0,0.0,0.0,0.0,0.0,0.0,0.0,7.00620369,2.23035147,20.07316331,0.70873051,6.26887846,0.0007,6.802278,0.0012,0.00010095,27.7,-0.987424
2,26.46784,6.939887,2.169773,0.0,0.0,0.0,0.0,0.0,0.0,0.0,0.0,0.0,0.0,0.0,0.0,0.0,0.0,0.0,0.0,0.0,0.0,0.0,0.0,0.0,0.0,0.0,0.0,0.0,0.0,0.0,0.0,0.0,0.0,0.0,0.0,0.0,0.0,0.0,0.0,0.0,6.93988735,2.16977254,19.52795272,0.62192554,6.27052065,0.001,6.76083,0.0024,0.00020095,27.1,-0.680412
3,25.654808,6.891666,2.084794,0.0,0.0,0.0,0.0,0.0,0.0,0.0,0.0,0.0,0.0,0.0,0.0,0.0,0.0,0.0,0.0,0.0,0.0,0.0,0.0,0.0,0.0,0.0,0.0,0.0,0.0,0.0,0.0,0.0,0.0,0.0,0.0,0.0,0.0,0.0,0.0,0.0,6.89166583,2.08479359,18.76314236,0.59655859,6.27173511,0.0009,6.742799,0.0036,0.00030095,26.9,-0.716047
4,24.835679,6.848651,1.998559,0.0,0.0,0.0,0.0,0.0,0.0,0.0,0.0,0.0,0.0,0.0,0.0,0.0,0.0,0.0,0.0,0.0,0.0,0.0,0.0,0.0,0.0,0.0,0.0,0.0,0.0,0.0,0.0,0.0,0.0,0.0,0.0,0.0,0.0,0.0,0.0,0.0,6.84865097,1.99855867,17.98702803,0.64616432,6.26898994,0.0006,6.775261,0.0024,0.00040095,26.9,-1.332398
5,24.037382,6.765875,1.919056,0.0,0.0,0.0,0.0,0.0,0.0,0.0,0.0,0.0,0.0,0.0,0.0,0.0,0.0,0.0,0.0,0.0,0.0,0.0,0.0,0.0,0.0,0.0,0.0,0.0,0.0,0.0,0.0,0.0,0.0,0.0,0.0,0.0,0.0,0.0,0.0,0.0,6.76587474,1.91905639,17.27150741,0.8160792,6.26955007,0.0013,6.503554,0.0108,0.00050095,26.9,-0.71638
6,23.433239,6.660212,1.86367,0.0,0.0,0.0,0.0,0.0,0.0,0.0,0.0,0.0,0.0,0.0,0.0,0.0,0.0,0.0,0.0,0.0,0.0,0.0,0.0,0.0,0.0,0.0,0.0,0.0,0.0,0.0,0.0,0.0,0.0,0.0,0.0,0.0,0.0,0.0,0.0,0.0,6.66021211,1.86366959,16.77302636,1.05842134,6.26909939,0.0033,7.110758,0.0036,0.00060095,27.0,-3.197685
7,22.793246,6.5038,1.809938,0.0,0.0,0.0,0.0,0.0,0.0,0.0,0.0,0.0,0.0,0.0,0.0,0.0,0.0,0.0,0.0,0.0,0.0,0.0,0.0,0.0,0.0,0.0,0.0,0.0,0.0,0.0,0.0,0.0,0.0,0.0,0.0,0.0,0.0,0.0,0.0,0.0,6.50379989,1.80993846,16.28944609,1.31400046,6.27101556,0.0051,6.061505,0.0108,0.00070095,26.8,-1.308679
8,22.346274,6.344329,1.777994,0.0,0.0,0.0,0.0,0.0,0.0,0.0,0.0,0.0,0.0,0.0,0.0,0.0,0.0,0.0,0.0,0.0,0.0,0.0,0.0,0.0,0.0,0.0,0.0,0.0,0.0,0.0,0.0,0.0,0.0,0.0,0.0,0.0,0.0,0.0,0.0,0.0,6.34432888,1.77799394,16.00194542,1.51194336,6.2703045,0.0079,5.64189,0.0348,0.00080095,27.0,-1.069676
9,21.824583,6.151556,1.741447,0.0,0.0,0.0,0.0,0.0,0.0,0.0,0.0,0.0,0.0,0.0,0.0,0.0,0.0,0.0,0.0,0.0,0.0,0.0,0.0,0.0,0.0,0.0,0.0,0.0,0.0,0.0,0.0,0.0,0.0,0.0,0.0,0.0,0.0,0.0,0.0,0.0,6.15155623,1.74144748,15.67302733,1.66014039,6.27169996,0.0131,5.352041,0.042,0.00090095,27.1,-1.170818
10,21.407672,5.983501,1.713797,0.0,0.0,0.0,0.0,0.0,0.0,0.0,0.0,0.0,0.0,0.0,0.0,0.0,0.0,0.0,0.0,0.0,0.0,0.0,0.0,0.0,0.0,0.0,0.0,0.0,0.0,0.0,0.0,0.0,0.0,0.0,0.0,0.0,0.0,0.0,0.0,0.0,5.98350052,1.7137968,15.42417113,1.74637562,6.26924623,0.0232,5.362942,0.0312,0.001,27.0,-1.859468
11,20.948081,5.809985,1.682011,0.0,0.0,0.0,0.0,0.0,0.0,0.0,0.0,0.0,0.0,0.0,0.0,0.0,0.0,0.0,0.0,0.0,0.0,0.0,0.0,0.0,0.0,0.0,0.0,0.0,0.0,0.0,0.0,0.0,0.0,0.0,0.0,0.0,0.0,0.0,0.0,0.0,5.80998512,1.68201067,15.13809607,1.83709708,6.27015973,0.0315,4.979728,0.0743,0.00099997,27.1,-1.540244
12,20.495409,5.635215,1.651133,0.0,0.0,0.0,0.0,0.0,0.0,0.0,0.0,0.0,0.0,0.0,0.0,0.0,0.0,0.0,0.0,0.0,0.0,0.0,0.0,0.0,0.0,0.0,0.0,0.0,0.0,0.0,0.0,0.0,0.0,0.0,0.0,0.0,0.0,0.0,0.0,0.0,5.63521466,1.65113265,14.86019387,1.91728072,6.27121606,0.0507,4.537759,0.1379,0.00099988,27.1,-0.985967
13,20.08182,5.462505,1.624368,0.0,0.0,0.0,0.0,0.0,0.0,0.0,0.0,0.0,0.0,0.0,0.0,0.0,0.0,0.0,0.0,0.0,0.0,0.0,0.0,0.0,0.0,0.0,0.0,0.0,0.0,0.0,0.0,0.0,0.0,0.0,0.0,0.0,0.0,0.0,0.0,0.0,5.46250505,1.62436838,14.61931542,1.98676708,6.26890833,0.0705,4.29443,0.1487,0.00099974,26.8,-0.899054
14,19.657193,5.295071,1.595791,0.0,0.0,0.0,0.0,0.0,0.0,0.0,0.0,0.0,0.0,0.0,0.0,0.0,0.0,0.0,0.0,0.0,0.0,0.0,0.0,0.0,0.0,0.0,0.0,0.0,0.0,0.0,0.0,0.0,0.0,0.0,0.0,0.0,0.0,0.0,0.0,0.0,5.2950714,1.59579133,14.36212195,2.03052067,6.26917292,0.0943,4.331846,0.1679,0.00099953,27.1,-0.96177
15,19.270603,5.144995,1.569512,0.0,0.0,0.0,0.0,0.0,0.0,0.0,0.0,0.0,0.0,0.0,0.0,0.0,0.0,0.0,0.0,0.0,0.0,0.0,0.0,0.0,0.0,0.0,0.0,0.0,0.0,0.0,0.0,0.0,0.0,0.0,0.0,0.0,0.0,0.0,0.0,0.0,5.14499504,1.56951196,14.12560762,2.08070829,6.26912961,0.1263,4.943019,0.1007,0.00099927,27.2,-1.850305
16,18.868102,4.985415,1.542521,0.0,0.0,0.0,0.0,0.0,0.0,0.0,0.0,0.0,0.0,0.0,0.0,0.0,0.0,0.0,0.0,0.0,0.0,0.0,0.0,0.0,0.0,0.0,0.0,0.0,0.0,0.0,0.0,0.0,0.0,0.0,0.0,0.0,0.0,0.0,0.0,0.0,4.9854154,1.54252077,13.88268697,2.1101704,6.26947091,0.1655,3.839727,0.2098,0.00099895,26.9,-0.927636
17,18.467128,4.825648,1.51572,0.0,0.0,0.0,0.0,0.0,0.0,0.0,0.0,0.0,0.0,0.0,0.0,0.0,0.0,0.0,0.0,0.0,0.0,0.0,0.0,0.0,0.0,0.0,0.0,0.0,0.0,0.0,0.0,0.0,0.0,0.0,0.0,0.0,0.0,0.0,0.0,0.0,4.82564781,1.51572005,13.64148041,2.11321635,6.27091672,0.2104,3.618564,0.3249,0.00099856,26.9,-0.627831
18,18.071788,4.663724,1.489785,0.0,0.0,0.0,0.0,0.0,0.0,0.0,0.0,0.0,0.0,0.0,0.0,0.0,0.0,0.0,0.0,0.0,0.0,0.0,0.0,0.0,0.0,0.0,0.0,0.0,0.0,0.0,0.0,0.0,0.0,0.0,0.0,0.0,0.0,0.0,0.0,0.0,4.66372366,1.4897849,13.40806412,2.1188677,6.26961947,0.2652,3.258183,0.3729,0.00099813,27.0,-0.46263
19,17.676688,4.512919,1.462641,0.0,0.0,0.0,0.0,0.0,0.0,0.0,0.0,0.0,0.0,0.0,0.0,0.0,0.0,0.0,0.0,0.0,0.0,0.0,0.0,0.0,0.0,0.0,0.0,0.0,0.0,0.0,0.0,0.0,0.0,0.0,0.0,0.0,0.0,0.0,0.0,0.0,4.51291929,1.46264099,13.1637689,2.08926112,6.27041269,0.3143,2.996913,0.3981,0.00099763,26.7,-0.358411
20,17.23752,4.354425,1.431455,0.0,0.0,0.0,0.0,0.0,0.0,0.0,0.0,0.0,0.0,0.0,0.0,0.0,0.0,0.0,0.0,0.0,0.0,0.0,0.0,0.0,0.0,0.0,0.0,0.0,0.0,0.0,0.0,0.0,0.0,0.0,0.0,0.0,0.0,0.0,0.0,0.0,4.35442529,1.431455,12.88309504,2.07514834,6.2725786,0.356,2.631524,0.5803,0.00099707,27.3,0.161476
21,16.77804,4.166273,1.401307,0.0,0.0,0.0,0.0,0.0,0.0,0.0,0.0,0.0,0.0,0.0,0.0,0.0,0.0,0.0,0.0,0.0,0.0,0.0,0.0,0.0,0.0,0.0,0.0,0.0,0.0,0.0,0.0,0.0,0.0,0.0,0.0,0.0,0.0,0.0,0.0,0.0,4.16627304,1.40130744,12.61176691,2.05437797,6.27103969,0.4403,3.40861,0.3405,0.00099646,27.2,-0.733664
22,16.49986,4.05873,1.382348,0.0,0.0,0.0,0.0,0.0,0.0,0.0,0.0,0.0,0.0,0.0,0.0,0.0,0.0,0.0,0.0,0.0,0.0,0.0,0.0,0.0,0.0,0.0,0.0,0.0,0.0,0.0,0.0,0.0,0.0,0.0,0.0,0.0,0.0,0.0,0.0,0.0,4.05872957,1.38234782,12.44113044,2.03047218,6.27011983,0.4787,2.201344,0.6918,0.00099579,27.1,0.518635
23,16.1175,3.922424,1.355008,0.0,0.0,0.0,0.0,0.0,0.0,0.0,0.0,0.0,0.0,0.0,0.0,0.0,0.0,0.0,0.0,0.0,0.0,0.0,0.0,0.0,0.0,0.0,0.0,0.0,0.0,0.0,0.0,0.0,0.0,0.0,0.0,0.0,0.0,0.0,0.0,0.0,3.92242438,1.35500845,12.1950761,2.00590986,6.26989058,0.5318,1.89478,0.7398,0.00099505,26.9,0.812964
24,15.679581,3.766668,1.323657,0.0,0.0,0.0,0.0,0.0,0.0,0.0,0.0,0.0,0.0,0.0,0.0,0.0,0.0,0.0,0.0,0.0,0.0,0.0,0.0,0.0,0.0,0.0,0.0,0.0,0.0,0.0,0.0,0.0,0.0,0.0,0.0,0.0,0.0,0.0,0.0,0.0,3.76666761,1.32365701,11.9129131,1.98272311,6.26938832,0.5917,1.993864,0.6787,0.00099427,26.9,0.637355
25,15.33672,3.66262,1.297122,0.0,0.0,0.0,0.0,0.0,0.0,0.0,0.0,0.0,0.0,0.0,0.0,0.0,0.0,0.0,0.0,0.0,0.0,0.0,0.0,0.0,0.0,0.0,0.0,0.0,0.0,0.0,0.0,0.0,0.0,0.0,0.0,0.0,0.0,0.0,0.0,0.0,3.66262048,1.29712213,11.67409919,1.95953854,6.27007802,0.6335,1.868689,0.6942,0.00099342,26.9,0.698366
26,14.966917,3.550826,1.268455,0.0,0.0,0.0,0.0,0.0,0.0,0.0,0.0,0.0,0.0,0.0,0.0,0.0,0.0,0.0,0.0,0.0,0.0,0.0,0.0,0.0,0.0,0.0,0.0,0.0,0.0,0.0,0.0,0.0,0.0,0.0,0.0,0.0,0.0,0.0,0.0,0.0,3.55082633,1.26845453,11.41609076,1.94463522,6.27087811,0.6692,2.053459,0.6703,0.00099252,27.0,0.569244
27,14.638914,3.4455,1.243713,0.0,0.0,0.0,0.0,0.0,0.0,0.0,0.0,0.0,0.0,0.0,0.0,0.0,0.0,0.0,0.0,0.0,0.0,0.0,0.0,0.0,0.0,0.0,0.0,0.0,0.0,0.0,0.0,0.0,0.0,0.0,0.0,0.0,0.0,0.0,0.0,0.0,3.44549972,1.24371272,11.19341452,1.9317007,6.27198655,0.7149,1.564953,0.8118,0.00099155,26.9,1.14838
28,14.347578,3.362155,1.220603,0.0,0.0,0.0,0.0,0.0,0.0,0.0,0.0,0.0,0.0,0.0,0.0,0.0,0.0,0.0,0.0,0.0,0.0,0.0,0.0,0.0,0.0,0.0,0.0,0.0,0.0,0.0,0.0,0.0,0.0,0.0,0.0,0.0,0.0,0.0,0.0,0.0,3.36215541,1.2206025,10.98542258,1.93070108,6.27080091,0.7452,1.516625,0.8417,0.00099053,26.9,1.395593
29,13.983783,3.245304,1.193164,0.0,0.0,0.0,0.0,0.0,0.0,0.0,0.0,0.0,0.0,0.0,0.0,0.0,0.0,0.0,0.0,0.0,0.0,0.0,0.0,0.0,0.0,0.0,0.0,0.0,0.0,0.0,0.0,0.0,0.0,0.0,0.0,0.0,0.0,0.0,0.0,0.0,3.24530415,1.1931643,10.73847873,1.9482465,6.26970029,0.7871,1.359371,0.8477,0.00098946,27.0,1.410623
30,13.71981,3.167564,1.172472,0.0,0.0,0.0,0.0,0.0,0.0,0.0,0.0,0.0,0.0,0.0,0.0,0.0,0.0,0.0,0.0,0.0,0.0,0.0,0.0,0.0,0.0,0.0,0.0,0.0,0.0,0.0,0.0,0.0,0.0,0.0,0.0,0.0,0.0,0.0,0.0,0.0,3.16756387,1.17247175,10.55224575,1.94613811,6.26958304,0.8089,1.268513,0.8693,0.00098832,26.8,1.71973
31,13.450828,3.08976,1.15123,0.0,0.0,0.0,0.0,0.0,0.0,0.0,0.0,0.0,0.0,0.0,0.0,0.0,0.0,0.0,0.0,0.0,0.0,0.0,0.0,0.0,0.0,0.0,0.0,0.0,0.0,0.0,0.0,0.0,0.0,0.0,0.0,0.0,0.0,0.0,0.0,0.0,3.08975959,1.15122979,10.36106814,1.94343059,6.27015522,0.8375,1.178761,0.8669,0.00098713,26.8,1.708274
32,13.195303,3.028553,1.129639,0.0,0.0,0.0,0.0,0.0,0.0,0.0,0.0,0.0,0.0,0.0,0.0,0.0,0.0,0.0,0.0,0.0,0.0,0.0,0.0,0.0,0.0,0.0,0.0,0.0,0.0,0.0,0.0,0.0,0.0,0.0,0.0,0.0,0.0,0.0,0.0,0.0,3.02855314,1.12963887,10.16674985,1.93358812,6.27101401,0.8539,1.277725,0.8657,0.00098588,26.7,1.550514
33,13.000006,2.977301,1.113634,0.0,0.0,0.0,0.0,0.0,0.0,0.0,0.0,0.0,0.0,0.0,0.0,0.0,0.0,0.0,0.0,0.0,0.0,0.0,0.0,0.0,0.0,0.0,0.0,0.0,0.0,0.0,0.0,0.0,0.0,0.0,0.0,0.0,0.0,0.0,0.0,0.0,2.97730089,1.1136339,10.02270508,1.92412956,6.27047464,0.871,0.880139,0.9269,0.00098458,26.9,2.219697
34,12.875087,2.951133,1.102662,0.0,0.0,0.0,0.0,0.0,0.0,0.0,0.0,0.0,0.0,0.0,0.0,0.0,0.0,0.0,0.0,0.0,0.0,0.0,0.0,0.0,0.0,0.0,0.0,0.0,0.0,0.0,0.0,0.0,0.0,0.0,0.0,0.0,0.0,0.0,0.0,0.0,2.95113294,1.10266152,9.92395367,1.91127796,6.27026163,0.8817,1.238311,0.8657,0.00098321,26.9,1.661142
35,12.60055,2.889591,1.078996,0.0,0.0,0.0,0.0,0.0,0.0,0.0,0.0,0.0,0.0,0.0,0.0,0.0,0.0,0.0,0.0,0.0,0.0,0.0,0.0,0.0,0.0,0.0,0.0,0.0,0.0,0.0,0.0,0.0,0.0,0.0,0.0,0.0,0.0,0.0,0.0,0.0,2.88959055,1.07899553,9.71095979,1.9034971,6.27122013,0.897,1.598965,0.7446,0.00098179,27.1,1.001067
36,12.357433,2.838135,1.0577,0.0,0.0,0.0,0.0,0.0,0.0,0.0,0.0,0.0,0.0,0.0,0.0,0.0,0.0,0.0,0.0,0.0,0.0,0.0,0.0,0.0,0.0,0.0,0.0,0.0,0.0,0.0,0.0,0.0,0.0,0.0,0.0,0.0,0.0,0.0,0.0,0.0,2.83813544,1.05769972,9.51929745,1.87984754,6.2716568,0.9129,0.858011,0.94,0.00098032,27.0,2.351239
37,12.158195,2.790407,1.040865,0.0,0.0,0.0,0.0,0.0,0.0,0.0,0.0,0.0,0.0,0.0,0.0,0.0,0.0,0.0,0.0,0.0,0.0,0.0,0.0,0.0,0.0,0.0,0.0,0.0,0.0,0.0,0.0,0.0,0.0,0.0,0.0,0.0,0.0,0.0,0.0,0.0,2.79040694,1.04086536,9.36778829,1.86106152,6.2692676,0.9199,0.77629,0.9496,0.00097879,26.7,2.538887
38,11.958262,2.75348,1.022753,0.0,0.0,0.0,0.0,0.0,0.0,0.0,0.0,0.0,0.0,0.0,0.0,0.0,0.0,0.0,0.0,0.0,0.0,0.0,0.0,0.0,0.0,0.0,0.0,0.0,0.0,0.0,0.0,0.0,0.0,0.0,0.0,0.0,0.0,0.0,0.0,0.0,2.7534804,1.02275347,9.20478119,1.84404842,6.26913662,0.9333,0.7783,0.9484,0.0009772,26.9,2.576945
39,11.771765,2.722296,1.005496,0.0,0.0,0.0,0.0,0.0,0.0,0.0,0.0,0.0,0.0,0.0,0.0,0.0,0.0,0.0,0.0,0.0,0.0,0.0,0.0,0.0,0.0,0.0,0.0,0.0,0.0,0.0,0.0,0.0,0.0,0.0,0.0,0.0,0.0,0.0,0.0,0.0,2.72229636,1.0054965,9.04946848,1.82489225,6.27023045,0.9365,0.674376,0.9712,0.00097555,26.9,2.797745
40,11.627181,2.694821,0.992484,0.0,0.0,0.0,0.0,0.0,0.0,0.0,0.0,0.0,0.0,0.0,0.0,0.0,0.0,0.0,0.0,0.0,0.0,0.0,0.0,0.0,0.0,0.0,0.0,0.0,0.0,0.0,0.0,0.0,0.0,0.0,0.0,0.0,0.0,0.0,0.0,0.0,2.69482102,0.99248443,8.93235992,1.81142495,6.27013687,0.9452,0.632847,0.9652,0.00097385,27.1,2.950136
41,11.449532,2.655839,0.977077,0.0,0.0,0.0,0.0,0.0,0.0,0.0,0.0,0.0,0.0,0.0,0.0,0.0,0.0,0.0,0.0,0.0,0.0,0.0,0.0,0.0,0.0,0.0,0.0,0.0,0.0,0.0,0.0,0.0,0.0,0.0,0.0,0.0,0.0,0.0,0.0,0.0,2.65583927,0.97707699,8.79369291,1.79132765,6.27087488,0.9558,0.629943,0.964,0.0009721,26.8,2.956767
42,11.284345,2.638759,0.960621,0.0,0.0,0.0,0.0,0.0,0.0,0.0,0.0,0.0,0.0,0.0,0.0,0.0,0.0,0.0,0.0,0.0,0.0,0.0,0.0,0.0,0.0,0.0,0.0,0.0,0.0,0.0,0.0,0.0,0.0,0.0,0.0,0.0,0.0,0.0,0.0,0.0,2.63875881,0.96062068,8.64558611,1.76996541,6.27025848,0.9549,0.634264,0.9676,0.00097029,27.1,2.964301
43,11.162502,2.622492,0.94889,0.0,0.0,0.0,0.0,0.0,0.0,0.0,0.0,0.0,0.0,0.0,0.0,0.0,0.0,0.0,0.0,0.0,0.0,0.0,0.0,0.0,0.0,0.0,0.0,0.0,0.0,0.0,0.0,0.0,0.0,0.0,0.0,0.0,0.0,0.0,0.0,0.0,2.62249169,0.94888999,8.54000989,1.7477053,6.27069165,0.9568,0.774723,0.9472,0.00096842,26.9,2.677492
44,10.964523,2.584712,0.93109,0.0,0.0,0.0,0.0,0.0,0.0,0.0,0.0,0.0,0.0,0.0,0.0,0.0,0.0,0.0,0.0,0.0,0.0,0.0,0.0,0.0,0.0,0.0,0.0,0.0,0.0,0.0,0.0,0.0,0.0,0.0,0.0,0.0,0.0,0.0,0.0,0.0,2.58471151,0.93109018,8.37981159,1.73319167,6.27115962,0.9673,0.702314,0.964,0.0009665,26.7,2.861268
45,10.875075,2.578544,0.921837,0.0,0.0,0.0,0.0,0.0,0.0,0.0,0.0,0.0,0.0,0.0,0.0,0.0,0.0,0.0,0.0,0.0,0.0,0.0,0.0,0.0,0.0,0.0,0.0,0.0,0.0,0.0,0.0,0.0,0.0,0.0,0.0,0.0,0.0,0.0,0.0,0.0,2.57854449,0.92183674,8.29653061,1.71682387,6.26876097,0.9647,0.651545,0.97,0.00096452,26.8,3.033843
46,10.720722,2.557265,0.907051,0.0,0.0,0.0,0.0,0.0,0.0,0.0,0.0,0.0,0.0,0.0,0.0,0.0,0.0,0.0,0.0,0.0,0.0,0.0,0.0,0.0,0.0,0.0,0.0,0.0,0.0,0.0,0.0,0.0,0.0,0.0,0.0,0.0,0.0,0.0,0.0,0.0,2.55726532,0.90705077,8.16345693,1.69771435,6.26783988,0.9714,0.571741,0.9748,0.00096249,26.8,3.223877
47,10.61415,2.540678,0.897052,0.0,0.0,0.0,0.0,0.0,0.0,0.0,0.0,0.0,0.0,0.0,0.0,0.0,0.0,0.0,0.0,0.0,0.0,0.0,0.0,0.0,0.0,0.0,0.0,0.0,0.0,0.0,0.0,0.0,0.0,0.0,0.0,0.0,0.0,0.0,0.0,0.0,2.54067813,0.89705237,8.07347137,1.68223928,6.26882732,0.9713,0.613984,0.9748,0.00096041,26.8,3.021504
48,10.491264,2.530928,0.884482,0.0,0.0,0.0,0.0,0.0,0.0,0.0,0.0,0.0,0.0,0.0,0.0,0.0,0.0,0.0,0.0,0.0,0.0,0.0,0.0,0.0,0.0,0.0,0.0,0.0,0.0,0.0,0.0,0.0,0.0,0.0,0.0,0.0,0.0,0.0,0.0,0.0,2.53092785,0.88448179,7.96033614,1.66510587,6.26932921,0.976,0.590265,0.97,0.00095827,26.8,3.190511
49,10.337011,2.509947,0.869674,0.0,0.0,0.0,0.0,0.0,0.0,0.0,0.0,0.0,0.0,0.0,0.0,0.0,0.0,0.0,0.0,0.0,0.0,0.0,0.0,0.0,0.0,0.0,0.0,0.0,0.0,0.0,0.0,0.0,0.0,0.0,0.0,0.0,0.0,0.0,0.0,0.0,2.50994725,0.86967373,7.82706352,1.64881824,6.26946565,0.9784,0.589321,0.982,0.00095608,27.0,3.295478
50,10.254244,2.502759,0.861276,0.0,0.0,0.0,0.0,0.0,0.0,0.0,0.0,0.0,0.0,0.0,0.0,0.0,0.0,0.0,0.0,0.0,0.0,0.0,0.0,0.0,0.0,0.0,0.0,0.0,0.0,0.0,0.0,0.0,0.0,0.0,0.0,0.0,0.0,0.0,0.0,0.0,2.50275906,0.86127606,7.75148458,1.62700028,6.26867648,0.979,0.590772,0.9796,0.00095383,27.0,3.241393
51,10.093485,2.475593,0.846432,0.0,0.0,0.0,0.0,0.0,0.0,0.0,0.0,0.0,0.0,0.0,0.0,0.0,0.0,0.0,0.0,0.0,0.0,0.0,0.0,0.0,0.0,0.0,0.0,0.0,0.0,0.0,0.0,0.0,0.0,0.0,0.0,0.0,0.0,0.0,0.0,0.0,2.47559284,0.84643247,7.61789225,1.6186426,6.26744299,0.9818,0.567466,0.9796,0.00095154,26.9,3.347817
52,9.957516,2.465962,0.832395,0.0,0.0,0.0,0.0,0.0,0.0,0.0,0.0,0.0,0.0,0.0,0.0,0.0,0.0,0.0,0.0,0.0,0.0,0.0,0.0,0.0,0.0,0.0,0.0,0.0,0.0,0.0,0.0,0.0,0.0,0.0,0.0,0.0,0.0,0.0,0.0,0.0,2.46596243,0.83239483,7.49155343,1.60590135,6.27053361,0.9835,0.552666,0.9808,0.00094918,26.8,3.385695
53,9.913717,2.460713,0.828112,0.0,0.0,0.0,0.0,0.0,0.0,0.0,0.0,0.0,0.0,0.0,0.0,0.0,0.0,0.0,0.0,0.0,0.0,0.0,0.0,0.0,0.0,0.0,0.0,0.0,0.0,0.0,0.0,0.0,0.0,0.0,0.0,0.0,0.0,0.0,0.0,0.0,2.46071305,0.82811153,7.45300378,1.58603465,6.26929068,0.983,0.520803,0.9856,0.00094678,26.7,3.520546
54,9.84461,2.456381,0.820914,0.0,0.0,0.0,0.0,0.0,0.0,0.0,0.0,0.0,0.0,0.0,0.0,0.0,0.0,0.0,0.0,0.0,0.0,0.0,0.0,0.0,0.0,0.0,0.0,0.0,0.0,0.0,0.0,0.0,0.0,0.0,0.0,0.0,0.0,0.0,0.0,0.0,2.45638106,0.82091432,7.38822885,1.58221064,6.26940145,0.9848,0.631836,0.988,0.00094432,26.9,3.285356
55,9.689402,2.437782,0.805736,0.0,0.0,0.0,0.0,0.0,0.0,0.0,0.0,0.0,0.0,0.0,0.0,0.0,0.0,0.0,0.0,0.0,0.0,0.0,0.0,0.0,0.0,0.0,0.0,0.0,0.0,0.0,0.0,0.0,0.0,0.0,0.0,0.0,0.0,0.0,0.0,0.0,2.43778237,0.80573556,7.25162002,1.56775793,6.2706375,0.9848,0.561069,0.9748,0.00094181,26.6,3.439017
56,9.605681,2.427308,0.797597,0.0,0.0,0.0,0.0,0.0,0.0,0.0,0.0,0.0,0.0,0.0,0.0,0.0,0.0,0.0,0.0,0.0,0.0,0.0,0.0,0.0,0.0,0.0,0.0,0.0,0.0,0.0,0.0,0.0,0.0,0.0,0.0,0.0,0.0,0.0,0.0,0.0,2.42730766,0.79759707,7.17837365,1.5541911,6.27057752,0.9885,0.518011,0.9784,0.00093925,26.7,3.514874
57,9.532494,2.421016,0.790164,0.0,0.0,0.0,0.0,0.0,0.0,0.0,0.0,0.0,0.0,0.0,0.0,0.0,0.0,0.0,0.0,0.0,0.0,0.0,0.0,0.0,0.0,0.0,0.0,0.0,0.0,0.0,0.0,0.0,0.0,0.0,0.0,0.0,0.0,0.0,0.0,0.0,2.42101556,0.79016426,7.1114783,1.54458224,6.26956983,0.9887,0.493763,0.9844,0.00093664,26.4,3.694704
58,9.450339,2.408035,0.782478,0.0,0.0,0.0,0.0,0.0,0.0,0.0,0.0,0.0,0.0,0.0,0.0,0.0,0.0,0.0,0.0,0.0,0.0,0.0,0.0,0.0,0.0,0.0,0.0,0.0,0.0,0.0,0.0,0.0,0.0,0.0,0.0,0.0,0.0,0.0,0.0,0.0,2.40803504,0.78247817,7.04230355,1.53775505,6.26790859,0.9896,0.428984,0.9904,0.00093398,26.9,3.889997
59,9.384439,2.407179,0.775251,0.0,0.0,0.0,0.0,0.0,0.0,0.0,0.0,0.0,0.0,0.0,0.0,0.0,0.0,0.0,0.0,0.0,0.0,0.0,0.0,0.0,0.0,0.0,0.0,0.0,0.0,0.0,0.0,0.0,0.0,0.0,0.0,0.0,0.0,0.0,0.0,0.0,2.40717899,0.77525114,6.97726028,1.5276616,6.26870874,0.9906,0.537835,0.9808,0.00093126,26.9,3.530458
60,9.3187,2.405229,0.768164,0.0,0.0,0.0,0.0,0.0,0.0,0.0,0.0,0.0,0.0,0.0,0.0,0.0,0.0,0.0,0.0,0.0,0.0,0.0,0.0,0.0,0.0,0.0,0.0,0.0,0.0,0.0,0.0,0.0,0.0,0.0,0.0,0.0,0.0,0.0,0.0,0.0,2.40522854,0.76816355,6.91347199,1.51485379,6.26959166,0.9914,0.502149,0.9868,0.0009285,27.0,3.663936
61,9.245039,2.395626,0.761046,0.0,0.0,0.0,0.0,0.0,0.0,0.0,0.0,0.0,0.0,0.0,0.0,0.0,0.0,0.0,0.0,0.0,0.0,0.0,0.0,0.0,0.0,0.0,0.0,0.0,0.0,0.0,0.0,0.0,0.0,0.0,0.0,0.0,0.0,0.0,0.0,0.0,2.39562641,0.76104582,6.84941233,1.50846534,6.26854989,0.9914,0.602676,0.9832,0.00092569,27.3,3.498827
62,9.169489,2.391185,0.753145,0.0,0.0,0.0,0.0,0.0,0.0,0.0,0.0,0.0,0.0,0.0,0.0,0.0,0.0,0.0,0.0,0.0,0.0,0.0,0.0,0.0,0.0,0.0,0.0,0.0,0.0,0.0,0.0,0.0,0.0,0.0,0.0,0.0,0.0,0.0,0.0,0.0,2.39118476,0.75314492,6.77830425,1.49839926,6.27138981,0.9911,0.513868,0.9856,0.00092282,27.1,3.758738
63,9.048845,2.374516,0.741592,0.0,0.0,0.0,0.0,0.0,0.0,0.0,0.0,0.0,0.0,0.0,0.0,0.0,0.0,0.0,0.0,0.0,0.0,0.0,0.0,0.0,0.0,0.0,0.0,0.0,0.0,0.0,0.0,0.0,0.0,0.0,0.0,0.0,0.0,0.0,0.0,0.0,2.37451564,0.74159218,6.67432961,1.49039336,6.26933187,0.9929,0.453595,0.9916,0.00091991,26.9,3.927444
64,8.979848,2.370118,0.734414,0.0,0.0,0.0,0.0,0.0,0.0,0.0,0.0,0.0,0.0,0.0,0.0,0.0,0.0,0.0,0.0,0.0,0.0,0.0,0.0,0.0,0.0,0.0,0.0,0.0,0.0,0.0,0.0,0.0,0.0,0.0,0.0,0.0,0.0,0.0,0.0,0.0,2.37011793,0.7344145,6.60973044,1.48064251,6.26974558,0.9923,0.517284,0.9868,0.00091694,27.2,3.768337
65,8.923964,2.36835,0.728402,0.0,0.0,0.0,0.0,0.0,0.0,0.0,0.0,0.0,0.0,0.0,0.0,0.0,0.0,0.0,0.0,0.0,0.0,0.0,0.0,0.0,0.0,0.0,0.0,0.0,0.0,0.0,0.0,0.0,0.0,0.0,0.0,0.0,0.0,0.0,0.0,0.0,2.36835029,0.72840152,6.55561368,1.47166694,6.27009642,0.9957,0.498197,0.9868,0.00091393,27.3,3.701425
66,8.857896,2.356833,0.72234,0.0,0.0,0.0,0.0,0.0,0.0,0.0,0.0,0.0,0.0,0.0,0.0,0.0,0.0,0.0,0.0,0.0,0.0,0.0,0.0,0.0,0.0,0.0,0.0,0.0,0.0,0.0,0.0,0.0,0.0,0.0,0.0,0.0,0.0,0.0,0.0,0.0,2.35683272,0.72234033,6.50106302,1.4648887,6.2699414,0.9926,0.436112,0.9928,0.00091087,27.3,3.989005
67,8.751647,2.347782,0.711541,0.0,0.0,0.0,0.0,0.0,0.0,0.0,0.0,0.0,0.0,0.0,0.0,0.0,0.0,0.0,0.0,0.0,0.0,0.0,0.0,0.0,0.0,0.0,0.0,0.0,0.0,0.0,0.0,0.0,0.0,0.0,0.0,0.0,0.0,0.0,0.0,0.0,2.34778168,0.71154062,6.40386555,1.45648579,6.26975911,0.994,0.501551,0.9844,0.00090776,26.9,3.719128
68,8.767327,2.359085,0.712027,0.0,0.0,0.0,0.0,0.0,0.0,0.0,0.0,0.0,0.0,0.0,0.0,0.0,0.0,0.0,0.0,0.0,0.0,0.0,0.0,0.0,0.0,0.0,0.0,0.0,0.0,0.0,0.0,0.0,0.0,0.0,0.0,0.0,0.0,0.0,0.0,0.0,2.35908481,0.71202692,6.40824224,1.44776528,6.26971386,0.9954,0.461795,0.9916,0.0009046,27.1,3.966722
69,8.673405,2.34609,0.703035,0.0,0.0,0.0,0.0,0.0,0.0,0.0,0.0,0.0,0.0,0.0,0.0,0.0,0.0,0.0,0.0,0.0,0.0,0.0,0.0,0.0,0.0,0.0,0.0,0.0,0.0,0.0,0.0,0.0,0.0,0.0,0.0,0.0,0.0,0.0,0.0,0.0,2.34608985,0.70303501,6.32731507,1.44216399,6.27019616,0.9954,0.420252,0.9892,0.0009014,26.9,3.996118
70,8.593695,2.329765,0.695992,0.0,0.0,0.0,0.0,0.0,0.0,0.0,0.0,0.0,0.0,0.0,0.0,0.0,0.0,0.0,0.0,0.0,0.0,0.0,0.0,0.0,0.0,0.0,0.0,0.0,0.0,0.0,0.0,0.0,0.0,0.0,0.0,0.0,0.0,0.0,0.0,0.0,2.32976541,0.69599213,6.26392914,1.44346983,6.26929859,0.9967,0.516331,0.988,0.00089815,27.0,3.736966
71,8.591345,2.341305,0.694449,0.0,0.0,0.0,0.0,0.0,0.0,0.0,0.0,0.0,0.0,0.0,0.0,0.0,0.0,0.0,0.0,0.0,0.0,0.0,0.0,0.0,0.0,0.0,0.0,0.0,0.0,0.0,0.0,0.0,0.0,0.0,0.0,0.0,0.0,0.0,0.0,0.0,2.34130497,0.69444887,6.25003985,1.42747502,6.26739703,0.9955,0.46891,0.9928,0.00089485,27.0,3.999692
72,8.490519,2.329226,0.684588,0.0,0.0,0.0,0.0,0.0,0.0,0.0,0.0,0.0,0.0,0.0,0.0,0.0,0.0,0.0,0.0,0.0,0.0,0.0,0.0,0.0,0.0,0.0,0.0,0.0,0.0,0.0,0.0,0.0,0.0,0.0,0.0,0.0,0.0,0.0,0.0,0.0,2.32922622,0.68458809,6.16129281,1.4221288,6.27053786,0.9958,0.458676,0.9916,0.00089151,27.1,4.075461
73,8.472595,2.328591,0.682667,0.0,0.0,0.0,0.0,0.0,0.0,0.0,0.0,0.0,0.0,0.0,0.0,0.0,0.0,0.0,0.0,0.0,0.0,0.0,0.0,0.0,0.0,0.0,0.0,0.0,0.0,0.0,0.0,0.0,0.0,0.0,0.0,0.0,0.0,0.0,0.0,0.0,2.32859135,0.6826671,6.14400388,1.41424503,6.26922815,0.9951,0.412224,0.988,0.00088812,27.3,4.198789
74,8.395708,2.323216,0.674721,0.0,0.0,0.0,0.0,0.0,0.0,0.0,0.0,0.0,0.0,0.0,0.0,0.0,0.0,0.0,0.0,0.0,0.0,0.0,0.0,0.0,0.0,0.0,0.0,0.0,0.0,0.0,0.0,0.0,0.0,0.0,0.0,0.0,0.0,0.0,0.0,0.0,2.32321576,0.67472132,6.07249187,1.41181675,6.27086321,0.9957,0.514391,0.9904,0.00088468,27.1,3.858988
75,8.412027,2.329704,0.675814,0.0,0.0,0.0,0.0,0.0,0.0,0.0,0.0,0.0,0.0,0.0,0.0,0.0,0.0,0.0,0.0,0.0,0.0,0.0,0.0,0.0,0.0,0.0,0.0,0.0,0.0,0.0,0.0,0.0,0.0,0.0,0.0,0.0,0.0,0.0,0.0,0.0,2.32970368,0.67581366,6.08232299,1.40987941,6.2724769,0.996,0.369204,0.994,0.0008812,27.3,4.338368
76,8.310117,2.318896,0.665691,0.0,0.0,0.0,0.0,0.0,0.0,0.0,0.0,0.0,0.0,0.0,0.0,0.0,0.0,0.0,0.0,0.0,0.0,0.0,0.0,0.0,0.0,0.0,0.0,0.0,0.0,0.0,0.0,0.0,0.0,0.0,0.0,0.0,0.0,0.0,0.0,0.0,2.3188956,0.66569126,5.99122134,1.40249944,6.2706414,0.9952,0.419085,0.994,0.00087767,27.0,4.208028
77,8.280008,2.315963,0.662672,0.0,0.0,0.0,0.0,0.0,0.0,0.0,0.0,0.0,0.0,0.0,0.0,0.0,0.0,0.0,0.0,0.0,0.0,0.0,0.0,0.0,0.0,0.0,0.0,0.0,0.0,0.0,0.0,0.0,0.0,0.0,0.0,0.0,0.0,0.0,0.0,0.0,2.31596317,0.66267161,5.9640445,1.39573505,6.26957693,0.9972,0.404622,0.9928,0.0008741,27.1,4.179877
78,8.242697,2.313393,0.658812,0.0,0.0,0.0,0.0,0.0,0.0,0.0,0.0,0.0,0.0,0.0,0.0,0.0,0.0,0.0,0.0,0.0,0.0,0.0,0.0,0.0,0.0,0.0,0.0,0.0,0.0,0.0,0.0,0.0,0.0,0.0,0.0,0.0,0.0,0.0,0.0,0.0,2.31339299,0.65881161,5.92930445,1.39105234,6.27204134,0.9954,0.510638,0.9928,0.00087049,27.2,3.899178
79,8.120856,2.30085,0.646667,0.0,0.0,0.0,0.0,0.0,0.0,0.0,0.0,0.0,0.0,0.0,0.0,0.0,0.0,0.0,0.0,0.0,0.0,0.0,0.0,0.0,0.0,0.0,0.0,0.0,0.0,0.0,0.0,0.0,0.0,0.0,0.0,0.0,0.0,0.0,0.0,0.0,2.30084952,0.64666735,5.82000615,1.38639438,6.26968125,0.9964,0.447941,0.9952,0.00086683,27.3,4.137457
80,8.12564,2.301151,0.647165,0.0,0.0,0.0,0.0,0.0,0.0,0.0,0.0,0.0,0.0,0.0,0.0,0.0,0.0,0.0,0.0,0.0,0.0,0.0,0.0,0.0,0.0,0.0,0.0,0.0,0.0,0.0,0.0,0.0,0.0,0.0,0.0,0.0,0.0,0.0,0.0,0.0,2.30115124,0.64716544,5.82448898,1.38050893,6.27016018,0.9966,0.422682,0.9928,0.00086313,27.0,4.217397
81,8.090027,2.304823,0.6428,0.0,0.0,0.0,0.0,0.0,0.0,0.0,0.0,0.0,0.0,0.0,0.0,0.0,0.0,0.0,0.0,0.0,0.0,0.0,0.0,0.0,0.0,0.0,0.0,0.0,0.0,0.0,0.0,0.0,0.0,0.0,0.0,0.0,0.0,0.0,0.0,0.0,2.3048226,0.6428005,5.78520445,1.37378017,6.27034262,0.9975,0.52566,0.9892,0.00085939,26.9,3.818306
82,8.027104,2.299116,0.636443,0.0,0.0,0.0,0.0,0.0,0.0,0.0,0.0,0.0,0.0,0.0,0.0,0.0,0.0,0.0,0.0,0.0,0.0,0.0,0.0,0.0,0.0,0.0,0.0,0.0,0.0,0.0,0.0,0.0,0.0,0.0,0.0,0.0,0.0,0.0,0.0,0.0,2.29911607,0.63644313,5.72798818,1.3662802,6.26986229,0.9972,0.399839,0.9952,0.00085561,27.1,4.273181
83,8.017939,2.298897,0.635449,0.0,0.0,0.0,0.0,0.0,0.0,0.0,0.0,0.0,0.0,0.0,0.0,0.0,0.0,0.0,0.0,0.0,0.0,0.0,0.0,0.0,0.0,0.0,0.0,0.0,0.0,0.0,0.0,0.0,0.0,0.0,0.0,0.0,0.0,0.0,0.0,0.0,2.29889741,0.63544902,5.71904116,1.36848046,6.27017895,0.9973,0.410046,0.994,0.00085178,27.3,4.344254
84,7.988932,2.299395,0.632171,0.0,0.0,0.0,0.0,0.0,0.0,0.0,0.0,0.0,0.0,0.0,0.0,0.0,0.0,0.0,0.0,0.0,0.0,0.0,0.0,0.0,0.0,0.0,0.0,0.0,0.0,0.0,0.0,0.0,0.0,0.0,0.0,0.0,0.0,0.0,0.0,0.0,2.29939474,0.63217086,5.68953775,1.36186288,6.26827137,0.9973,0.427188,0.9928,0.00084791,27.2,4.256288
85,7.87092,2.284609,0.620701,0.0,0.0,0.0,0.0,0.0,0.0,0.0,0.0,0.0,0.0,0.0,0.0,0.0,0.0,0.0,0.0,0.0,0.0,0.0,0.0,0.0,0.0,0.0,0.0,0.0,0.0,0.0,0.0,0.0,0.0,0.0,0.0,0.0,0.0,0.0,0.0,0.0,2.28460896,0.62070119,5.58631071,1.35779865,6.27037851,0.9981,0.466709,0.9952,0.00084401,27.0,4.211644
86,7.86332,2.280939,0.620265,0.0,0.0,0.0,0.0,0.0,0.0,0.0,0.0,0.0,0.0,0.0,0.0,0.0,0.0,0.0,0.0,0.0,0.0,0.0,0.0,0.0,0.0,0.0,0.0,0.0,0.0,0.0,0.0,0.0,0.0,0.0,0.0,0.0,0.0,0.0,0.0,0.0,2.2809393,0.62026452,5.58238068,1.35181007,6.27031498,0.9985,0.392886,0.9952,0.00084006,27.2,4.321904
87,7.882684,2.291779,0.621212,0.0,0.0,0.0,0.0,0.0,0.0,0.0,0.0,0.0,0.0,0.0,0.0,0.0,0.0,0.0,0.0,0.0,0.0,0.0,0.0,0.0,0.0,0.0,0.0,0.0,0.0,0.0,0.0,0.0,0.0,0.0,0.0,0.0,0.0,0.0,0.0,0.0,2.29177872,0.62121169,5.59090516,1.34146787,6.27008373,0.9972,0.417462,0.9964,0.00083607,27.1,4.281666
88,7.79434,2.2852,0.612127,0.0,0.0,0.0,0.0,0.0,0.0,0.0,0.0,0.0,0.0,0.0,0.0,0.0,0.0,0.0,0.0,0.0,0.0,0.0,0.0,0.0,0.0,0.0,0.0,0.0,0.0,0.0,0.0,0.0,0.0,0.0,0.0,0.0,0.0,0.0,0.0,0.0,2.28519989,0.61212669,5.50914022,1.34147592,6.26991599,0.9976,0.380753,0.9964,0.00083204,27.1,4.457451
89,7.739771,2.279728,0.606671,0.0,0.0,0.0,0.0,0.0,0.0,0.0,0.0,0.0,0.0,0.0,0.0,0.0,0.0,0.0,0.0,0.0,0.0,0.0,0.0,0.0,0.0,0.0,0.0,0.0,0.0,0.0,0.0,0.0,0.0,0.0,0.0,0.0,0.0,0.0,0.0,0.0,2.2797279,0.60667146,5.46004314,1.33818602,6.27125749,0.9984,0.444341,0.9928,0.00082797,27.1,4.215245
90,7.707431,2.276844,0.603399,0.0,0.0,0.0,0.0,0.0,0.0,0.0,0.0,0.0,0.0,0.0,0.0,0.0,0.0,0.0,0.0,0.0,0.0,0.0,0.0,0.0,0.0,0.0,0.0,0.0,0.0,0.0,0.0,0.0,0.0,0.0,0.0,0.0,0.0,0.0,0.0,0.0,2.2768437,0.60339863,5.43058767,1.33152865,6.27113673,0.9982,0.424574,0.9952,0.00082387,27.5,4.314668
91,7.709194,2.284508,0.602743,0.0,0.0,0.0,0.0,0.0,0.0,0.0,0.0,0.0,0.0,0.0,0.0,0.0,0.0,0.0,0.0,0.0,0.0,0.0,0.0,0.0,0.0,0.0,0.0,0.0,0.0,0.0,0.0,0.0,0.0,0.0,0.0,0.0,0.0,0.0,0.0,0.0,2.28450845,0.60274281,5.42468526,1.32711222,6.2710962,0.9979,0.430975,0.9928,0.00081973,27.1,4.29277
92,7.66351,2.27654,0.598552,0.0,0.0,0.0,0.0,0.0,0.0,0.0,0.0,0.0,0.0,0.0,0.0,0.0,0.0,0.0,0.0,0.0,0.0,0.0,0.0,0.0,0.0,0.0,0.0,0.0,0.0,0.0,0.0,0.0,0.0,0.0,0.0,0.0,0.0,0.0,0.0,0.0,2.27654017,0.59855223,5.38697006,1.32594394,6.26973334,0.9982,0.374849,0.994,0.00081555,27.1,4.522475
93,7.652444,2.278139,0.597145,0.0,0.0,0.0,0.0,0.0,0.0,0.0,0.0,0.0,0.0,0.0,0.0,0.0,0.0,0.0,0.0,0.0,0.0,0.0,0.0,0.0,0.0,0.0,0.0,0.0,0.0,0.0,0.0,0.0,0.0,0.0,0.0,0.0,0.0,0.0,0.0,0.0,2.27813854,0.5971451,5.37430592,1.32079575,6.26820722,0.9985,0.51831,0.9928,0.00081133,26.9,4.022953
94,7.578351,2.268661,0.589966,0.0,0.0,0.0,0.0,0.0,0.0,0.0,0.0,0.0,0.0,0.0,0.0,0.0,0.0,0.0,0.0,0.0,0.0,0.0,0.0,0.0,0.0,0.0,0.0,0.0,0.0,0.0,0.0,0.0,0.0,0.0,0.0,0.0,0.0,0.0,0.0,0.0,2.26866099,0.58996559,5.30969029,1.31746813,6.27116197,0.9982,0.387863,0.9952,0.00080707,27.3,4.481322
95,7.575345,2.273269,0.58912,0.0,0.0,0.0,0.0,0.0,0.0,0.0,0.0,0.0,0.0,0.0,0.0,0.0,0.0,0.0,0.0,0.0,0.0,0.0,0.0,0.0,0.0,0.0,0.0,0.0,0.0,0.0,0.0,0.0,0.0,0.0,0.0,0.0,0.0,0.0,0.0,0.0,2.27326924,0.5891195,5.3020755,1.31024209,6.2698959,0.9984,0.386832,0.9964,0.00080278,27.5,4.488648
96,7.559917,2.274312,0.587289,0.0,0.0,0.0,0.0,0.0,0.0,0.0,0.0,0.0,0.0,0.0,0.0,0.0,0.0,0.0,0.0,0.0,0.0,0.0,0.0,0.0,0.0,0.0,0.0,0.0,0.0,0.0,0.0,0.0,0.0,0.0,0.0,0.0,0.0,0.0,0.0,0.0,2.27431152,0.58728945,5.28560505,1.30812736,6.26923268,0.999,0.422948,0.9976,0.00079846,27.1,4.404872
97,7.499339,2.266611,0.581414,0.0,0.0,0.0,0.0,0.0,0.0,0.0,0.0,0.0,0.0,0.0,0.0,0.0,0.0,0.0,0.0,0.0,0.0,0.0,0.0,0.0,0.0,0.0,0.0,0.0,0.0,0.0,0.0,0.0,0.0,0.0,0.0,0.0,0.0,0.0,0.0,0.0,2.26661061,0.58141427,5.23272839,1.30967286,6.27186259,0.9985,0.406588,0.9964,0.0007941,27.2,4.491981
98,7.511263,2.265641,0.582847,0.0,0.0,0.0,0.0,0.0,0.0,0.0,0.0,0.0,0.0,0.0,0.0,0.0,0.0,0.0,0.0,0.0,0.0,0.0,0.0,0.0,0.0,0.0,0.0,0.0,0.0,0.0,0.0,0.0,0.0,0.0,0.0,0.0,0.0,0.0,0.0,0.0,2.2656406,0.58284688,5.24562195,1.30293724,6.27078225,0.9981,0.408329,0.9952,0.0007897,27.0,4.465223
99,7.466956,2.265364,0.577955,0.0,0.0,0.0,0.0,0.0,0.0,0.0,0.0,0.0,0.0,0.0,0.0,0.0,0.0,0.0,0.0,0.0,0.0,0.0,0.0,0.0,0.0,0.0,0.0,0.0,0.0,0.0,0.0,0.0,0.0,0.0,0.0,0.0,0.0,0.0,0.0,0.0,2.26536441,0.5779546,5.20159135,1.2989008,6.26979068,0.999,0.4544,0.9952,0.00078528,27.2,4.349531
100,7.425813,2.260739,0.573897,0.0,0.0,0.0,0.0,0.0,0.0,0.0,0.0,0.0,0.0,0.0,0.0,0.0,0.0,0.0,0.0,0.0,0.0,0.0,0.0,0.0,0.0,0.0,0.0,0.0,0.0,0.0,0.0,0.0,0.0,0.0,0.0,0.0,0.0,0.0,0.0,0.0,2.26073879,0.57389713,5.16507418,1.29797733,6.27125703,0.9993,0.453959,0.994,0.00078081,27.1,4.248251
101,7.36694,2.256463,0.567831,0.0,0.0,0.0,0.0,0.0,0.0,0.0,0.0,0.0,0.0,0.0,0.0,0.0,0.0,0.0,0.0,0.0,0.0,0.0,0.0,0.0,0.0,0.0,0.0,0.0,0.0,0.0,0.0,0.0,0.0,0.0,0.0,0.0,0.0,0.0,0.0,0.0,2.25646261,0.56783086,5.11047772,1.29527541,6.27027146,0.9988,0.381715,0.9976,0.00077632,27.1,4.545755
102,7.384128,2.258774,0.569484,0.0,0.0,0.0,0.0,0.0,0.0,0.0,0.0,0.0,0.0,0.0,0.0,0.0,0.0,0.0,0.0,0.0,0.0,0.0,0.0,0.0,0.0,0.0,0.0,0.0,0.0,0.0,0.0,0.0,0.0,0.0,0.0,0.0,0.0,0.0,0.0,0.0,2.25877406,0.56948377,5.1253539,1.28877351,6.27031021,0.9991,0.412604,0.9976,0.00077179,27.0,4.494559
103,7.328706,2.257724,0.563442,0.0,0.0,0.0,0.0,0.0,0.0,0.0,0.0,0.0,0.0,0.0,0.0,0.0,0.0,0.0,0.0,0.0,0.0,0.0,0.0,0.0,0.0,0.0,0.0,0.0,0.0,0.0,0.0,0.0,0.0,0.0,0.0,0.0,0.0,0.0,0.0,0.0,2.25772448,0.5634424,5.07098163,1.29116106,6.27153595,0.9987,0.450974,0.9964,0.00076723,27.1,4.373252
104,7.319972,2.255627,0.562705,0.0,0.0,0.0,0.0,0.0,0.0,0.0,0.0,0.0,0.0,0.0,0.0,0.0,0.0,0.0,0.0,0.0,0.0,0.0,0.0,0.0,0.0,0.0,0.0,0.0,0.0,0.0,0.0,0.0,0.0,0.0,0.0,0.0,0.0,0.0,0.0,0.0,2.25562664,0.56270507,5.06434561,1.28522156,6.26986099,0.9984,0.375132,0.9964,0.00076264,26.8,4.605863
105,7.292619,2.251799,0.560091,0.0,0.0,0.0,0.0,0.0,0.0,0.0,0.0,0.0,0.0,0.0,0.0,0.0,0.0,0.0,0.0,0.0,0.0,0.0,0.0,0.0,0.0,0.0,0.0,0.0,0.0,0.0,0.0,0.0,0.0,0.0,0.0,0.0,0.0,0.0,0.0,0.0,2.25179885,0.56009109,5.04081984,1.28575619,6.27107602,0.9994,0.421971,0.9976,0.00075802,26.9,4.457931
106,7.246257,2.255931,0.554481,0.0,0.0,0.0,0.0,0.0,0.0,0.0,0.0,0.0,0.0,0.0,0.0,0.0,0.0,0.0,0.0,0.0,0.0,0.0,0.0,0.0,0.0,0.0,0.0,0.0,0.0,0.0,0.0,0.0,0.0,0.0,0.0,0.0,0.0,0.0,0.0,0.0,2.25593136,0.55448062,4.9903256,1.28108674,6.2720871,0.9993,0.463255,0.994,0.00075337,26.9,4.348127
107,7.256013,2.251323,0.556077,0.0,0.0,0.0,0.0,0.0,0.0,0.0,0.0,0.0,0.0,0.0,0.0,0.0,0.0,0.0,0.0,0.0,0.0,0.0,0.0,0.0,0.0,0.0,0.0,0.0,0.0,0.0,0.0,0.0,0.0,0.0,0.0,0.0,0.0,0.0,0.0,0.0,2.25132338,0.55607668,5.00469012,1.27360852,6.26933881,0.9991,0.421358,0.994,0.00074869,27.0,4.461488
108,7.17988,2.243856,0.548447,0.0,0.0,0.0,0.0,0.0,0.0,0.0,0.0,0.0,0.0,0.0,0.0,0.0,0.0,0.0,0.0,0.0,0.0,0.0,0.0,0.0,0.0,0.0,0.0,0.0,0.0,0.0,0.0,0.0,0.0,0.0,0.0,0.0,0.0,0.0,0.0,0.0,2.24385624,0.54844704,4.93602339,1.27361575,6.27141069,0.9996,0.453516,0.994,0.00074398,27.0,4.323258
109,7.152784,2.238495,0.546032,0.0,0.0,0.0,0.0,0.0,0.0,0.0,0.0,0.0,0.0,0.0,0.0,0.0,0.0,0.0,0.0,0.0,0.0,0.0,0.0,0.0,0.0,0.0,0.0,0.0,0.0,0.0,0.0,0.0,0.0,0.0,0.0,0.0,0.0,0.0,0.0,0.0,2.2384955,0.54603201,4.9142881,1.27158947,6.27035532,0.9996,0.382896,0.9964,0.00073924,27.2,4.597191
110,7.130568,2.237604,0.543663,0.0,0.0,0.0,0.0,0.0,0.0,0.0,0.0,0.0,0.0,0.0,0.0,0.0,0.0,0.0,0.0,0.0,0.0,0.0,0.0,0.0,0.0,0.0,0.0,0.0,0.0,0.0,0.0,0.0,0.0,0.0,0.0,0.0,0.0,0.0,0.0,0.0,2.23760367,0.54366268,4.89296415,1.26953613,6.26981521,0.9996,0.436085,0.9928,0.00073447,27.3,4.422427
111,7.155502,2.248691,0.545201,0.0,0.0,0.0,0.0,0.0,0.0,0.0,0.0,0.0,0.0,0.0,0.0,0.0,0.0,0.0,0.0,0.0,0.0,0.0,0.0,0.0,0.0,0.0,0.0,0.0,0.0,0.0,0.0,0.0,0.0,0.0,0.0,0.0,0.0,0.0,0.0,0.0,2.24869089,0.5452012,4.90681081,1.26556005,6.2692348,0.999,0.412659,0.9952,0.00072968,27.1,4.548023
112,7.106253,2.242547,0.540412,0.0,0.0,0.0,0.0,0.0,0.0,0.0,0.0,0.0,0.0,0.0,0.0,0.0,0.0,0.0,0.0,0.0,0.0,0.0,0.0,0.0,0.0,0.0,0.0,0.0,0.0,0.0,0.0,0.0,0.0,0.0,0.0,0.0,0.0,0.0,0.0,0.0,2.24254689,0.54041181,4.86370633,1.26130874,6.2687054,0.9991,0.413397,0.9964,0.00072485,27.3,4.510128
113,7.114956,2.25257,0.540265,0.0,0.0,0.0,0.0,0.0,0.0,0.0,0.0,0.0,0.0,0.0,0.0,0.0,0.0,0.0,0.0,0.0,0.0,0.0,0.0,0.0,0.0,0.0,0.0,0.0,0.0,0.0,0.0,0.0,0.0,0.0,0.0,0.0,0.0,0.0,0.0,0.0,2.25256973,0.54026515,4.86238635,1.25731285,6.27138825,0.9993,0.411185,0.994,0.00072001,27.1,4.547197
114,7.066546,2.235225,0.536813,0.0,0.0,0.0,0.0,0.0,0.0,0.0,0.0,0.0,0.0,0.0,0.0,0.0,0.0,0.0,0.0,0.0,0.0,0.0,0.0,0.0,0.0,0.0,0.0,0.0,0.0,0.0,0.0,0.0,0.0,0.0,0.0,0.0,0.0,0.0,0.0,0.0,2.235225,0.53681344,4.83132092,1.25881998,6.26896477,0.9994,0.448027,0.9952,0.00071513,27.2,4.423865
115,7.028698,2.238982,0.532191,0.0,0.0,0.0,0.0,0.0,0.0,0.0,0.0,0.0,0.0,0.0,0.0,0.0,0.0,0.0,0.0,0.0,0.0,0.0,0.0,0.0,0.0,0.0,0.0,0.0,0.0,0.0,0.0,0.0,0.0,0.0,0.0,0.0,0.0,0.0,0.0,0.0,2.23898239,0.53219063,4.78971567,1.25405015,6.26783799,0.9991,0.480824,0.9928,0.00071023,27.0,4.341759
116,6.997997,2.238399,0.528844,0.0,0.0,0.0,0.0,0.0,0.0,0.0,0.0,0.0,0.0,0.0,0.0,0.0,0.0,0.0,0.0,0.0,0.0,0.0,0.0,0.0,0.0,0.0,0.0,0.0,0.0,0.0,0.0,0.0,0.0,0.0,0.0,0.0,0.0,0.0,0.0,0.0,2.23839867,0.52884431,4.75959882,1.250748,6.26965426,0.999,0.405822,0.9964,0.00070531,27.2,4.594021
117,6.989295,2.236025,0.528141,0.0,0.0,0.0,0.0,0.0,0.0,0.0,0.0,0.0,0.0,0.0,0.0,0.0,0.0,0.0,0.0,0.0,0.0,0.0,0.0,0.0,0.0,0.0,0.0,0.0,0.0,0.0,0.0,0.0,0.0,0.0,0.0,0.0,0.0,0.0,0.0,0.0,2.23602466,0.52814113,4.75327018,1.24833891,6.26918721,0.9996,0.420424,0.994,0.00070036,26.8,4.487972
118,6.957301,2.233686,0.524846,0.0,0.0,0.0,0.0,0.0,0.0,0.0,0.0,0.0,0.0,0.0,0.0,0.0,0.0,0.0,0.0,0.0,0.0,0.0,0.0,0.0,0.0,0.0,0.0,0.0,0.0,0.0,0.0,0.0,0.0,0.0,0.0,0.0,0.0,0.0,0.0,0.0,2.23368554,0.52484618,4.72361565,1.24725684,6.27031695,0.9994,0.394523,0.9976,0.00069539,27.0,4.667051
119,6.934619,2.233273,0.522372,0.0,0.0,0.0,0.0,0.0,0.0,0.0,0.0,0.0,0.0,0.0,0.0,0.0,0.0,0.0,0.0,0.0,0.0,0.0,0.0,0.0,0.0,0.0,0.0,0.0,0.0,0.0,0.0,0.0,0.0,0.0,0.0,0.0,0.0,0.0,0.0,0.0,2.23327327,0.52237169,4.70134523,1.24774097,6.26988579,0.9991,0.354337,0.9988,0.0006904,26.8,4.776645
120,6.902438,2.229031,0.519267,0.0,0.0,0.0,0.0,0.0,0.0,0.0,0.0,0.0,0.0,0.0,0.0,0.0,0.0,0.0,0.0,0.0,0.0,0.0,0.0,0.0,0.0,0.0,0.0,0.0,0.0,0.0,0.0,0.0,0.0,0.0,0.0,0.0,0.0,0.0,0.0,0.0,2.22903147,0.51926742,4.67340679,1.24361136,6.26930084,0.9997,0.40193,0.9964,0.00068538,26.8,4.642126
121,6.935632,2.237205,0.522048,0.0,0.0,0.0,0.0,0.0,0.0,0.0,0.0,0.0,0.0,0.0,0.0,0.0,0.0,0.0,0.0,0.0,0.0,0.0,0.0,0.0,0.0,0.0,0.0,0.0,0.0,0.0,0.0,0.0,0.0,0.0,0.0,0.0,0.0,0.0,0.0,0.0,2.2372047,0.52204752,4.69842769,1.23787954,6.26826254,0.9994,0.395155,0.9964,0.00068035,27.0,4.624111
122,6.880065,2.230108,0.516662,0.0,0.0,0.0,0.0,0.0,0.0,0.0,0.0,0.0,0.0,0.0,0.0,0.0,0.0,0.0,0.0,0.0,0.0,0.0,0.0,0.0,0.0,0.0,0.0,0.0,0.0,0.0,0.0,0.0,0.0,0.0,0.0,0.0,0.0,0.0,0.0,0.0,2.23010805,0.51666189,4.64995703,1.2384496,6.26901247,0.9993,0.43705,0.994,0.00067529,26.5,4.525627
123,6.86078,2.224479,0.515145,0.0,0.0,0.0,0.0,0.0,0.0,0.0,0.0,0.0,0.0,0.0,0.0,0.0,0.0,0.0,0.0,0.0,0.0,0.0,0.0,0.0,0.0,0.0,0.0,0.0,0.0,0.0,0.0,0.0,0.0,0.0,0.0,0.0,0.0,0.0,0.0,0.0,2.22447939,0.51514455,4.63630095,1.23921124,6.26849571,0.9997,0.469422,0.9964,0.00067021,26.9,4.527358
124,6.825692,2.228312,0.51082,0.0,0.0,0.0,0.0,0.0,0.0,0.0,0.0,0.0,0.0,0.0,0.0,0.0,0.0,0.0,0.0,0.0,0.0,0.0,0.0,0.0,0.0,0.0,0.0,0.0,0.0,0.0,0.0,0.0,0.0,0.0,0.0,0.0,0.0,0.0,0.0,0.0,2.22831159,0.51081999,4.59737995,1.23145611,6.27042946,0.9993,0.488466,0.9928,0.00066511,27.5,4.335846
125,6.841246,2.22727,0.512664,0.0,0.0,0.0,0.0,0.0,0.0,0.0,0.0,0.0,0.0,0.0,0.0,0.0,0.0,0.0,0.0,0.0,0.0,0.0,0.0,0.0,0.0,0.0,0.0,0.0,0.0,0.0,0.0,0.0,0.0,0.0,0.0,0.0,0.0,0.0,0.0,0.0,2.22726973,0.51266401,4.61397607,1.23229291,6.269875,0.9996,0.388853,0.9976,0.00065999,26.9,4.736293
126,6.812595,2.223393,0.509911,0.0,0.0,0.0,0.0,0.0,0.0,0.0,0.0,0.0,0.0,0.0,0.0,0.0,0.0,0.0,0.0,0.0,0.0,0.0,0.0,0.0,0.0,0.0,0.0,0.0,0.0,0.0,0.0,0.0,0.0,0.0,0.0,0.0,0.0,0.0,0.0,0.0,2.22339311,0.50991136,4.58920223,1.23402185,6.26923024,0.9996,0.41386,0.9976,0.00065485,26.9,4.547937
127,6.806822,2.226271,0.50895,0.0,0.0,0.0,0.0,0.0,0.0,0.0,0.0,0.0,0.0,0.0,0.0,0.0,0.0,0.0,0.0,0.0,0.0,0.0,0.0,0.0,0.0,0.0,0.0,0.0,0.0,0.0,0.0,0.0,0.0,0.0,0.0,0.0,0.0,0.0,0.0,0.0,2.22627098,0.50895011,4.58055097,1.23069567,6.26933663,0.9994,0.412724,0.9952,0.0006497,26.9,4.57647
128,6.778557,2.225026,0.505948,0.0,0.0,0.0,0.0,0.0,0.0,0.0,0.0,0.0,0.0,0.0,0.0,0.0,0.0,0.0,0.0,0.0,0.0,0.0,0.0,0.0,0.0,0.0,0.0,0.0,0.0,0.0,0.0,0.0,0.0,0.0,0.0,0.0,0.0,0.0,0.0,0.0,2.225026,0.50594783,4.5535305,1.22877917,6.26830379,0.9991,0.360093,0.9976,0.00064453,26.9,4.810349
129,6.745673,2.221665,0.502668,0.0,0.0,0.0,0.0,0.0,0.0,0.0,0.0,0.0,0.0,0.0,0.0,0.0,0.0,0.0,0.0,0.0,0.0,0.0,0.0,0.0,0.0,0.0,0.0,0.0,0.0,0.0,0.0,0.0,0.0,0.0,0.0,0.0,0.0,0.0,0.0,0.0,2.22166468,0.50266764,4.52400872,1.22430793,6.26910136,0.9996,0.366436,0.9952,0.00063934,26.9,4.804204
130,6.728398,2.219855,0.500949,0.0,0.0,0.0,0.0,0.0,0.0,0.0,0.0,0.0,0.0,0.0,0.0,0.0,0.0,0.0,0.0,0.0,0.0,0.0,0.0,0.0,0.0,0.0,0.0,0.0,0.0,0.0,0.0,0.0,0.0,0.0,0.0,0.0,0.0,0.0,0.0,0.0,2.21985481,0.50094921,4.50854292,1.22268111,6.26911256,0.9997,0.394956,0.9964,0.00063413,27.1,4.713774
131,6.700625,2.215958,0.498296,0.0,0.0,0.0,0.0,0.0,0.0,0.0,0.0,0.0,0.0,0.0,0.0,0.0,0.0,0.0,0.0,0.0,0.0,0.0,0.0,0.0,0.0,0.0,0.0,0.0,0.0,0.0,0.0,0.0,0.0,0.0,0.0,0.0,0.0,0.0,0.0,0.0,2.21595763,0.49829632,4.48466693,1.2212541,6.27056535,0.9994,0.433957,0.9988,0.00062891,26.8,4.64802
132,6.708581,2.218955,0.498847,0.0,0.0,0.0,0.0,0.0,0.0,0.0,0.0,0.0,0.0,0.0,0.0,0.0,0.0,0.0,0.0,0.0,0.0,0.0,0.0,0.0,0.0,0.0,0.0,0.0,0.0,0.0,0.0,0.0,0.0,0.0,0.0,0.0,0.0,0.0,0.0,0.0,2.21895526,0.4988473,4.48962572,1.22225738,6.26971296,0.9996,0.436909,0.9964,0.00062367,26.8,4.504827
133,6.683112,2.217081,0.496226,0.0,0.0,0.0,0.0,0.0,0.0,0.0,0.0,0.0,0.0,0.0,0.0,0.0,0.0,0.0,0.0,0.0,0.0,0.0,0.0,0.0,0.0,0.0,0.0,0.0,0.0,0.0,0.0,0.0,0.0,0.0,0.0,0.0,0.0,0.0,0.0,0.0,2.2170811,0.49622567,4.46603102,1.21769018,6.26969125,0.9999,0.429403,0.994,0.00061842,26.9,4.59966
134,6.64485,2.210919,0.492659,0.0,0.0,0.0,0.0,0.0,0.0,0.0,0.0,0.0,0.0,0.0,0.0,0.0,0.0,0.0,0.0,0.0,0.0,0.0,0.0,0.0,0.0,0.0,0.0,0.0,0.0,0.0,0.0,0.0,0.0,0.0,0.0,0.0,0.0,0.0,0.0,0.0,2.21091891,0.49265905,4.43393147,1.21818908,6.27046655,0.9994,0.444084,0.9952,0.00061316,27.1,4.535813
135,6.644368,2.206766,0.493067,0.0,0.0,0.0,0.0,0.0,0.0,0.0,0.0,0.0,0.0,0.0,0.0,0.0,0.0,0.0,0.0,0.0,0.0,0.0,0.0,0.0,0.0,0.0,0.0,0.0,0.0,0.0,0.0,0.0,0.0,0.0,0.0,0.0,0.0,0.0,0.0,0.0,2.20676601,0.49306691,4.43760224,1.21625331,6.26955086,0.9996,0.404444,0.9952,0.00060788,26.9,4.696557
136,6.611902,2.208169,0.489304,0.0,0.0,0.0,0.0,0.0,0.0,0.0,0.0,0.0,0.0,0.0,0.0,0.0,0.0,0.0,0.0,0.0,0.0,0.0,0.0,0.0,0.0,0.0,0.0,0.0,0.0,0.0,0.0,0.0,0.0,0.0,0.0,0.0,0.0,0.0,0.0,0.0,2.20816867,0.48930371,4.40373342,1.21363093,6.27033694,0.9997,0.50903,0.9952,0.00060259,26.9,4.337496
137,6.615984,2.214155,0.489092,0.0,0.0,0.0,0.0,0.0,0.0,0.0,0.0,0.0,0.0,0.0,0.0,0.0,0.0,0.0,0.0,0.0,0.0,0.0,0.0,0.0,0.0,0.0,0.0,0.0,0.0,0.0,0.0,0.0,0.0,0.0,0.0,0.0,0.0,0.0,0.0,0.0,2.21415465,0.48909219,4.40182973,1.21147919,6.27023132,0.9994,0.447793,0.9976,0.00059728,27.2,4.587719
138,6.57213,2.205606,0.485169,0.0,0.0,0.0,0.0,0.0,0.0,0.0,0.0,0.0,0.0,0.0,0.0,0.0,0.0,0.0,0.0,0.0,0.0,0.0,0.0,0.0,0.0,0.0,0.0,0.0,0.0,0.0,0.0,0.0,0.0,0.0,0.0,0.0,0.0,0.0,0.0,0.0,2.20560632,0.48516926,4.36652329,1.21248317,6.27067436,0.9999,0.40938,0.9976,0.00059197,27.1,4.745389
139,6.610269,2.216138,0.488237,0.0,0.0,0.0,0.0,0.0,0.0,0.0,0.0,0.0,0.0,0.0,0.0,0.0,0.0,0.0,0.0,0.0,0.0,0.0,0.0,0.0,0.0,0.0,0.0,0.0,0.0,0.0,0.0,0.0,0.0,0.0,0.0,0.0,0.0,0.0,0.0,0.0,2.21613758,0.48823687,4.39413179,1.20343636,6.26941933,0.9996,0.422787,0.994,0.00058665,27.1,4.694475
140,6.527537,2.203397,0.48046,0.0,0.0,0.0,0.0,0.0,0.0,0.0,0.0,0.0,0.0,0.0,0.0,0.0,0.0,0.0,0.0,0.0,0.0,0.0,0.0,0.0,0.0,0.0,0.0,0.0,0.0,0.0,0.0,0.0,0.0,0.0,0.0,0.0,0.0,0.0,0.0,0.0,2.20339703,0.48046,4.32414001,1.20401419,6.26820385,0.9994,0.424432,0.9988,0.00058131,27.3,4.674237
141,6.567185,2.208946,0.484249,0.0,0.0,0.0,0.0,0.0,0.0,0.0,0.0,0.0,0.0,0.0,0.0,0.0,0.0,0.0,0.0,0.0,0.0,0.0,0.0,0.0,0.0,0.0,0.0,0.0,0.0,0.0,0.0,0.0,0.0,0.0,0.0,0.0,0.0,0.0,0.0,0.0,2.20894575,0.48424877,4.35823893,1.20366734,6.26857325,0.9997,0.407393,0.9964,0.00057597,27.1,4.664239
142,6.544229,2.208038,0.481799,0.0,0.0,0.0,0.0,0.0,0.0,0.0,0.0,0.0,0.0,0.0,0.0,0.0,0.0,0.0,0.0,0.0,0.0,0.0,0.0,0.0,0.0,0.0,0.0,0.0,0.0,0.0,0.0,0.0,0.0,0.0,0.0,0.0,0.0,0.0,0.0,0.0,2.20803778,0.481799,4.33619097,1.20394054,6.27086296,0.9999,0.393826,0.9964,0.00057061,27.2,4.722085
143,6.551715,2.214528,0.48191,0.0,0.0,0.0,0.0,0.0,0.0,0.0,0.0,0.0,0.0,0.0,0.0,0.0,0.0,0.0,0.0,0.0,0.0,0.0,0.0,0.0,0.0,0.0,0.0,0.0,0.0,0.0,0.0,0.0,0.0,0.0,0.0,0.0,0.0,0.0,0.0,0.0,2.21452802,0.48190969,4.33718724,1.20103924,6.26950567,0.9999,0.369439,0.9976,0.00056525,26.9,4.839309
144,6.508034,2.204685,0.47815,0.0,0.0,0.0,0.0,0.0,0.0,0.0,0.0,0.0,0.0,0.0,0.0,0.0,0.0,0.0,0.0,0.0,0.0,0.0,0.0,0.0,0.0,0.0,0.0,0.0,0.0,0.0,0.0,0.0,0.0,0.0,0.0,0.0,0.0,0.0,0.0,0.0,2.20468535,0.47814985,4.30334867,1.2021182,6.27049091,0.9996,0.371163,0.9964,0.00055988,27.0,4.865865
145,6.508535,2.210028,0.477612,0.0,0.0,0.0,0.0,0.0,0.0,0.0,0.0,0.0,0.0,0.0,0.0,0.0,0.0,0.0,0.0,0.0,0.0,0.0,0.0,0.0,0.0,0.0,0.0,0.0,0.0,0.0,0.0,0.0,0.0,0.0,0.0,0.0,0.0,0.0,0.0,0.0,2.21002785,0.47761193,4.29850737,1.19832442,6.27151067,0.9994,0.40357,0.9976,0.00055451,27.0,4.724139
146,6.499429,2.209246,0.476687,0.0,0.0,0.0,0.0,0.0,0.0,0.0,0.0,0.0,0.0,0.0,0.0,0.0,0.0,0.0,0.0,0.0,0.0,0.0,0.0,0.0,0.0,0.0,0.0,0.0,0.0,0.0,0.0,0.0,0.0,0.0,0.0,0.0,0.0,0.0,0.0,0.0,2.20924631,0.47668697,4.29018271,1.19724186,6.27044129,0.9997,0.406605,1.0,0.00054912,27.1,4.722651
147,6.495925,2.208474,0.476383,0.0,0.0,0.0,0.0,0.0,0.0,0.0,0.0,0.0,0.0,0.0,0.0,0.0,0.0,0.0,0.0,0.0,0.0,0.0,0.0,0.0,0.0,0.0,0.0,0.0,0.0,0.0,0.0,0.0,0.0,0.0,0.0,0.0,0.0,0.0,0.0,0.0,2.20847412,0.47638341,4.28745066,1.19282252,6.26874723,0.9997,0.397957,0.9976,0.00054373,26.8,4.761221
148,6.467317,2.201994,0.473925,0.0,0.0,0.0,0.0,0.0,0.0,0.0,0.0,0.0,0.0,0.0,0.0,0.0,0.0,0.0,0.0,0.0,0.0,0.0,0.0,0.0,0.0,0.0,0.0,0.0,0.0,0.0,0.0,0.0,0.0,0.0,0.0,0.0,0.0,0.0,0.0,0.0,2.20199372,0.47392479,4.26532307,1.19826808,6.27155471,0.9996,0.428688,0.9976,0.00053834,27.1,4.700583
149,6.470956,2.204901,0.474006,0.0,0.0,0.0,0.0,0.0,0.0,0.0,0.0,0.0,0.0,0.0,0.0,0.0,0.0,0.0,0.0,0.0,0.0,0.0,0.0,0.0,0.0,0.0,0.0,0.0,0.0,0.0,0.0,0.0,0.0,0.0,0.0,0.0,0.0,0.0,0.0,0.0,2.20490133,0.47400611,4.26605505,1.19353529,6.26990104,0.9996,0.454764,0.9976,0.00053294,27.3,4.475739
150,6.409438,2.197762,0.467964,0.0,0.0,0.0,0.0,0.0,0.0,0.0,0.0,0.0,0.0,0.0,0.0,0.0,0.0,0.0,0.0,0.0,0.0,0.0,0.0,0.0,0.0,0.0,0.0,0.0,0.0,0.0,0.0,0.0,0.0,0.0,0.0,0.0,0.0,0.0,0.0,0.0,2.19776247,0.46796392,4.21167525,1.19389938,6.26947482,0.9999,0.403361,0.9988,0.00052754,27.1,4.80681
151,6.452623,2.198491,0.472681,0.0,0.0,0.0,0.0,0.0,0.0,0.0,0.0,0.0,0.0,0.0,0.0,0.0,0.0,0.0,0.0,0.0,0.0,0.0,0.0,0.0,0.0,0.0,0.0,0.0,0.0,0.0,0.0,0.0,0.0,0.0,0.0,0.0,0.0,0.0,0.0,0.0,2.19849053,0.47268138,4.25413238,1.19011742,6.27141614,0.9996,0.475178,0.9964,0.00052214,27.1,4.588753
152,6.385975,2.198504,0.465275,0.0,0.0,0.0,0.0,0.0,0.0,0.0,0.0,0.0,0.0,0.0,0.0,0.0,0.0,0.0,0.0,0.0,0.0,0.0,0.0,0.0,0.0,0.0,0.0,0.0,0.0,0.0,0.0,0.0,0.0,0.0,0.0,0.0,0.0,0.0,0.0,0.0,2.19850405,0.46527452,4.18747064,1.18917918,6.26909389,0.9997,0.39479,0.9988,0.00051673,27.0,4.78115
153,6.377724,2.196177,0.464616,0.0,0.0,0.0,0.0,0.0,0.0,0.0,0.0,0.0,0.0,0.0,0.0,0.0,0.0,0.0,0.0,0.0,0.0,0.0,0.0,0.0,0.0,0.0,0.0,0.0,0.0,0.0,0.0,0.0,0.0,0.0,0.0,0.0,0.0,0.0,0.0,0.0,2.19617687,0.46461629,4.18154667,1.18670979,6.26959624,0.9997,0.411961,0.9976,0.00051132,27.1,4.745103
154,6.375633,2.19767,0.464218,0.0,0.0,0.0,0.0,0.0,0.0,0.0,0.0,0.0,0.0,0.0,0.0,0.0,0.0,0.0,0.0,0.0,0.0,0.0,0.0,0.0,0.0,0.0,0.0,0.0,0.0,0.0,0.0,0.0,0.0,0.0,0.0,0.0,0.0,0.0,0.0,0.0,2.19766991,0.46421816,4.17796351,1.18640849,6.26867253,0.9999,0.38537,0.9964,0.00050591,27.1,4.848537
155,6.327342,2.194171,0.459241,0.0,0.0,0.0,0.0,0.0,0.0,0.0,0.0,0.0,0.0,0.0,0.0,0.0,0.0,0.0,0.0,0.0,0.0,0.0,0.0,0.0,0.0,0.0,0.0,0.0,0.0,0.0,0.0,0.0,0.0,0.0,0.0,0.0,0.0,0.0,0.0,0.0,2.19417098,0.45924118,4.1331706,1.18578431,6.26965806,0.9999,0.417109,0.9976,0.0005005,27.1,4.749384
156,6.369931,2.196762,0.463685,0.0,0.0,0.0,0.0,0.0,0.0,0.0,0.0,0.0,0.0,0.0,0.0,0.0,0.0,0.0,0.0,0.0,0.0,0.0,0.0,0.0,0.0,0.0,0.0,0.0,0.0,0.0,0.0,0.0,0.0,0.0,0.0,0.0,0.0,0.0,0.0,0.0,2.19676206,0.46368542,4.17316881,1.18536391,6.27090626,0.9991,0.424036,0.9988,0.00049509,27.0,4.729433
157,6.314616,2.190797,0.458202,0.0,0.0,0.0,0.0,0.0,0.0,0.0,0.0,0.0,0.0,0.0,0.0,0.0,0.0,0.0,0.0,0.0,0.0,0.0,0.0,0.0,0.0,0.0,0.0,0.0,0.0,0.0,0.0,0.0,0.0,0.0,0.0,0.0,0.0,0.0,0.0,0.0,2.19079712,0.45820211,4.12381897,1.18335403,6.27113124,0.9999,0.386421,0.9976,0.00048968,27.0,4.870973
158,6.308904,2.194772,0.457126,0.0,0.0,0.0,0.0,0.0,0.0,0.0,0.0,0.0,0.0,0.0,0.0,0.0,0.0,0.0,0.0,0.0,0.0,0.0,0.0,0.0,0.0,0.0,0.0,0.0,0.0,0.0,0.0,0.0,0.0,0.0,0.0,0.0,0.0,0.0,0.0,0.0,2.19477178,0.45712583,4.11413251,1.18288298,6.27023934,0.9997,0.392683,0.9976,0.00048427,27.1,4.864466
159,6.321385,2.195742,0.458405,0.0,0.0,0.0,0.0,0.0,0.0,0.0,0.0,0.0,0.0,0.0,0.0,0.0,0.0,0.0,0.0,0.0,0.0,0.0,0.0,0.0,0.0,0.0,0.0,0.0,0.0,0.0,0.0,0.0,0.0,0.0,0.0,0.0,0.0,0.0,0.0,0.0,2.19574209,0.45840481,4.12564325,1.17873911,6.2702403,0.9999,0.385997,0.9988,0.00047886,27.1,4.850051
160,6.315604,2.193028,0.458064,0.0,0.0,0.0,0.0,0.0,0.0,0.0,0.0,0.0,0.0,0.0,0.0,0.0,0.0,0.0,0.0,0.0,0.0,0.0,0.0,0.0,0.0,0.0,0.0,0.0,0.0,0.0,0.0,0.0,0.0,0.0,0.0,0.0,0.0,0.0,0.0,0.0,2.19302803,0.45806395,4.12257556,1.17678518,6.26931308,0.9999,0.397914,0.9976,0.00047346,26.9,4.840015
161,6.26906,2.18663,0.453603,0.0,0.0,0.0,0.0,0.0,0.0,0.0,0.0,0.0,0.0,0.0,0.0,0.0,0.0,0.0,0.0,0.0,0.0,0.0,0.0,0.0,0.0,0.0,0.0,0.0,0.0,0.0,0.0,0.0,0.0,0.0,0.0,0.0,0.0,0.0,0.0,0.0,2.18662986,0.45360332,4.08242986,1.17891769,6.27014945,0.9999,0.406521,0.9976,0.00046806,26.9,4.818832
162,6.29167,2.19372,0.455328,0.0,0.0,0.0,0.0,0.0,0.0,0.0,0.0,0.0,0.0,0.0,0.0,0.0,0.0,0.0,0.0,0.0,0.0,0.0,0.0,0.0,0.0,0.0,0.0,0.0,0.0,0.0,0.0,0.0,0.0,0.0,0.0,0.0,0.0,0.0,0.0,0.0,2.19371972,0.45532783,4.09795045,1.1748257,6.26981833,0.9997,0.356506,0.9976,0.00046266,27.3,4.979972
163,6.252229,2.189671,0.451395,0.0,0.0,0.0,0.0,0.0,0.0,0.0,0.0,0.0,0.0,0.0,0.0,0.0,0.0,0.0,0.0,0.0,0.0,0.0,0.0,0.0,0.0,0.0,0.0,0.0,0.0,0.0,0.0,0.0,0.0,0.0,0.0,0.0,0.0,0.0,0.0,0.0,2.18967081,0.4513953,4.06255772,1.17569908,6.26950204,0.9999,0.489794,0.9976,0.00045727,27.1,4.556336
164,6.239622,2.190341,0.44992,0.0,0.0,0.0,0.0,0.0,0.0,0.0,0.0,0.0,0.0,0.0,0.0,0.0,0.0,0.0,0.0,0.0,0.0,0.0,0.0,0.0,0.0,0.0,0.0,0.0,0.0,0.0,0.0,0.0,0.0,0.0,0.0,0.0,0.0,0.0,0.0,0.0,2.19034067,0.44992011,4.049281,1.17271167,6.26975665,0.9999,0.379039,0.9976,0.00045188,27.2,4.876605
165,6.253976,2.190602,0.451486,0.0,0.0,0.0,0.0,0.0,0.0,0.0,0.0,0.0,0.0,0.0,0.0,0.0,0.0,0.0,0.0,0.0,0.0,0.0,0.0,0.0,0.0,0.0,0.0,0.0,0.0,0.0,0.0,0.0,0.0,0.0,0.0,0.0,0.0,0.0,0.0,0.0,2.1906022,0.45148595,4.06337355,1.17337467,6.26886931,1.0,0.395401,0.9964,0.00044649,27.3,4.821791
166,6.190096,2.184047,0.445117,0.0,0.0,0.0,0.0,0.0,0.0,0.0,0.0,0.0,0.0,0.0,0.0,0.0,0.0,0.0,0.0,0.0,0.0,0.0,0.0,0.0,0.0,0.0,0.0,0.0,0.0,0.0,0.0,0.0,0.0,0.0,0.0,0.0,0.0,0.0,0.0,0.0,2.18404695,0.44511662,4.00604953,1.17387476,6.27176469,0.9999,0.411519,0.9976,0.00044112,27.2,4.805041
167,6.236514,2.190051,0.449607,0.0,0.0,0.0,0.0,0.0,0.0,0.0,0.0,0.0,0.0,0.0,0.0,0.0,0.0,0.0,0.0,0.0,0.0,0.0,0.0,0.0,0.0,0.0,0.0,0.0,0.0,0.0,0.0,0.0,0.0,0.0,0.0,0.0,0.0,0.0,0.0,0.0,2.19005084,0.44960705,4.04646342,1.16939774,6.2701434,0.9999,0.396679,0.9976,0.00043575,27.0,4.835436
168,6.22729,2.188716,0.44873,0.0,0.0,0.0,0.0,0.0,0.0,0.0,0.0,0.0,0.0,0.0,0.0,0.0,0.0,0.0,0.0,0.0,0.0,0.0,0.0,0.0,0.0,0.0,0.0,0.0,0.0,0.0,0.0,0.0,0.0,0.0,0.0,0.0,0.0,0.0,0.0,0.0,2.18871628,0.44873047,4.03857418,1.16935513,6.27006326,0.9994,0.403182,0.9964,0.00043039,27.4,4.846455
169,6.222095,2.189845,0.448028,0.0,0.0,0.0,0.0,0.0,0.0,0.0,0.0,0.0,0.0,0.0,0.0,0.0,0.0,0.0,0.0,0.0,0.0,0.0,0.0,0.0,0.0,0.0,0.0,0.0,0.0,0.0,0.0,0.0,0.0,0.0,0.0,0.0,0.0,0.0,0.0,0.0,2.18984504,0.4480278,4.03225022,1.17151601,6.27079944,0.9996,0.389196,0.9988,0.00042503,27.3,4.917568
170,6.174974,2.182194,0.443642,0.0,0.0,0.0,0.0,0.0,0.0,0.0,0.0,0.0,0.0,0.0,0.0,0.0,0.0,0.0,0.0,0.0,0.0,0.0,0.0,0.0,0.0,0.0,0.0,0.0,0.0,0.0,0.0,0.0,0.0,0.0,0.0,0.0,0.0,0.0,0.0,0.0,2.18219382,0.44364221,3.99277992,1.16881199,6.26999761,0.9999,0.396298,0.9988,0.00041969,27.1,4.876853
171,6.172414,2.184979,0.443048,0.0,0.0,0.0,0.0,0.0,0.0,0.0,0.0,0.0,0.0,0.0,0.0,0.0,0.0,0.0,0.0,0.0,0.0,0.0,0.0,0.0,0.0,0.0,0.0,0.0,0.0,0.0,0.0,0.0,0.0,0.0,0.0,0.0,0.0,0.0,0.0,0.0,2.18497858,0.44304836,3.98743523,1.16735803,6.27147589,0.9997,0.369515,0.9976,0.00041435,27.1,4.923369
172,6.123606,2.179901,0.43819,0.0,0.0,0.0,0.0,0.0,0.0,0.0,0.0,0.0,0.0,0.0,0.0,0.0,0.0,0.0,0.0,0.0,0.0,0.0,0.0,0.0,0.0,0.0,0.0,0.0,0.0,0.0,0.0,0.0,0.0,0.0,0.0,0.0,0.0,0.0,0.0,0.0,2.17990062,0.43818952,3.94370572,1.16788586,6.26955657,0.9997,0.419273,0.9964,0.00040903,27.1,4.788196
173,6.163464,2.188405,0.441673,0.0,0.0,0.0,0.0,0.0,0.0,0.0,0.0,0.0,0.0,0.0,0.0,0.0,0.0,0.0,0.0,0.0,0.0,0.0,0.0,0.0,0.0,0.0,0.0,0.0,0.0,0.0,0.0,0.0,0.0,0.0,0.0,0.0,0.0,0.0,0.0,0.0,2.18840505,0.44167322,3.97505899,1.16359682,6.27027873,0.9999,0.38994,0.9976,0.00040372,27.1,4.941028
174,6.147471,2.183276,0.440466,0.0,0.0,0.0,0.0,0.0,0.0,0.0,0.0,0.0,0.0,0.0,0.0,0.0,0.0,0.0,0.0,0.0,0.0,0.0,0.0,0.0,0.0,0.0,0.0,0.0,0.0,0.0,0.0,0.0,0.0,0.0,0.0,0.0,0.0,0.0,0.0,0.0,2.18327639,0.44046611,3.96419496,1.16399988,6.26938713,0.9999,0.39621,0.9988,0.00039841,27.0,4.879071
175,6.153118,2.185701,0.440824,0.0,0.0,0.0,0.0,0.0,0.0,0.0,0.0,0.0,0.0,0.0,0.0,0.0,0.0,0.0,0.0,0.0,0.0,0.0,0.0,0.0,0.0,0.0,0.0,0.0,0.0,0.0,0.0,0.0,0.0,0.0,0.0,0.0,0.0,0.0,0.0,0.0,2.18570067,0.44082418,3.96741765,1.16333905,6.27111658,0.9999,0.409705,0.9988,0.00039312,26.9,4.824698
176,6.121742,2.182493,0.437694,0.0,0.0,0.0,0.0,0.0,0.0,0.0,0.0,0.0,0.0,0.0,0.0,0.0,0.0,0.0,0.0,0.0,0.0,0.0,0.0,0.0,0.0,0.0,0.0,0.0,0.0,0.0,0.0,0.0,0.0,0.0,0.0,0.0,0.0,0.0,0.0,0.0,2.18249314,0.43769437,3.93924932,1.16199332,6.27073014,1.0,0.395876,0.9988,0.00038784,26.8,4.931546
177,6.094406,2.176612,0.43531,0.0,0.0,0.0,0.0,0.0,0.0,0.0,0.0,0.0,0.0,0.0,0.0,0.0,0.0,0.0,0.0,0.0,0.0,0.0,0.0,0.0,0.0,0.0,0.0,0.0,0.0,0.0,0.0,0.0,0.0,0.0,0.0,0.0,0.0,0.0,0.0,0.0,2.17661248,0.43531042,3.91779377,1.16204189,6.27117074,0.9999,0.387385,0.9988,0.00038258,26.9,4.923796
178,6.124001,2.190057,0.437105,0.0,0.0,0.0,0.0,0.0,0.0,0.0,0.0,0.0,0.0,0.0,0.0,0.0,0.0,0.0,0.0,0.0,0.0,0.0,0.0,0.0,0.0,0.0,0.0,0.0,0.0,0.0,0.0,0.0,0.0,0.0,0.0,0.0,0.0,0.0,0.0,0.0,2.19005707,0.43710484,3.93394356,1.1592323,6.27127948,0.9999,0.456753,0.9988,0.00037733,27.3,4.741244
179,6.084127,2.176785,0.434149,0.0,0.0,0.0,0.0,0.0,0.0,0.0,0.0,0.0,0.0,0.0,0.0,0.0,0.0,0.0,0.0,0.0,0.0,0.0,0.0,0.0,0.0,0.0,0.0,0.0,0.0,0.0,0.0,0.0,0.0,0.0,0.0,0.0,0.0,0.0,0.0,0.0,2.17678525,0.43414908,3.90734176,1.15981251,6.26992295,0.9999,0.383831,0.9976,0.00037209,26.9,4.964029
180,6.077486,2.175397,0.433566,0.0,0.0,0.0,0.0,0.0,0.0,0.0,0.0,0.0,0.0,0.0,0.0,0.0,0.0,0.0,0.0,0.0,0.0,0.0,0.0,0.0,0.0,0.0,0.0,0.0,0.0,0.0,0.0,0.0,0.0,0.0,0.0,0.0,0.0,0.0,0.0,0.0,2.17539677,0.43356552,3.90208969,1.15986703,6.27025344,1.0,0.402418,0.9988,0.00036687,26.9,4.900418
181,6.092122,2.183426,0.4343,0.0,0.0,0.0,0.0,0.0,0.0,0.0,0.0,0.0,0.0,0.0,0.0,0.0,0.0,0.0,0.0,0.0,0.0,0.0,0.0,0.0,0.0,0.0,0.0,0.0,0.0,0.0,0.0,0.0,0.0,0.0,0.0,0.0,0.0,0.0,0.0,0.0,2.18342575,0.43429964,3.90869672,1.1552161,6.26976585,0.9997,0.388483,0.9976,0.00036166,26.9,4.876616
182,6.042277,2.17433,0.429772,0.0,0.0,0.0,0.0,0.0,0.0,0.0,0.0,0.0,0.0,0.0,0.0,0.0,0.0,0.0,0.0,0.0,0.0,0.0,0.0,0.0,0.0,0.0,0.0,0.0,0.0,0.0,0.0,0.0,0.0,0.0,0.0,0.0,0.0,0.0,0.0,0.0,2.17432966,0.42977189,3.86794697,1.15778744,6.27185651,0.9999,0.408594,0.9988,0.00035647,26.9,4.859782
183,6.058699,2.178646,0.431117,0.0,0.0,0.0,0.0,0.0,0.0,0.0,0.0,0.0,0.0,0.0,0.0,0.0,0.0,0.0,0.0,0.0,0.0,0.0,0.0,0.0,0.0,0.0,0.0,0.0,0.0,0.0,0.0,0.0,0.0,0.0,0.0,0.0,0.0,0.0,0.0,0.0,2.17864581,0.43111703,3.88005328,1.15400518,6.27008329,0.9999,0.390973,0.9976,0.0003513,27.1,4.922435
184,6.081735,2.178096,0.433738,0.0,0.0,0.0,0.0,0.0,0.0,0.0,0.0,0.0,0.0,0.0,0.0,0.0,0.0,0.0,0.0,0.0,0.0,0.0,0.0,0.0,0.0,0.0,0.0,0.0,0.0,0.0,0.0,0.0,0.0,0.0,0.0,0.0,0.0,0.0,0.0,0.0,2.17809609,0.43373765,3.90363882,1.15269088,6.2692144,0.9999,0.367747,0.9988,0.00034615,27.1,5.024531
185,6.03312,2.170265,0.429206,0.0,0.0,0.0,0.0,0.0,0.0,0.0,0.0,0.0,0.0,0.0,0.0,0.0,0.0,0.0,0.0,0.0,0.0,0.0,0.0,0.0,0.0,0.0,0.0,0.0,0.0,0.0,0.0,0.0,0.0,0.0,0.0,0.0,0.0,0.0,0.0,0.0,2.17026544,0.42920601,3.86285407,1.15593988,6.26862412,1.0,0.362378,0.9988,0.00034101,27.2,5.015511
186,6.012159,2.171901,0.426695,0.0,0.0,0.0,0.0,0.0,0.0,0.0,0.0,0.0,0.0,0.0,0.0,0.0,0.0,0.0,0.0,0.0,0.0,0.0,0.0,0.0,0.0,0.0,0.0,0.0,0.0,0.0,0.0,0.0,0.0,0.0,0.0,0.0,0.0,0.0,0.0,0.0,2.17190055,0.42669538,3.84025844,1.15349211,6.26804051,1.0,0.381757,0.9988,0.00033589,27.1,4.951274
187,5.998059,2.169633,0.425381,0.0,0.0,0.0,0.0,0.0,0.0,0.0,0.0,0.0,0.0,0.0,0.0,0.0,0.0,0.0,0.0,0.0,0.0,0.0,0.0,0.0,0.0,0.0,0.0,0.0,0.0,0.0,0.0,0.0,0.0,0.0,0.0,0.0,0.0,0.0,0.0,0.0,2.16963339,0.42538066,3.82842595,1.15261915,6.27050363,0.9996,0.423208,0.9988,0.00033079,26.9,4.872973
188,6.007388,2.178623,0.425418,0.0,0.0,0.0,0.0,0.0,0.0,0.0,0.0,0.0,0.0,0.0,0.0,0.0,0.0,0.0,0.0,0.0,0.0,0.0,0.0,0.0,0.0,0.0,0.0,0.0,0.0,0.0,0.0,0.0,0.0,0.0,0.0,0.0,0.0,0.0,0.0,0.0,2.17862266,0.42541833,3.82876492,1.14878606,6.26879228,0.9999,0.466003,0.9976,0.00032571,27.0,4.658288
189,5.985391,2.172823,0.423619,0.0,0.0,0.0,0.0,0.0,0.0,0.0,0.0,0.0,0.0,0.0,0.0,0.0,0.0,0.0,0.0,0.0,0.0,0.0,0.0,0.0,0.0,0.0,0.0,0.0,0.0,0.0,0.0,0.0,0.0,0.0,0.0,0.0,0.0,0.0,0.0,0.0,2.17282323,0.42361859,3.8125673,1.14940772,6.26850629,0.9997,0.389625,1.0,0.00032065,27.5,4.934016
190,5.991611,2.170619,0.424555,0.0,0.0,0.0,0.0,0.0,0.0,0.0,0.0,0.0,0.0,0.0,0.0,0.0,0.0,0.0,0.0,0.0,0.0,0.0,0.0,0.0,0.0,0.0,0.0,0.0,0.0,0.0,0.0,0.0,0.0,0.0,0.0,0.0,0.0,0.0,0.0,0.0,2.17061885,0.42455468,3.82099213,1.14983186,6.26709158,1.0,0.439714,0.9988,0.00031562,27.0,4.766082
191,5.985611,2.170686,0.423881,0.0,0.0,0.0,0.0,0.0,0.0,0.0,0.0,0.0,0.0,0.0,0.0,0.0,0.0,0.0,0.0,0.0,0.0,0.0,0.0,0.0,0.0,0.0,0.0,0.0,0.0,0.0,0.0,0.0,0.0,0.0,0.0,0.0,0.0,0.0,0.0,0.0,2.17068569,0.42388062,3.81492558,1.15108969,6.26986201,0.9999,0.393781,0.9988,0.0003106,27.1,4.922092
192,5.970512,2.172356,0.422017,0.0,0.0,0.0,0.0,0.0,0.0,0.0,0.0,0.0,0.0,0.0,0.0,0.0,0.0,0.0,0.0,0.0,0.0,0.0,0.0,0.0,0.0,0.0,0.0,0.0,0.0,0.0,0.0,0.0,0.0,0.0,0.0,0.0,0.0,0.0,0.0,0.0,2.17235604,0.42201731,3.79815576,1.14880102,6.26859564,1.0,0.397336,1.0,0.00030561,27.3,4.910533
193,5.979842,2.175618,0.422692,0.0,0.0,0.0,0.0,0.0,0.0,0.0,0.0,0.0,0.0,0.0,0.0,0.0,0.0,0.0,0.0,0.0,0.0,0.0,0.0,0.0,0.0,0.0,0.0,0.0,0.0,0.0,0.0,0.0,0.0,0.0,0.0,0.0,0.0,0.0,0.0,0.0,2.17561814,0.42269156,3.80422405,1.14399561,6.26993871,0.9997,0.398235,1.0,0.00030064,26.7,4.88859
194,5.989861,2.174745,0.423902,0.0,0.0,0.0,0.0,0.0,0.0,0.0,0.0,0.0,0.0,0.0,0.0,0.0,0.0,0.0,0.0,0.0,0.0,0.0,0.0,0.0,0.0,0.0,0.0,0.0,0.0,0.0,0.0,0.0,0.0,0.0,0.0,0.0,0.0,0.0,0.0,0.0,2.17474539,0.42390178,3.81511607,1.14472027,6.27035588,1.0,0.383751,1.0,0.00029569,26.9,4.960513
195,5.950375,2.169958,0.420046,0.0,0.0,0.0,0.0,0.0,0.0,0.0,0.0,0.0,0.0,0.0,0.0,0.0,0.0,0.0,0.0,0.0,0.0,0.0,0.0,0.0,0.0,0.0,0.0,0.0,0.0,0.0,0.0,0.0,0.0,0.0,0.0,0.0,0.0,0.0,0.0,0.0,2.16995762,0.42004641,3.78041769,1.14735629,6.271079,0.9999,0.395264,0.9988,0.00029077,27.0,4.967045
196,5.921195,2.168648,0.41695,0.0,0.0,0.0,0.0,0.0,0.0,0.0,0.0,0.0,0.0,0.0,0.0,0.0,0.0,0.0,0.0,0.0,0.0,0.0,0.0,0.0,0.0,0.0,0.0,0.0,0.0,0.0,0.0,0.0,0.0,0.0,0.0,0.0,0.0,0.0,0.0,0.0,2.16864785,0.41694966,3.75254697,1.14603657,6.26927721,0.9999,0.409907,0.9988,0.00028587,26.7,4.903942
197,5.91279,2.164263,0.416503,0.0,0.0,0.0,0.0,0.0,0.0,0.0,0.0,0.0,0.0,0.0,0.0,0.0,0.0,0.0,0.0,0.0,0.0,0.0,0.0,0.0,0.0,0.0,0.0,0.0,0.0,0.0,0.0,0.0,0.0,0.0,0.0,0.0,0.0,0.0,0.0,0.0,2.16426289,0.41650303,3.74852726,1.14741517,6.26910817,0.9997,0.4182,0.9988,0.00028099,27.0,4.853956
198,5.909979,2.165906,0.416008,0.0,0.0,0.0,0.0,0.0,0.0,0.0,0.0,0.0,0.0,0.0,0.0,0.0,0.0,0.0,0.0,0.0,0.0,0.0,0.0,0.0,0.0,0.0,0.0,0.0,0.0,0.0,0.0,0.0,0.0,0.0,0.0,0.0,0.0,0.0,0.0,0.0,2.16590576,0.41600816,3.74407342,1.14215248,6.26847184,0.9999,0.38504,0.9988,0.00027615,27.0,5.001678
199,5.959685,2.173564,0.42068,0.0,0.0,0.0,0.0,0.0,0.0,0.0,0.0,0.0,0.0,0.0,0.0,0.0,0.0,0.0,0.0,0.0,0.0,0.0,0.0,0.0,0.0,0.0,0.0,0.0,0.0,0.0,0.0,0.0,0.0,0.0,0.0,0.0,0.0,0.0,0.0,0.0,2.17356421,0.42068009,3.78612083,1.14068855,6.27042712,0.9999,0.391593,0.9988,0.00027132,27.0,4.969156
200,5.921273,2.166936,0.417149,0.0,0.0,0.0,0.0,0.0,0.0,0.0,0.0,0.0,0.0,0.0,0.0,0.0,0.0,0.0,0.0,0.0,0.0,0.0,0.0,0.0,0.0,0.0,0.0,0.0,0.0,0.0,0.0,0.0,0.0,0.0,0.0,0.0,0.0,0.0,0.0,0.0,2.16693599,0.41714853,3.75433681,1.14462042,6.26775209,1.0,0.388841,0.9988,0.00026653,27.0,4.988516
201,5.904533,2.16652,0.415335,0.0,0.0,0.0,0.0,0.0,0.0,0.0,0.0,0.0,0.0,0.0,0.0,0.0,0.0,0.0,0.0,0.0,0.0,0.0,0.0,0.0,0.0,0.0,0.0,0.0,0.0,0.0,0.0,0.0,0.0,0.0,0.0,0.0,0.0,0.0,0.0,0.0,2.16651984,0.4153348,3.73801322,1.14166386,6.26996902,0.9999,0.393689,0.9988,0.00026176,26.9,4.952686
202,5.911455,2.169574,0.415765,0.0,0.0,0.0,0.0,0.0,0.0,0.0,0.0,0.0,0.0,0.0,0.0,0.0,0.0,0.0,0.0,0.0,0.0,0.0,0.0,0.0,0.0,0.0,0.0,0.0,0.0,0.0,0.0,0.0,0.0,0.0,0.0,0.0,0.0,0.0,0.0,0.0,2.16957387,0.41576456,3.74188103,1.1391025,6.26962156,0.9999,0.397084,0.9976,0.00025702,27.1,4.979745
203,5.85293,2.156772,0.410684,0.0,0.0,0.0,0.0,0.0,0.0,0.0,0.0,0.0,0.0,0.0,0.0,0.0,0.0,0.0,0.0,0.0,0.0,0.0,0.0,0.0,0.0,0.0,0.0,0.0,0.0,0.0,0.0,0.0,0.0,0.0,0.0,0.0,0.0,0.0,0.0,0.0,2.15677232,0.41068413,3.69615719,1.1434963,6.26992041,1.0,0.411534,0.9976,0.00025231,26.9,4.929356
204,5.883955,2.167735,0.412913,0.0,0.0,0.0,0.0,0.0,0.0,0.0,0.0,0.0,0.0,0.0,0.0,0.0,0.0,0.0,0.0,0.0,0.0,0.0,0.0,0.0,0.0,0.0,0.0,0.0,0.0,0.0,0.0,0.0,0.0,0.0,0.0,0.0,0.0,0.0,0.0,0.0,2.1677348,0.41291331,3.71621979,1.13932702,6.27101621,0.9999,0.39079,0.9988,0.00024763,27.2,4.995585
205,5.867208,2.163403,0.411534,0.0,0.0,0.0,0.0,0.0,0.0,0.0,0.0,0.0,0.0,0.0,0.0,0.0,0.0,0.0,0.0,0.0,0.0,0.0,0.0,0.0,0.0,0.0,0.0,0.0,0.0,0.0,0.0,0.0,0.0,0.0,0.0,0.0,0.0,0.0,0.0,0.0,2.1634035,0.41153388,3.70380492,1.13839286,6.27163699,1.0,0.401972,0.9988,0.00024298,26.9,4.960898
206,5.837565,2.159085,0.40872,0.0,0.0,0.0,0.0,0.0,0.0,0.0,0.0,0.0,0.0,0.0,0.0,0.0,0.0,0.0,0.0,0.0,0.0,0.0,0.0,0.0,0.0,0.0,0.0,0.0,0.0,0.0,0.0,0.0,0.0,0.0,0.0,0.0,0.0,0.0,0.0,0.0,2.15908456,0.40872007,3.6784806,1.1379685,6.2677949,1.0,0.415297,0.9976,0.00023836,26.9,4.889645
207,5.860561,2.165062,0.410611,0.0,0.0,0.0,0.0,0.0,0.0,0.0,0.0,0.0,0.0,0.0,0.0,0.0,0.0,0.0,0.0,0.0,0.0,0.0,0.0,0.0,0.0,0.0,0.0,0.0,0.0,0.0,0.0,0.0,0.0,0.0,0.0,0.0,0.0,0.0,0.0,0.0,2.16506215,0.41061101,3.69549907,1.13671643,6.26874013,0.9999,0.387753,0.9976,0.00023377,26.9,5.027006
208,5.87767,2.168953,0.41208,0.0,0.0,0.0,0.0,0.0,0.0,0.0,0.0,0.0,0.0,0.0,0.0,0.0,0.0,0.0,0.0,0.0,0.0,0.0,0.0,0.0,0.0,0.0,0.0,0.0,0.0,0.0,0.0,0.0,0.0,0.0,0.0,0.0,0.0,0.0,0.0,0.0,2.16895314,0.41207963,3.70871668,1.136587,6.27033072,1.0,0.370327,0.9988,0.00022921,26.9,5.049295
209,5.853621,2.168547,0.409453,0.0,0.0,0.0,0.0,0.0,0.0,0.0,0.0,0.0,0.0,0.0,0.0,0.0,0.0,0.0,0.0,0.0,0.0,0.0,0.0,0.0,0.0,0.0,0.0,0.0,0.0,0.0,0.0,0.0,0.0,0.0,0.0,0.0,0.0,0.0,0.0,0.0,2.16854692,0.40945273,3.68507453,1.13454979,6.26931623,0.9999,0.401603,0.9988,0.00022468,27.0,4.972276
210,5.822548,2.163459,0.406565,0.0,0.0,0.0,0.0,0.0,0.0,0.0,0.0,0.0,0.0,0.0,0.0,0.0,0.0,0.0,0.0,0.0,0.0,0.0,0.0,0.0,0.0,0.0,0.0,0.0,0.0,0.0,0.0,0.0,0.0,0.0,0.0,0.0,0.0,0.0,0.0,0.0,2.16345938,0.40656545,3.65908911,1.13569066,6.26931643,0.9997,0.390127,0.9976,0.00022019,26.9,5.008334
211,5.813384,2.157491,0.40621,0.0,0.0,0.0,0.0,0.0,0.0,0.0,0.0,0.0,0.0,0.0,0.0,0.0,0.0,0.0,0.0,0.0,0.0,0.0,0.0,0.0,0.0,0.0,0.0,0.0,0.0,0.0,0.0,0.0,0.0,0.0,0.0,0.0,0.0,0.0,0.0,0.0,2.1574908,0.40621031,3.65589282,1.13569262,6.26974358,1.0,0.413466,1.0,0.00021572,27.2,4.935904
212,5.80015,2.158637,0.404613,0.0,0.0,0.0,0.0,0.0,0.0,0.0,0.0,0.0,0.0,0.0,0.0,0.0,0.0,0.0,0.0,0.0,0.0,0.0,0.0,0.0,0.0,0.0,0.0,0.0,0.0,0.0,0.0,0.0,0.0,0.0,0.0,0.0,0.0,0.0,0.0,0.0,2.15863691,0.40461261,3.64151353,1.13427172,6.26999259,0.9999,0.407224,0.9988,0.0002113,27.0,4.953793
213,5.808785,2.159083,0.405522,0.0,0.0,0.0,0.0,0.0,0.0,0.0,0.0,0.0,0.0,0.0,0.0,0.0,0.0,0.0,0.0,0.0,0.0,0.0,0.0,0.0,0.0,0.0,0.0,0.0,0.0,0.0,0.0,0.0,0.0,0.0,0.0,0.0,0.0,0.0,0.0,0.0,2.15908318,0.40552245,3.64970207,1.1328718,6.26865585,0.9997,0.395184,0.9988,0.0002069,27.0,4.989115
214,5.798876,2.161366,0.404168,0.0,0.0,0.0,0.0,0.0,0.0,0.0,0.0,0.0,0.0,0.0,0.0,0.0,0.0,0.0,0.0,0.0,0.0,0.0,0.0,0.0,0.0,0.0,0.0,0.0,0.0,0.0,0.0,0.0,0.0,0.0,0.0,0.0,0.0,0.0,0.0,0.0,2.16136649,0.40416769,3.63750921,1.13329742,6.27155642,0.9999,0.389812,0.9976,0.00020254,27.1,5.018461
215,5.768745,2.154837,0.401545,0.0,0.0,0.0,0.0,0.0,0.0,0.0,0.0,0.0,0.0,0.0,0.0,0.0,0.0,0.0,0.0,0.0,0.0,0.0,0.0,0.0,0.0,0.0,0.0,0.0,0.0,0.0,0.0,0.0,0.0,0.0,0.0,0.0,0.0,0.0,0.0,0.0,2.15483741,0.40154532,3.61390784,1.13532039,6.27023158,0.9999,0.397753,0.9988,0.00019822,27.0,4.959999
216,5.785635,2.160063,0.402841,0.0,0.0,0.0,0.0,0.0,0.0,0.0,0.0,0.0,0.0,0.0,0.0,0.0,0.0,0.0,0.0,0.0,0.0,0.0,0.0,0.0,0.0,0.0,0.0,0.0,0.0,0.0,0.0,0.0,0.0,0.0,0.0,0.0,0.0,0.0,0.0,0.0,2.1600627,0.40284132,3.6255719,1.12985561,6.27123872,0.9997,0.420885,0.9988,0.00019393,26.9,4.924075
217,5.769036,2.158864,0.40113,0.0,0.0,0.0,0.0,0.0,0.0,0.0,0.0,0.0,0.0,0.0,0.0,0.0,0.0,0.0,0.0,0.0,0.0,0.0,0.0,0.0,0.0,0.0,0.0,0.0,0.0,0.0,0.0,0.0,0.0,0.0,0.0,0.0,0.0,0.0,0.0,0.0,2.15886371,0.4011302,3.6101718,1.13065482,6.27068106,0.9999,0.393619,0.9988,0.00018967,26.9,5.015653
218,5.778233,2.157776,0.402273,0.0,0.0,0.0,0.0,0.0,0.0,0.0,0.0,0.0,0.0,0.0,0.0,0.0,0.0,0.0,0.0,0.0,0.0,0.0,0.0,0.0,0.0,0.0,0.0,0.0,0.0,0.0,0.0,0.0,0.0,0.0,0.0,0.0,0.0,0.0,0.0,0.0,2.15777628,0.40227298,3.62045679,1.12993004,6.26955994,0.9997,0.428866,0.9988,0.00018545,26.9,4.898998
219,5.805846,2.160085,0.405085,0.0,0.0,0.0,0.0,0.0,0.0,0.0,0.0,0.0,0.0,0.0,0.0,0.0,0.0,0.0,0.0,0.0,0.0,0.0,0.0,0.0,0.0,0.0,0.0,0.0,0.0,0.0,0.0,0.0,0.0,0.0,0.0,0.0,0.0,0.0,0.0,0.0,2.16008463,0.40508462,3.64576154,1.12950559,6.27029714,0.9999,0.420329,1.0,0.00018127,26.9,4.929627
220,5.775422,2.160703,0.401635,0.0,0.0,0.0,0.0,0.0,0.0,0.0,0.0,0.0,0.0,0.0,0.0,0.0,0.0,0.0,0.0,0.0,0.0,0.0,0.0,0.0,0.0,0.0,0.0,0.0,0.0,0.0,0.0,0.0,0.0,0.0,0.0,0.0,0.0,0.0,0.0,0.0,2.16070344,0.40163542,3.61471883,1.12639032,6.27131351,1.0,0.398732,1.0,0.00017713,27.1,4.982906
221,5.788375,2.162004,0.40293,0.0,0.0,0.0,0.0,0.0,0.0,0.0,0.0,0.0,0.0,0.0,0.0,0.0,0.0,0.0,0.0,0.0,0.0,0.0,0.0,0.0,0.0,0.0,0.0,0.0,0.0,0.0,0.0,0.0,0.0,0.0,0.0,0.0,0.0,0.0,0.0,0.0,2.16200418,0.40293011,3.62637103,1.12910945,6.26967631,0.9999,0.397909,0.9988,0.00017303,27.2,4.992212
222,5.755096,2.158402,0.399633,0.0,0.0,0.0,0.0,0.0,0.0,0.0,0.0,0.0,0.0,0.0,0.0,0.0,0.0,0.0,0.0,0.0,0.0,0.0,0.0,0.0,0.0,0.0,0.0,0.0,0.0,0.0,0.0,0.0,0.0,0.0,0.0,0.0,0.0,0.0,0.0,0.0,2.15840218,0.39963262,3.5966936,1.12897272,6.27047164,0.9999,0.397898,0.9988,0.00016896,27.0,5.003614
223,5.746804,2.15656,0.398916,0.0,0.0,0.0,0.0,0.0,0.0,0.0,0.0,0.0,0.0,0.0,0.0,0.0,0.0,0.0,0.0,0.0,0.0,0.0,0.0,0.0,0.0,0.0,0.0,0.0,0.0,0.0,0.0,0.0,0.0,0.0,0.0,0.0,0.0,0.0,0.0,0.0,2.15655952,0.39891606,3.59024451,1.12760916,6.26771011,0.9997,0.378546,0.9976,0.00016493,26.9,5.069622
224,5.770547,2.158327,0.401358,0.0,0.0,0.0,0.0,0.0,0.0,0.0,0.0,0.0,0.0,0.0,0.0,0.0,0.0,0.0,0.0,0.0,0.0,0.0,0.0,0.0,0.0,0.0,0.0,0.0,0.0,0.0,0.0,0.0,0.0,0.0,0.0,0.0,0.0,0.0,0.0,0.0,2.15832697,0.40135777,3.61221994,1.12705723,6.2702653,1.0,0.392497,0.9988,0.00016094,27.1,5.016864
225,5.749565,2.157122,0.39916,0.0,0.0,0.0,0.0,0.0,0.0,0.0,0.0,0.0,0.0,0.0,0.0,0.0,0.0,0.0,0.0,0.0,0.0,0.0,0.0,0.0,0.0,0.0,0.0,0.0,0.0,0.0,0.0,0.0,0.0,0.0,0.0,0.0,0.0,0.0,0.0,0.0,2.15712212,0.39916035,3.59244314,1.12707402,6.26966154,1.0,0.398665,0.9988,0.00015699,26.9,5.008074
226,5.763899,2.159157,0.400527,0.0,0.0,0.0,0.0,0.0,0.0,0.0,0.0,0.0,0.0,0.0,0.0,0.0,0.0,0.0,0.0,0.0,0.0,0.0,0.0,0.0,0.0,0.0,0.0,0.0,0.0,0.0,0.0,0.0,0.0,0.0,0.0,0.0,0.0,0.0,0.0,0.0,2.15915728,0.4005269,3.60474205,1.12612712,6.27037893,0.9999,0.402607,0.9988,0.00015309,27.1,5.010767
227,5.730764,2.156381,0.397154,0.0,0.0,0.0,0.0,0.0,0.0,0.0,0.0,0.0,0.0,0.0,0.0,0.0,0.0,0.0,0.0,0.0,0.0,0.0,0.0,0.0,0.0,0.0,0.0,0.0,0.0,0.0,0.0,0.0,0.0,0.0,0.0,0.0,0.0,0.0,0.0,0.0,2.15638075,0.39715372,3.57438351,1.12832206,6.26812671,1.0,0.404507,0.9988,0.00014922,26.9,5.007358
228,5.720374,2.154204,0.396241,0.0,0.0,0.0,0.0,0.0,0.0,0.0,0.0,0.0,0.0,0.0,0.0,0.0,0.0,0.0,0.0,0.0,0.0,0.0,0.0,0.0,0.0,0.0,0.0,0.0,0.0,0.0,0.0,0.0,0.0,0.0,0.0,0.0,0.0,0.0,0.0,0.0,2.15420381,0.39624111,3.56617001,1.12536942,6.2704043,1.0,0.398157,0.9988,0.00014539,27.1,5.016931
229,5.702731,2.151275,0.394606,0.0,0.0,0.0,0.0,0.0,0.0,0.0,0.0,0.0,0.0,0.0,0.0,0.0,0.0,0.0,0.0,0.0,0.0,0.0,0.0,0.0,0.0,0.0,0.0,0.0,0.0,0.0,0.0,0.0,0.0,0.0,0.0,0.0,0.0,0.0,0.0,0.0,2.15127515,0.39460618,3.55145564,1.1265619,6.27203979,0.9999,0.399401,0.9976,0.00014161,27.1,5.011906
230,5.716903,2.155388,0.395724,0.0,0.0,0.0,0.0,0.0,0.0,0.0,0.0,0.0,0.0,0.0,0.0,0.0,0.0,0.0,0.0,0.0,0.0,0.0,0.0,0.0,0.0,0.0,0.0,0.0,0.0,0.0,0.0,0.0,0.0,0.0,0.0,0.0,0.0,0.0,0.0,0.0,2.15538763,0.39572389,3.56151497,1.12417555,6.27043849,1.0,0.397761,0.9988,0.00013787,26.9,5.019449
231,5.700133,2.150198,0.394437,0.0,0.0,0.0,0.0,0.0,0.0,0.0,0.0,0.0,0.0,0.0,0.0,0.0,0.0,0.0,0.0,0.0,0.0,0.0,0.0,0.0,0.0,0.0,0.0,0.0,0.0,0.0,0.0,0.0,0.0,0.0,0.0,0.0,0.0,0.0,0.0,0.0,2.15019768,0.39443726,3.54993534,1.1230986,6.2701532,1.0,0.419189,1.0,0.00013417,26.9,4.93379
232,5.697438,2.153481,0.393773,0.0,0.0,0.0,0.0,0.0,0.0,0.0,0.0,0.0,0.0,0.0,0.0,0.0,0.0,0.0,0.0,0.0,0.0,0.0,0.0,0.0,0.0,0.0,0.0,0.0,0.0,0.0,0.0,0.0,0.0,0.0,0.0,0.0,0.0,0.0,0.0,0.0,2.15348122,0.39377301,3.54395709,1.12362812,6.2689179,1.0,0.408006,0.9988,0.00013051,26.8,4.974976
233,5.718155,2.156086,0.395785,0.0,0.0,0.0,0.0,0.0,0.0,0.0,0.0,0.0,0.0,0.0,0.0,0.0,0.0,0.0,0.0,0.0,0.0,0.0,0.0,0.0,0.0,0.0,0.0,0.0,0.0,0.0,0.0,0.0,0.0,0.0,0.0,0.0,0.0,0.0,0.0,0.0,2.15608632,0.39578541,3.56206867,1.12432718,6.270243,1.0,0.403011,1.0,0.0001269,26.9,5.015073
234,5.716886,2.159783,0.395234,0.0,0.0,0.0,0.0,0.0,0.0,0.0,0.0,0.0,0.0,0.0,0.0,0.0,0.0,0.0,0.0,0.0,0.0,0.0,0.0,0.0,0.0,0.0,0.0,0.0,0.0,0.0,0.0,0.0,0.0,0.0,0.0,0.0,0.0,0.0,0.0,0.0,2.15978345,0.39523363,3.5571027,1.12180362,6.27057535,0.9999,0.394742,0.9988,0.00012333,27.1,5.049559
235,5.683033,2.150773,0.392473,0.0,0.0,0.0,0.0,0.0,0.0,0.0,0.0,0.0,0.0,0.0,0.0,0.0,0.0,0.0,0.0,0.0,0.0,0.0,0.0,0.0,0.0,0.0,0.0,0.0,0.0,0.0,0.0,0.0,0.0,0.0,0.0,0.0,0.0,0.0,0.0,0.0,2.15077324,0.39247328,3.53225953,1.12357369,6.27068807,0.9999,0.413084,0.9988,0.0001198,26.9,4.970264
236,5.687249,2.155419,0.392425,0.0,0.0,0.0,0.0,0.0,0.0,0.0,0.0,0.0,0.0,0.0,0.0,0.0,0.0,0.0,0.0,0.0,0.0,0.0,0.0,0.0,0.0,0.0,0.0,0.0,0.0,0.0,0.0,0.0,0.0,0.0,0.0,0.0,0.0,0.0,0.0,0.0,2.15541941,0.39242546,3.53182918,1.12201569,6.27074088,0.9999,0.40572,0.9988,0.00011632,27.1,5.006652
237,5.668464,2.153044,0.390602,0.0,0.0,0.0,0.0,0.0,0.0,0.0,0.0,0.0,0.0,0.0,0.0,0.0,0.0,0.0,0.0,0.0,0.0,0.0,0.0,0.0,0.0,0.0,0.0,0.0,0.0,0.0,0.0,0.0,0.0,0.0,0.0,0.0,0.0,0.0,0.0,0.0,2.1530439,0.39060219,3.51541971,1.12200055,6.27029897,0.9999,0.395057,0.9988,0.00011288,27.1,5.038368
238,5.666465,2.150038,0.390714,0.0,0.0,0.0,0.0,0.0,0.0,0.0,0.0,0.0,0.0,0.0,0.0,0.0,0.0,0.0,0.0,0.0,0.0,0.0,0.0,0.0,0.0,0.0,0.0,0.0,0.0,0.0,0.0,0.0,0.0,0.0,0.0,0.0,0.0,0.0,0.0,0.0,2.15003829,0.39071409,3.51642678,1.12192017,6.27011517,1.0,0.422353,0.9988,0.00010949,26.7,4.950723
239,5.675816,2.149862,0.391773,0.0,0.0,0.0,0.0,0.0,0.0,0.0,0.0,0.0,0.0,0.0,0.0,0.0,0.0,0.0,0.0,0.0,0.0,0.0,0.0,0.0,0.0,0.0,0.0,0.0,0.0,0.0,0.0,0.0,0.0,0.0,0.0,0.0,0.0,0.0,0.0,0.0,2.14986193,0.39177272,3.52595448,1.12173261,6.26985742,1.0,0.400455,0.9976,0.00010615,27.1,5.003236
240,5.695758,2.153557,0.393578,0.0,0.0,0.0,0.0,0.0,0.0,0.0,0.0,0.0,0.0,0.0,0.0,0.0,0.0,0.0,0.0,0.0,0.0,0.0,0.0,0.0,0.0,0.0,0.0,0.0,0.0,0.0,0.0,0.0,0.0,0.0,0.0,0.0,0.0,0.0,0.0,0.0,2.15355657,0.39357791,3.54220122,1.11982499,6.2701012,1.0,0.403822,0.9988,0.00010285,27.0,5.027395
241,5.657867,2.146736,0.390126,0.0,0.0,0.0,0.0,0.0,0.0,0.0,0.0,0.0,0.0,0.0,0.0,0.0,0.0,0.0,0.0,0.0,0.0,0.0,0.0,0.0,0.0,0.0,0.0,0.0,0.0,0.0,0.0,0.0,0.0,0.0,0.0,0.0,0.0,0.0,0.0,0.0,2.14673645,0.39012565,3.51113085,1.12160075,6.27138482,1.0,0.404104,0.9988,9.96e-05,26.8,5.025613
242,5.696265,2.154242,0.393558,0.0,0.0,0.0,0.0,0.0,0.0,0.0,0.0,0.0,0.0,0.0,0.0,0.0,0.0,0.0,0.0,0.0,0.0,0.0,0.0,0.0,0.0,0.0,0.0,0.0,0.0,0.0,0.0,0.0,0.0,0.0,0.0,0.0,0.0,0.0,0.0,0.0,2.1542417,0.3935581,3.54202289,1.1182193,6.2710491,1.0,0.395661,0.9988,9.64e-05,26.9,5.042247
243,5.660271,2.151006,0.389918,0.0,0.0,0.0,0.0,0.0,0.0,0.0,0.0,0.0,0.0,0.0,0.0,0.0,0.0,0.0,0.0,0.0,0.0,0.0,0.0,0.0,0.0,0.0,0.0,0.0,0.0,0.0,0.0,0.0,0.0,0.0,0.0,0.0,0.0,0.0,0.0,0.0,2.15100585,0.38991835,3.50926516,1.12047648,6.27091058,0.9999,0.400218,0.9988,9.324e-05,26.8,5.019404
244,5.65008,2.149449,0.388959,0.0,0.0,0.0,0.0,0.0,0.0,0.0,0.0,0.0,0.0,0.0,0.0,0.0,0.0,0.0,0.0,0.0,0.0,0.0,0.0,0.0,0.0,0.0,0.0,0.0,0.0,0.0,0.0,0.0,0.0,0.0,0.0,0.0,0.0,0.0,0.0,0.0,2.14944886,0.38895898,3.50063081,1.12123067,6.27052749,0.9999,0.403041,0.9988,9.013e-05,27.1,5.027831
245,5.652838,2.151001,0.389093,0.0,0.0,0.0,0.0,0.0,0.0,0.0,0.0,0.0,0.0,0.0,0.0,0.0,0.0,0.0,0.0,0.0,0.0,0.0,0.0,0.0,0.0,0.0,0.0,0.0,0.0,0.0,0.0,0.0,0.0,0.0,0.0,0.0,0.0,0.0,0.0,0.0,2.15100068,0.38909304,3.50183738,1.11891232,6.27060606,0.9999,0.402031,0.9988,8.707e-05,26.7,5.027557
246,5.637615,2.150113,0.3875,0.0,0.0,0.0,0.0,0.0,0.0,0.0,0.0,0.0,0.0,0.0,0.0,0.0,0.0,0.0,0.0,0.0,0.0,0.0,0.0,0.0,0.0,0.0,0.0,0.0,0.0,0.0,0.0,0.0,0.0,0.0,0.0,0.0,0.0,0.0,0.0,0.0,2.15011321,0.38750024,3.48750215,1.11892538,6.27037619,1.0,0.387932,0.9988,8.406e-05,27.0,5.060151
247,5.613355,2.145095,0.385362,0.0,0.0,0.0,0.0,0.0,0.0,0.0,0.0,0.0,0.0,0.0,0.0,0.0,0.0,0.0,0.0,0.0,0.0,0.0,0.0,0.0,0.0,0.0,0.0,0.0,0.0,0.0,0.0,0.0,0.0,0.0,0.0,0.0,0.0,0.0,0.0,0.0,2.14509532,0.38536222,3.46826002,1.1205599,6.27050515,1.0,0.38902,0.9988,8.109e-05,27.1,5.061727
248,5.646969,2.149123,0.38865,0.0,0.0,0.0,0.0,0.0,0.0,0.0,0.0,0.0,0.0,0.0,0.0,0.0,0.0,0.0,0.0,0.0,0.0,0.0,0.0,0.0,0.0,0.0,0.0,0.0,0.0,0.0,0.0,0.0,0.0,0.0,0.0,0.0,0.0,0.0,0.0,0.0,2.14912251,0.38864959,3.49784627,1.11814851,6.27068499,0.9999,0.393999,0.9988,7.818e-05,26.9,5.054208
249,5.646032,2.149779,0.388473,0.0,0.0,0.0,0.0,0.0,0.0,0.0,0.0,0.0,0.0,0.0,0.0,0.0,0.0,0.0,0.0,0.0,0.0,0.0,0.0,0.0,0.0,0.0,0.0,0.0,0.0,0.0,0.0,0.0,0.0,0.0,0.0,0.0,0.0,0.0,0.0,0.0,2.14977882,0.38847257,3.49625317,1.11661799,6.26878566,1.0,0.407979,0.9988,7.531e-05,27.0,5.010737
250,5.612334,2.143239,0.385455,0.0,0.0,0.0,0.0,0.0,0.0,0.0,0.0,0.0,0.0,0.0,0.0,0.0,0.0,0.0,0.0,0.0,0.0,0.0,0.0,0.0,0.0,0.0,0.0,0.0,0.0,0.0,0.0,0.0,0.0,0.0,0.0,0.0,0.0,0.0,0.0,0.0,2.14323873,0.38545498,3.46909485,1.11894486,6.26867764,0.9999,0.400232,0.9988,7.25e-05,27.0,5.035222
251,5.626991,2.148677,0.386479,0.0,0.0,0.0,0.0,0.0,0.0,0.0,0.0,0.0,0.0,0.0,0.0,0.0,0.0,0.0,0.0,0.0,0.0,0.0,0.0,0.0,0.0,0.0,0.0,0.0,0.0,0.0,0.0,0.0,0.0,0.0,0.0,0.0,0.0,0.0,0.0,0.0,2.14867734,0.38647928,3.47831353,1.11742271,6.2689043,0.9999,0.407354,0.9988,6.974e-05,27.0,5.01772
252,5.611892,2.148635,0.384806,0.0,0.0,0.0,0.0,0.0,0.0,0.0,0.0,0.0,0.0,0.0,0.0,0.0,0.0,0.0,0.0,0.0,0.0,0.0,0.0,0.0,0.0,0.0,0.0,0.0,0.0,0.0,0.0,0.0,0.0,0.0,0.0,0.0,0.0,0.0,0.0,0.0,2.14863538,0.38480624,3.46325618,1.11722105,6.27040182,1.0,0.392289,0.9988,6.702e-05,27.0,5.064769
253,5.635339,2.152089,0.387028,0.0,0.0,0.0,0.0,0.0,0.0,0.0,0.0,0.0,0.0,0.0,0.0,0.0,0.0,0.0,0.0,0.0,0.0,0.0,0.0,0.0,0.0,0.0,0.0,0.0,0.0,0.0,0.0,0.0,0.0,0.0,0.0,0.0,0.0,0.0,0.0,0.0,2.15208925,0.38702774,3.48324967,1.11561595,6.26964789,0.9999,0.408826,1.0,6.436e-05,26.9,5.017205
254,5.651437,2.152393,0.388783,0.0,0.0,0.0,0.0,0.0,0.0,0.0,0.0,0.0,0.0,0.0,0.0,0.0,0.0,0.0,0.0,0.0,0.0,0.0,0.0,0.0,0.0,0.0,0.0,0.0,0.0,0.0,0.0,0.0,0.0,0.0,0.0,0.0,0.0,0.0,0.0,0.0,2.15239328,0.38878266,3.49904398,1.1146294,6.2699048,0.9997,0.40025,0.9988,6.175e-05,27.0,5.038983
255,5.598114,2.143369,0.383861,0.0,0.0,0.0,0.0,0.0,0.0,0.0,0.0,0.0,0.0,0.0,0.0,0.0,0.0,0.0,0.0,0.0,0.0,0.0,0.0,0.0,0.0,0.0,0.0,0.0,0.0,0.0,0.0,0.0,0.0,0.0,0.0,0.0,0.0,0.0,0.0,0.0,2.14336894,0.38386057,3.45474515,1.11915367,6.26906177,0.9999,0.40386,0.9988,5.919e-05,26.7,5.032532
256,5.615707,2.145911,0.385533,0.0,0.0,0.0,0.0,0.0,0.0,0.0,0.0,0.0,0.0,0.0,0.0,0.0,0.0,0.0,0.0,0.0,0.0,0.0,0.0,0.0,0.0,0.0,0.0,0.0,0.0,0.0,0.0,0.0,0.0,0.0,0.0,0.0,0.0,0.0,0.0,0.0,2.14591082,0.38553292,3.46979629,1.11385773,6.26889188,1.0,0.404839,0.9988,5.668e-05,26.7,5.023706
257,5.620079,2.149482,0.385622,0.0,0.0,0.0,0.0,0.0,0.0,0.0,0.0,0.0,0.0,0.0,0.0,0.0,0.0,0.0,0.0,0.0,0.0,0.0,0.0,0.0,0.0,0.0,0.0,0.0,0.0,0.0,0.0,0.0,0.0,0.0,0.0,0.0,0.0,0.0,0.0,0.0,2.14948241,0.3856218,3.4705962,1.11564755,6.26948872,1.0,0.398054,0.9988,5.422e-05,26.6,5.047413
258,5.63729,2.148002,0.387699,0.0,0.0,0.0,0.0,0.0,0.0,0.0,0.0,0.0,0.0,0.0,0.0,0.0,0.0,0.0,0.0,0.0,0.0,0.0,0.0,0.0,0.0,0.0,0.0,0.0,0.0,0.0,0.0,0.0,0.0,0.0,0.0,0.0,0.0,0.0,0.0,0.0,2.14800196,0.38769862,3.48928754,1.11471597,6.26842441,1.0,0.410971,0.9988,5.182e-05,27.1,5.009661
259,5.6102,2.146606,0.384844,0.0,0.0,0.0,0.0,0.0,0.0,0.0,0.0,0.0,0.0,0.0,0.0,0.0,0.0,0.0,0.0,0.0,0.0,0.0,0.0,0.0,0.0,0.0,0.0,0.0,0.0,0.0,0.0,0.0,0.0,0.0,0.0,0.0,0.0,0.0,0.0,0.0,2.14660648,0.38484376,3.46359384,1.1154844,6.26952205,1.0,0.410557,1.0,4.946e-05,27.0,5.012306
260,5.607143,2.144327,0.384757,0.0,0.0,0.0,0.0,0.0,0.0,0.0,0.0,0.0,0.0,0.0,0.0,0.0,0.0,0.0,0.0,0.0,0.0,0.0,0.0,0.0,0.0,0.0,0.0,0.0,0.0,0.0,0.0,0.0,0.0,0.0,0.0,0.0,0.0,0.0,0.0,0.0,2.14432717,0.38475732,3.46281585,1.11547877,6.26941106,0.9999,0.407407,0.9976,4.717e-05,27.1,5.023778
261,5.571537,2.1405,0.381226,0.0,0.0,0.0,0.0,0.0,0.0,0.0,0.0,0.0,0.0,0.0,0.0,0.0,0.0,0.0,0.0,0.0,0.0,0.0,0.0,0.0,0.0,0.0,0.0,0.0,0.0,0.0,0.0,0.0,0.0,0.0,0.0,0.0,0.0,0.0,0.0,0.0,2.14050045,0.38122633,3.43103693,1.11656023,6.26965996,0.9999,0.40616,0.9988,4.492e-05,27.0,5.028778
262,5.630123,2.149368,0.386751,0.0,0.0,0.0,0.0,0.0,0.0,0.0,0.0,0.0,0.0,0.0,0.0,0.0,0.0,0.0,0.0,0.0,0.0,0.0,0.0,0.0,0.0,0.0,0.0,0.0,0.0,0.0,0.0,0.0,0.0,0.0,0.0,0.0,0.0,0.0,0.0,0.0,2.14936819,0.38675051,3.48075461,1.11197296,6.26877753,0.9999,0.395924,0.9988,4.273e-05,27.1,5.064387
263,5.580641,2.14294,0.381967,0.0,0.0,0.0,0.0,0.0,0.0,0.0,0.0,0.0,0.0,0.0,0.0,0.0,0.0,0.0,0.0,0.0,0.0,0.0,0.0,0.0,0.0,0.0,0.0,0.0,0.0,0.0,0.0,0.0,0.0,0.0,0.0,0.0,0.0,0.0,0.0,0.0,2.14294003,0.38196672,3.43770052,1.11506904,6.27113124,0.9997,0.402726,0.9988,4.059e-05,26.9,5.035649
264,5.589306,2.147847,0.382384,0.0,0.0,0.0,0.0,0.0,0.0,0.0,0.0,0.0,0.0,0.0,0.0,0.0,0.0,0.0,0.0,0.0,0.0,0.0,0.0,0.0,0.0,0.0,0.0,0.0,0.0,0.0,0.0,0.0,0.0,0.0,0.0,0.0,0.0,0.0,0.0,0.0,2.14784714,0.38238435,3.4414592,1.1120394,6.26947625,0.9999,0.414877,0.9988,3.851e-05,27.1,5.001034
265,5.605724,2.150507,0.383913,0.0,0.0,0.0,0.0,0.0,0.0,0.0,0.0,0.0,0.0,0.0,0.0,0.0,0.0,0.0,0.0,0.0,0.0,0.0,0.0,0.0,0.0,0.0,0.0,0.0,0.0,0.0,0.0,0.0,0.0,0.0,0.0,0.0,0.0,0.0,0.0,0.0,2.15050697,0.38391298,3.45521683,1.11215614,6.26977628,0.9999,0.403438,0.9988,3.648e-05,27.1,5.041504
266,5.581943,2.141068,0.382319,0.0,0.0,0.0,0.0,0.0,0.0,0.0,0.0,0.0,0.0,0.0,0.0,0.0,0.0,0.0,0.0,0.0,0.0,0.0,0.0,0.0,0.0,0.0,0.0,0.0,0.0,0.0,0.0,0.0,0.0,0.0,0.0,0.0,0.0,0.0,0.0,0.0,2.14106803,0.38231945,3.44087509,1.11467487,6.2688711,1.0,0.407525,0.9988,3.45e-05,27.1,5.032279
267,5.585708,2.148472,0.381915,0.0,0.0,0.0,0.0,0.0,0.0,0.0,0.0,0.0,0.0,0.0,0.0,0.0,0.0,0.0,0.0,0.0,0.0,0.0,0.0,0.0,0.0,0.0,0.0,0.0,0.0,0.0,0.0,0.0,0.0,0.0,0.0,0.0,0.0,0.0,0.0,0.0,2.14847185,0.3819151,3.43723594,1.11494323,6.2695876,0.9999,0.406419,0.9988,3.258e-05,26.9,5.023888
268,5.561923,2.142144,0.379975,0.0,0.0,0.0,0.0,0.0,0.0,0.0,0.0,0.0,0.0,0.0,0.0,0.0,0.0,0.0,0.0,0.0,0.0,0.0,0.0,0.0,0.0,0.0,0.0,0.0,0.0,0.0,0.0,0.0,0.0,0.0,0.0,0.0,0.0,0.0,0.0,0.0,2.14214422,0.37997542,3.41977879,1.1166907,6.26925829,0.9999,0.409305,0.9988,3.071e-05,26.9,5.017227
269,5.600652,2.14631,0.383816,0.0,0.0,0.0,0.0,0.0,0.0,0.0,0.0,0.0,0.0,0.0,0.0,0.0,0.0,0.0,0.0,0.0,0.0,0.0,0.0,0.0,0.0,0.0,0.0,0.0,0.0,0.0,0.0,0.0,0.0,0.0,0.0,0.0,0.0,0.0,0.0,0.0,2.14631019,0.38381571,3.45434135,1.11251607,6.269638,1.0,0.40203,0.9988,2.89e-05,26.9,5.043903
270,5.567183,2.145627,0.380173,0.0,0.0,0.0,0.0,0.0,0.0,0.0,0.0,0.0,0.0,0.0,0.0,0.0,0.0,0.0,0.0,0.0,0.0,0.0,0.0,0.0,0.0,0.0,0.0,0.0,0.0,0.0,0.0,0.0,0.0,0.0,0.0,0.0,0.0,0.0,0.0,0.0,2.14562697,0.38017291,3.42155622,1.11247384,6.27071588,0.9999,0.399217,1.0,2.715e-05,27.0,5.047799
271,5.539698,2.135118,0.378287,0.0,0.0,0.0,0.0,0.0,0.0,0.0,0.0,0.0,0.0,0.0,0.0,0.0,0.0,0.0,0.0,0.0,0.0,0.0,0.0,0.0,0.0,0.0,0.0,0.0,0.0,0.0,0.0,0.0,0.0,0.0,0.0,0.0,0.0,0.0,0.0,0.0,2.13511811,0.37828669,3.40458021,1.11511714,6.26914709,1.0,0.411987,0.9988,2.545e-05,26.8,5.015038
272,5.584484,2.146769,0.381968,0.0,0.0,0.0,0.0,0.0,0.0,0.0,0.0,0.0,0.0,0.0,0.0,0.0,0.0,0.0,0.0,0.0,0.0,0.0,0.0,0.0,0.0,0.0,0.0,0.0,0.0,0.0,0.0,0.0,0.0,0.0,0.0,0.0,0.0,0.0,0.0,0.0,2.14676903,0.3819683,3.4377147,1.11144892,6.26926046,1.0,0.404687,0.9988,2.38e-05,26.9,5.029079
273,5.579592,2.146425,0.381463,0.0,0.0,0.0,0.0,0.0,0.0,0.0,0.0,0.0,0.0,0.0,0.0,0.0,0.0,0.0,0.0,0.0,0.0,0.0,0.0,0.0,0.0,0.0,0.0,0.0,0.0,0.0,0.0,0.0,0.0,0.0,0.0,0.0,0.0,0.0,0.0,0.0,2.14642537,0.381463,3.43316702,1.11250483,6.27005618,1.0,0.404414,0.9988,2.221e-05,27.1,5.032401
274,5.558026,2.14377,0.379362,0.0,0.0,0.0,0.0,0.0,0.0,0.0,0.0,0.0,0.0,0.0,0.0,0.0,0.0,0.0,0.0,0.0,0.0,0.0,0.0,0.0,0.0,0.0,0.0,0.0,0.0,0.0,0.0,0.0,0.0,0.0,0.0,0.0,0.0,0.0,0.0,0.0,2.14376953,0.3793618,3.41425624,1.11133801,6.26959852,0.9997,0.403507,1.0,2.068e-05,27.1,5.040151
275,5.586609,2.147822,0.382087,0.0,0.0,0.0,0.0,0.0,0.0,0.0,0.0,0.0,0.0,0.0,0.0,0.0,0.0,0.0,0.0,0.0,0.0,0.0,0.0,0.0,0.0,0.0,0.0,0.0,0.0,0.0,0.0,0.0,0.0,0.0,0.0,0.0,0.0,0.0,0.0,0.0,2.14782229,0.38208746,3.43878713,1.11241538,6.27001311,0.9999,0.413898,0.9988,1.921e-05,27.0,5.003049
276,5.570355,2.146203,0.380461,0.0,0.0,0.0,0.0,0.0,0.0,0.0,0.0,0.0,0.0,0.0,0.0,0.0,0.0,0.0,0.0,0.0,0.0,0.0,0.0,0.0,0.0,0.0,0.0,0.0,0.0,0.0,0.0,0.0,0.0,0.0,0.0,0.0,0.0,0.0,0.0,0.0,2.14620347,0.38046131,3.42415183,1.11516725,6.27108573,1.0,0.40824,0.9988,1.779e-05,27.0,5.028895
277,5.594964,2.14619,0.383197,0.0,0.0,0.0,0.0,0.0,0.0,0.0,0.0,0.0,0.0,0.0,0.0,0.0,0.0,0.0,0.0,0.0,0.0,0.0,0.0,0.0,0.0,0.0,0.0,0.0,0.0,0.0,0.0,0.0,0.0,0.0,0.0,0.0,0.0,0.0,0.0,0.0,2.14619014,0.38319707,3.44877362,1.1128199,6.26920726,1.0,0.39837,0.9988,1.642e-05,26.8,5.049288
278,5.59703,2.149594,0.383048,0.0,0.0,0.0,0.0,0.0,0.0,0.0,0.0,0.0,0.0,0.0,0.0,0.0,0.0,0.0,0.0,0.0,0.0,0.0,0.0,0.0,0.0,0.0,0.0,0.0,0.0,0.0,0.0,0.0,0.0,0.0,0.0,0.0,0.0,0.0,0.0,0.0,2.14959447,0.38304843,3.44743583,1.1123174,6.26831881,1.0,0.405759,0.9988,1.512e-05,27.0,5.032809
279,5.536964,2.139409,0.377506,0.0,0.0,0.0,0.0,0.0,0.0,0.0,0.0,0.0,0.0,0.0,0.0,0.0,0.0,0.0,0.0,0.0,0.0,0.0,0.0,0.0,0.0,0.0,0.0,0.0,0.0,0.0,0.0,0.0,0.0,0.0,0.0,0.0,0.0,0.0,0.0,0.0,2.13940861,0.37750613,3.39755516,1.11486219,6.2695254,1.0,0.405756,0.9988,1.387e-05,26.9,5.032826
280,5.550398,2.143257,0.378571,0.0,0.0,0.0,0.0,0.0,0.0,0.0,0.0,0.0,0.0,0.0,0.0,0.0,0.0,0.0,0.0,0.0,0.0,0.0,0.0,0.0,0.0,0.0,0.0,0.0,0.0,0.0,0.0,0.0,0.0,0.0,0.0,0.0,0.0,0.0,0.0,0.0,2.14325669,0.37857131,3.40714179,1.11143306,6.26978347,0.9999,0.397779,0.9988,1.268e-05,27.0,5.05906
281,5.557546,2.145485,0.379118,0.0,0.0,0.0,0.0,0.0,0.0,0.0,0.0,0.0,0.0,0.0,0.0,0.0,0.0,0.0,0.0,0.0,0.0,0.0,0.0,0.0,0.0,0.0,0.0,0.0,0.0,0.0,0.0,0.0,0.0,0.0,0.0,0.0,0.0,0.0,0.0,0.0,2.14548543,0.3791178,3.41206017,1.11259054,6.26922915,0.9999,0.398349,0.9988,1.154e-05,27.0,5.057695
282,5.58696,2.144808,0.382461,0.0,0.0,0.0,0.0,0.0,0.0,0.0,0.0,0.0,0.0,0.0,0.0,0.0,0.0,0.0,0.0,0.0,0.0,0.0,0.0,0.0,0.0,0.0,0.0,0.0,0.0,0.0,0.0,0.0,0.0,0.0,0.0,0.0,0.0,0.0,0.0,0.0,2.14480787,0.38246131,3.44215182,1.11142127,6.26920251,0.9999,0.402805,0.9988,1.047e-05,26.9,5.040761
283,5.568452,2.148175,0.380031,0.0,0.0,0.0,0.0,0.0,0.0,0.0,0.0,0.0,0.0,0.0,0.0,0.0,0.0,0.0,0.0,0.0,0.0,0.0,0.0,0.0,0.0,0.0,0.0,0.0,0.0,0.0,0.0,0.0,0.0,0.0,0.0,0.0,0.0,0.0,0.0,0.0,2.14817545,0.38003076,3.42027687,1.11162252,6.27066812,0.9999,0.40082,0.9988,9.45e-06,26.8,5.0527
284,5.547083,2.138147,0.378771,0.0,0.0,0.0,0.0,0.0,0.0,0.0,0.0,0.0,0.0,0.0,0.0,0.0,0.0,0.0,0.0,0.0,0.0,0.0,0.0,0.0,0.0,0.0,0.0,0.0,0.0,0.0,0.0,0.0,0.0,0.0,0.0,0.0,0.0,0.0,0.0,0.0,2.13814694,0.37877064,3.40893575,1.11333547,6.2694809,1.0,0.404213,0.9988,8.48e-06,26.9,5.033388
285,5.567062,2.14632,0.380083,0.0,0.0,0.0,0.0,0.0,0.0,0.0,0.0,0.0,0.0,0.0,0.0,0.0,0.0,0.0,0.0,0.0,0.0,0.0,0.0,0.0,0.0,0.0,0.0,0.0,0.0,0.0,0.0,0.0,0.0,0.0,0.0,0.0,0.0,0.0,0.0,0.0,2.14631966,0.38008253,3.42074275,1.11177027,6.2698346,1.0,0.414178,0.9988,7.58e-06,27.0,5.0131
286,5.530141,2.138438,0.376856,0.0,0.0,0.0,0.0,0.0,0.0,0.0,0.0,0.0,0.0,0.0,0.0,0.0,0.0,0.0,0.0,0.0,0.0,0.0,0.0,0.0,0.0,0.0,0.0,0.0,0.0,0.0,0.0,0.0,0.0,0.0,0.0,0.0,0.0,0.0,0.0,0.0,2.13843836,0.37685581,3.39170231,1.11480352,6.26761572,0.9999,0.410144,0.9988,6.73e-06,27.1,5.022755
287,5.556586,2.143783,0.3792,0.0,0.0,0.0,0.0,0.0,0.0,0.0,0.0,0.0,0.0,0.0,0.0,0.0,0.0,0.0,0.0,0.0,0.0,0.0,0.0,0.0,0.0,0.0,0.0,0.0,0.0,0.0,0.0,0.0,0.0,0.0,0.0,0.0,0.0,0.0,0.0,0.0,2.14378319,0.37920028,3.41280247,1.11409793,6.27197068,0.9999,0.406222,0.9988,5.95e-06,27.0,5.032761
288,5.582272,2.148943,0.381481,0.0,0.0,0.0,0.0,0.0,0.0,0.0,0.0,0.0,0.0,0.0,0.0,0.0,0.0,0.0,0.0,0.0,0.0,0.0,0.0,0.0,0.0,0.0,0.0,0.0,0.0,0.0,0.0,0.0,0.0,0.0,0.0,0.0,0.0,0.0,0.0,0.0,2.14894258,0.38148109,3.43332983,1.10995125,6.26874364,0.9999,0.40787,1.0,5.21e-06,27.2,5.018016
289,5.532127,2.137816,0.377146,0.0,0.0,0.0,0.0,0.0,0.0,0.0,0.0,0.0,0.0,0.0,0.0,0.0,0.0,0.0,0.0,0.0,0.0,0.0,0.0,0.0,0.0,0.0,0.0,0.0,0.0,0.0,0.0,0.0,0.0,0.0,0.0,0.0,0.0,0.0,0.0,0.0,2.13781629,0.37714564,3.3943108,1.11468171,6.27096846,1.0,0.402077,0.9988,4.54e-06,27.1,5.042163
290,5.562091,2.142223,0.379985,0.0,0.0,0.0,0.0,0.0,0.0,0.0,0.0,0.0,0.0,0.0,0.0,0.0,0.0,0.0,0.0,0.0,0.0,0.0,0.0,0.0,0.0,0.0,0.0,0.0,0.0,0.0,0.0,0.0,0.0,0.0,0.0,0.0,0.0,0.0,0.0,0.0,2.14222345,0.37998523,3.41986711,1.11369186,6.27070842,0.9999,0.404281,1.0,3.93e-06,27.1,5.041011
291,5.576592,2.145406,0.381243,0.0,0.0,0.0,0.0,0.0,0.0,0.0,0.0,0.0,0.0,0.0,0.0,0.0,0.0,0.0,0.0,0.0,0.0,0.0,0.0,0.0,0.0,0.0,0.0,0.0,0.0,0.0,0.0,0.0,0.0,0.0,0.0,0.0,0.0,0.0,0.0,0.0,2.14540621,0.38124282,3.43118533,1.10941257,6.26908446,1.0,0.408607,0.9988,3.37e-06,27.1,5.02568
292,5.535708,2.139759,0.377328,0.0,0.0,0.0,0.0,0.0,0.0,0.0,0.0,0.0,0.0,0.0,0.0,0.0,0.0,0.0,0.0,0.0,0.0,0.0,0.0,0.0,0.0,0.0,0.0,0.0,0.0,0.0,0.0,0.0,0.0,0.0,0.0,0.0,0.0,0.0,0.0,0.0,2.13975863,0.37732766,3.39594891,1.11287566,6.26885945,0.9999,0.41305,0.9988,2.87e-06,27.2,5.011669
293,5.565492,2.140763,0.380525,0.0,0.0,0.0,0.0,0.0,0.0,0.0,0.0,0.0,0.0,0.0,0.0,0.0,0.0,0.0,0.0,0.0,0.0,0.0,0.0,0.0,0.0,0.0,0.0,0.0,0.0,0.0,0.0,0.0,0.0,0.0,0.0,0.0,0.0,0.0,0.0,0.0,2.1407631,0.38052541,3.42472869,1.11147472,6.26712814,1.0,0.397058,0.9988,2.44e-06,27.0,5.063774
294,5.540315,2.14128,0.377671,0.0,0.0,0.0,0.0,0.0,0.0,0.0,0.0,0.0,0.0,0.0,0.0,0.0,0.0,0.0,0.0,0.0,0.0,0.0,0.0,0.0,0.0,0.0,0.0,0.0,0.0,0.0,0.0,0.0,0.0,0.0,0.0,0.0,0.0,0.0,0.0,0.0,2.14128045,0.37767051,3.39903455,1.11331424,6.27029181,1.0,0.40996,1.0,2.05e-06,27.4,5.015768
295,5.564251,2.145354,0.379877,0.0,0.0,0.0,0.0,0.0,0.0,0.0,0.0,0.0,0.0,0.0,0.0,0.0,0.0,0.0,0.0,0.0,0.0,0.0,0.0,0.0,0.0,0.0,0.0,0.0,0.0,0.0,0.0,0.0,0.0,0.0,0.0,0.0,0.0,0.0,0.0,0.0,2.14535444,0.37987742,3.41889674,1.11258998,6.27068243,1.0,0.405092,0.9988,1.73e-06,27.0,5.035304
296,5.598755,2.150118,0.383182,0.0,0.0,0.0,0.0,0.0,0.0,0.0,0.0,0.0,0.0,0.0,0.0,0.0,0.0,0.0,0.0,0.0,0.0,0.0,0.0,0.0,0.0,0.0,0.0,0.0,0.0,0.0,0.0,0.0,0.0,0.0,0.0,0.0,0.0,0.0,0.0,0.0,2.15011752,0.38318198,3.4486378,1.11039172,6.26965028,1.0,0.398559,0.9988,1.47e-06,27.2,5.054684
297,5.561833,2.141542,0.380032,0.0,0.0,0.0,0.0,0.0,0.0,0.0,0.0,0.0,0.0,0.0,0.0,0.0,0.0,0.0,0.0,0.0,0.0,0.0,0.0,0.0,0.0,0.0,0.0,0.0,0.0,0.0,0.0,0.0,0.0,0.0,0.0,0.0,0.0,0.0,0.0,0.0,2.1415425,0.38003224,3.42029015,1.11239572,6.26905975,1.0,0.406211,0.9988,1.26e-06,27.0,5.02698
298,5.560966,2.144813,0.379573,0.0,0.0,0.0,0.0,0.0,0.0,0.0,0.0,0.0,0.0,0.0,0.0,0.0,0.0,0.0,0.0,0.0,0.0,0.0,0.0,0.0,0.0,0.0,0.0,0.0,0.0,0.0,0.0,0.0,0.0,0.0,0.0,0.0,0.0,0.0,0.0,0.0,2.14481297,0.37957254,3.41615284,1.11282115,6.27041243,0.9999,0.406631,0.9988,1.12e-06,27.2,5.031003
299,5.564946,2.140284,0.380518,0.0,0.0,0.0,0.0,0.0,0.0,0.0,0.0,0.0,0.0,0.0,0.0,0.0,0.0,0.0,0.0,0.0,0.0,0.0,0.0,0.0,0.0,0.0,0.0,0.0,0.0,0.0,0.0,0.0,0.0,0.0,0.0,0.0,0.0,0.0,0.0,0.0,2.14028408,0.38051803,3.42466231,1.11290013,6.27098331,1.0,0.410709,0.9988,1.03e-06,26.9,5.017437
300,5.577034,2.146327,0.38119,0.0,0.0,0.0,0.0,0.0,0.0,0.0,0.0,0.0,0.0,0.0,0.0,0.0,0.0,0.0,0.0,0.0,0.0,0.0,0.0,0.0,0.0,0.0,0.0,0.0,0.0,0.0,0.0,0.0,0.0,0.0,0.0,0.0,0.0,0.0,0.0,0.0,2.14632709,0.38118966,3.43070692,1.11085543,6.26913979,0.9997,0.398401,0.9988,1e-06,27.1,5.060091
