epoch,train_loss,train_acc,val_loss,val_acc,lr,drop_path,epoch_time_sec
1,9.441067,0.000901,6.735158,0.001199,0.00010900,0.0007,17.09
2,9.435459,0.001202,6.730531,0.001199,0.00020800,0.0013,17.24
3,9.430601,0.001803,6.731833,0.002398,0.00030700,0.0020,16.11
4,9.424523,0.001502,6.723685,0.000000,0.00040600,0.0027,16.58
5,9.397760,0.001653,6.676161,0.003597,0.00050500,0.0033,16.07
6,9.320674,0.002404,6.588149,0.002398,0.00060400,0.0040,17.38
7,9.210094,0.003606,6.494751,0.014388,0.00070300,0.0047,15.89
8,9.082208,0.005409,6.393422,0.011990,0.00080200,0.0053,16.74
9,8.954284,0.007812,6.282843,0.020384,0.00090100,0.0060,16.59
10,8.811046,0.012320,6.184709,0.020384,0.00100000,0.0067,16.84
11,8.687636,0.016677,6.053023,0.035971,0.00099997,0.0073,16.85
12,8.549390,0.022987,6.050756,0.033573,0.00099988,0.0080,15.80
13,8.398046,0.027494,5.841425,0.076739,0.00099974,0.0087,16.67
14,8.275488,0.038011,5.743816,0.067146,0.00099953,0.0093,16.77
15,8.158323,0.043570,6.037384,0.033573,0.00099927,0.0100,16.65
16,8.038636,0.055889,5.561321,0.118705,0.00099895,0.0107,16.39
17,7.956622,0.061148,5.540246,0.122302,0.00099856,0.0113,15.65
18,7.853497,0.071965,5.579839,0.118705,0.00099813,0.0120,17.43
19,7.779174,0.078125,5.641264,0.098321,0.00099763,0.0127,16.02
20,7.707325,0.089093,5.331076,0.181055,0.00099707,0.0133,16.62
21,7.622558,0.098107,5.255336,0.233813,0.00099646,0.0140,16.07
22,7.559322,0.100060,5.335164,0.178657,0.00099579,0.0147,17.26
23,7.494231,0.113582,5.299077,0.164269,0.00099505,0.0153,15.84
24,7.416377,0.126803,5.391695,0.134293,0.00099427,0.0160,16.37
25,7.357077,0.135968,5.126684,0.206235,0.00099342,0.0167,16.59
26,7.282499,0.147686,5.101782,0.226619,0.00099252,0.0173,16.62
27,7.216842,0.165865,5.021720,0.261391,0.00099155,0.0180,16.86
28,7.134446,0.172776,5.091577,0.224221,0.00099053,0.0187,15.69
29,7.054525,0.193810,5.092592,0.209832,0.00098946,0.0193,16.79
30,7.011712,0.205379,4.866610,0.314149,0.00098832,0.0200,16.63
31,6.925523,0.214093,4.927359,0.284173,0.00098713,0.0207,16.70
32,6.855952,0.237831,4.748616,0.359712,0.00098588,0.0213,16.43
33,6.801125,0.236629,4.693356,0.374101,0.00098458,0.0220,15.79
34,6.712865,0.259465,4.588707,0.405276,0.00098321,0.0227,17.28
35,6.678430,0.264273,4.633516,0.399281,0.00098179,0.0233,16.14
36,6.609377,0.277043,4.560279,0.419664,0.00098032,0.0240,16.68
37,6.562110,0.294621,4.651447,0.371703,0.00097879,0.0247,16.15
38,6.491801,0.312049,4.371045,0.489209,0.00097720,0.0253,17.28
39,6.455824,0.307542,4.671082,0.344125,0.00097555,0.0260,15.65
40,6.413454,0.320312,4.404487,0.466427,0.00097385,0.0267,16.28
41,6.389420,0.329327,4.299819,0.500000,0.00097210,0.0273,16.64
42,6.355881,0.333534,4.381103,0.458034,0.00097029,0.0280,16.69
43,6.294748,0.348858,4.304869,0.504796,0.00096842,0.0287,16.79
44,6.252427,0.352915,4.450946,0.410072,0.00096650,0.0293,15.64
45,6.235096,0.354117,4.212729,0.532374,0.00096452,0.0300,16.67
46,6.180335,0.376052,4.215964,0.507194,0.00096249,0.0307,16.50
47,6.140826,0.381911,4.144213,0.563549,0.00096041,0.0313,16.71
48,6.124212,0.395433,4.206430,0.529976,0.00095827,0.0320,16.45
49,6.103203,0.395132,4.133149,0.558753,0.00095608,0.0327,15.69
50,6.053927,0.407151,4.119820,0.553957,0.00095383,0.0333,17.21
51,6.017359,0.413612,4.105646,0.538369,0.00095154,0.0340,15.94
52,5.989038,0.423528,4.166181,0.519185,0.00094918,0.0347,16.74
53,5.955291,0.424279,3.971249,0.601918,0.00094678,0.0353,16.01
54,5.918215,0.437650,4.094344,0.540767,0.00094432,0.0360,17.19
55,5.894786,0.445162,4.253117,0.467626,0.00094181,0.0367,15.50
56,5.877746,0.447867,3.935746,0.612710,0.00093925,0.0373,16.68
57,5.839641,0.450721,3.943172,0.624700,0.00093664,0.0380,16.64
58,5.807975,0.463942,3.925065,0.622302,0.00093398,0.0387,16.51
59,5.801610,0.461538,3.799035,0.665468,0.00093126,0.0393,16.73
60,5.751353,0.471004,4.025651,0.588729,0.00092850,0.0400,15.47
61,5.728704,0.484075,3.979199,0.600719,0.00092569,0.0407,16.79
62,5.706769,0.487230,3.865723,0.623501,0.00092282,0.0413,16.57
63,5.684486,0.492939,3.924053,0.583933,0.00091991,0.0420,16.65
64,5.655370,0.498798,4.278260,0.461631,0.00091694,0.0427,15.93
65,5.636836,0.496695,3.728209,0.677458,0.00091393,0.0433,16.09
66,5.628643,0.513522,3.918737,0.588729,0.00091087,0.0440,17.19
67,5.591041,0.516827,3.693317,0.683453,0.00090776,0.0447,16.42
68,5.585103,0.505859,3.680019,0.687050,0.00090460,0.0453,17.75
69,5.559916,0.517728,3.675728,0.681055,0.00090140,0.0460,21.91
70,5.562442,0.529898,3.816952,0.628297,0.00089815,0.0467,22.51
71,5.524607,0.522236,3.650084,0.689448,0.00089485,0.0473,20.63
72,5.514655,0.539062,3.592298,0.705036,0.00089151,0.0480,22.13
73,5.491507,0.535907,3.702087,0.659472,0.00088812,0.0487,22.44
74,5.490066,0.536809,3.580679,0.717026,0.00088468,0.0493,22.09
75,5.464874,0.541917,3.635079,0.694245,0.00088120,0.0500,22.06
76,5.455965,0.540865,3.675574,0.677458,0.00087767,0.0507,21.31
77,5.422940,0.559645,3.549712,0.721823,0.00087410,0.0513,22.54
78,5.425638,0.565505,3.627658,0.688249,0.00087049,0.0520,21.54
79,5.398751,0.558894,3.565935,0.705036,0.00086683,0.0527,22.19
80,5.403865,0.552584,3.751096,0.635492,0.00086313,0.0533,21.68
81,5.359739,0.570312,3.526276,0.718225,0.00085939,0.0540,21.63
82,5.354325,0.572716,3.641465,0.691847,0.00085561,0.0547,22.23
83,5.354478,0.571214,3.696140,0.658273,0.00085178,0.0553,21.69
84,5.331150,0.575571,3.433802,0.778177,0.00084791,0.0560,21.79
85,5.313686,0.588942,3.520262,0.720624,0.00084401,0.0567,22.10
86,5.299542,0.594501,3.494786,0.724221,0.00084006,0.0573,21.75
87,5.323720,0.577073,3.405154,0.756595,0.00083607,0.0580,21.66
88,5.312719,0.574069,3.634419,0.685851,0.00083204,0.0587,21.63
89,5.290327,0.594351,3.537728,0.709832,0.00082797,0.0593,22.20
90,5.269372,0.594952,3.454080,0.747002,0.00082387,0.0600,21.68
91,5.255318,0.591196,3.459555,0.741007,0.00081973,0.0607,21.77
92,5.268653,0.587740,3.444894,0.756595,0.00081555,0.0613,21.93
93,5.259020,0.593900,3.377956,0.776978,0.00081133,0.0620,22.54
94,5.262587,0.582782,3.397620,0.764988,0.00080707,0.0627,21.24
95,5.256311,0.590895,3.384163,0.780576,0.00080278,0.0633,21.85
96,5.250884,0.590144,3.459987,0.738609,0.00079846,0.0640,22.15
97,5.231480,0.597206,3.527542,0.715827,0.00079410,0.0647,21.81
98,5.237476,0.598257,3.397962,0.752998,0.00078970,0.0653,22.26
99,5.196249,0.608023,3.455244,0.735012,0.00078528,0.0660,21.12
100,5.230659,0.596304,3.408572,0.764988,0.00078081,0.0667,22.58
101,5.207370,0.598107,3.787240,0.599520,0.00077632,0.0673,21.45
102,5.202729,0.604117,4.124935,0.473621,0.00077179,0.0680,22.08
103,5.210496,0.601112,3.395610,0.769784,0.00076723,0.0687,22.20
104,5.197990,0.610577,3.382246,0.780576,0.00076264,0.0693,21.73
105,5.182480,0.614333,3.352619,0.786571,0.00075802,0.0700,22.16
106,5.185456,0.609826,3.480466,0.732614,0.00075337,0.0707,21.55
107,5.173037,0.617638,3.359204,0.774580,0.00074869,0.0713,21.80
108,5.155289,0.621544,3.374961,0.779376,0.00074398,0.0720,22.18
109,5.163445,0.619441,3.358835,0.781775,0.00073924,0.0727,21.80
110,5.160921,0.612831,3.359446,0.780576,0.00073447,0.0733,21.99
111,5.154182,0.607572,3.274318,0.806954,0.00072968,0.0740,21.70
112,5.150774,0.616737,3.280509,0.818945,0.00072485,0.0747,22.13
113,5.143143,0.616737,3.302573,0.805755,0.00072001,0.0753,21.72
114,5.164169,0.610727,3.298920,0.791367,0.00071513,0.0760,21.83
115,5.150996,0.618690,3.289466,0.806954,0.00071023,0.0767,21.98
116,5.140442,0.619141,3.265480,0.806954,0.00070531,0.0773,22.64
117,5.134270,0.621695,3.366745,0.770983,0.00070036,0.0780,21.25
118,5.146162,0.619892,3.399672,0.756595,0.00069539,0.0787,21.63
119,5.108641,0.629657,3.285244,0.779376,0.00069040,0.0793,22.18
120,5.128016,0.620493,3.258181,0.816547,0.00068538,0.0800,24.99
121,5.107538,0.630859,3.263174,0.805755,0.00068035,0.0807,22.24
122,5.098209,0.633564,3.200706,0.832134,0.00067529,0.0813,20.52
123,5.098926,0.629056,3.278099,0.811751,0.00067021,0.0820,22.19
124,5.107095,0.629657,3.283384,0.804556,0.00066511,0.0827,21.76
125,5.110288,0.632362,3.275420,0.809353,0.00065999,0.0833,21.53
126,5.131500,0.621845,3.268967,0.817746,0.00065485,0.0840,22.30
127,5.104499,0.626052,3.245334,0.800959,0.00064970,0.0847,21.74
128,5.100695,0.625901,3.376741,0.752998,0.00064453,0.0853,22.18
129,5.090833,0.636418,3.221110,0.815348,0.00063934,0.0860,21.10
130,5.108535,0.625901,3.236231,0.818945,0.00063413,0.0867,22.31
131,5.101963,0.633113,3.364270,0.775779,0.00062891,0.0873,22.39
132,5.101457,0.631310,3.362933,0.774580,0.00062367,0.0880,21.29
133,5.098881,0.623798,3.216748,0.834532,0.00061842,0.0887,22.22
134,5.092398,0.619892,3.285631,0.792566,0.00061316,0.0893,21.74
135,5.099185,0.626202,3.252044,0.811751,0.00060788,0.0900,22.17
136,5.098276,0.632812,3.362310,0.773381,0.00060259,0.0907,17.87
137,5.085697,0.626502,3.252201,0.806954,0.00059728,0.0913,16.24
138,5.086936,0.635066,3.292424,0.790168,0.00059197,0.0920,17.33
139,5.075718,0.634615,3.267820,0.803357,0.00058665,0.0927,16.00
140,5.083114,0.634014,3.229897,0.820144,0.00058131,0.0933,16.84
141,5.087069,0.632662,3.215055,0.829736,0.00057597,0.0940,16.74
142,5.079991,0.640775,3.278098,0.802158,0.00057061,0.0947,16.74
143,5.079595,0.634014,3.314846,0.797362,0.00056525,0.0953,16.80
144,5.075069,0.637921,3.252451,0.824940,0.00055988,0.0960,16.28
145,5.080408,0.635817,3.243463,0.804556,0.00055451,0.0967,16.66
146,5.071795,0.632662,3.194653,0.823741,0.00054912,0.0973,17.29
147,5.091707,0.632963,3.159496,0.833333,0.00054373,0.0980,16.06
148,5.084310,0.633263,3.185517,0.830935,0.00053834,0.0987,16.76
149,5.078362,0.632812,3.236944,0.816547,0.00053294,0.0993,16.75
150,5.057989,0.642428,3.153454,0.836930,0.00052754,0.1000,17.21
151,5.076528,0.632812,3.214555,0.817746,0.00052214,0.1007,16.73
152,5.074646,0.634615,3.222718,0.829736,0.00051673,0.1013,15.66
153,5.076686,0.634014,3.203063,0.832134,0.00051132,0.1020,16.61
154,5.077662,0.634615,3.261603,0.805755,0.00050591,0.1027,17.32
155,5.090110,0.633864,3.153446,0.840528,0.00050050,0.1033,16.16
156,5.062989,0.638972,3.197170,0.833333,0.00049509,0.1040,16.66
157,5.068586,0.635817,3.217852,0.830935,0.00048968,0.1047,16.35
158,5.057350,0.639123,3.221387,0.821343,0.00048427,0.1053,17.25
159,5.055254,0.641977,3.175845,0.836930,0.00047886,0.1060,16.80
160,5.085950,0.633564,3.173087,0.827338,0.00047346,0.1067,16.18
161,5.068704,0.636268,3.156981,0.840528,0.00046806,0.1073,17.10
162,5.081632,0.631911,3.152535,0.828537,0.00046266,0.1080,16.78
163,5.055561,0.641376,3.260007,0.799760,0.00045727,0.1087,16.74
164,5.054548,0.641827,3.160210,0.838129,0.00045188,0.1093,16.80
165,5.073138,0.634766,3.159684,0.845324,0.00044649,0.1100,16.70
166,5.063189,0.642728,3.176323,0.830935,0.00044112,0.1107,17.30
167,5.070397,0.634766,3.139810,0.845324,0.00043575,0.1113,16.21
168,5.073528,0.631611,3.112596,0.853717,0.00043039,0.1120,16.67
169,5.070353,0.640174,3.136230,0.850120,0.00042503,0.1127,17.25
170,5.063220,0.636869,3.175167,0.833333,0.00041969,0.1133,16.87
171,5.082660,0.631761,3.124208,0.842926,0.00041435,0.1140,16.65
172,5.062521,0.635968,3.181108,0.823741,0.00040903,0.1147,16.24
173,5.062579,0.643780,3.197910,0.820144,0.00040372,0.1153,17.24
174,5.074274,0.625300,3.152001,0.833333,0.00039841,0.1160,16.91
175,5.076475,0.637019,3.123285,0.852518,0.00039312,0.1167,16.36
176,5.063084,0.634165,3.117673,0.846523,0.00038784,0.1173,16.67
177,5.049847,0.639273,3.174375,0.836930,0.00038258,0.1180,16.79
178,5.073053,0.637770,3.157108,0.826139,0.00037733,0.1187,16.95
179,5.063645,0.633263,3.133465,0.841727,0.00037209,0.1193,16.74
180,5.074370,0.632362,3.267333,0.794964,0.00036687,0.1200,16.12
181,5.051444,0.644832,3.167761,0.844125,0.00036166,0.1207,17.32
182,5.063687,0.641677,3.157097,0.835731,0.00035647,0.1213,16.25
183,5.079873,0.632512,3.141524,0.845324,0.00035130,0.1220,16.72
184,5.097471,0.621544,3.132372,0.850120,0.00034615,0.1227,16.64
185,5.073383,0.629056,3.099663,0.858513,0.00034101,0.1233,16.79
186,5.071684,0.631460,3.160552,0.844125,0.00033589,0.1240,16.81
187,5.091697,0.630409,3.098173,0.859712,0.00033079,0.1247,16.21
188,5.073756,0.633263,3.145641,0.840528,0.00032571,0.1253,16.77
189,5.080477,0.639573,3.128909,0.851319,0.00032065,0.1260,17.25
190,5.083971,0.636569,3.113578,0.860911,0.00031562,0.1267,15.88
191,5.081137,0.631460,3.134411,0.845324,0.00031060,0.1273,16.70
192,5.072618,0.632512,3.064012,0.863309,0.00030561,0.1280,16.00
193,5.058414,0.644681,3.113781,0.848921,0.00030064,0.1287,17.24
194,5.103100,0.626352,3.109242,0.852518,0.00029569,0.1293,16.74
195,5.087948,0.630409,3.084417,0.856115,0.00029077,0.1300,16.19
196,5.090113,0.627704,3.160557,0.842926,0.00028587,0.1307,16.81
197,5.083549,0.631460,3.064873,0.856115,0.00028099,0.1313,16.73
198,5.089000,0.628005,3.079217,0.859712,0.00027615,0.1320,16.70
199,5.090854,0.635667,3.119214,0.841727,0.00027132,0.1327,16.67
200,5.092738,0.632061,3.080045,0.862110,0.00026653,0.1333,16.61
201,5.102714,0.621094,3.072434,0.859712,0.00026176,0.1340,17.29
202,5.096214,0.632212,3.068719,0.865707,0.00025702,0.1347,16.18
203,5.091159,0.637620,3.139835,0.850120,0.00025231,0.1353,16.73
204,5.088616,0.639123,3.077627,0.864508,0.00024763,0.1360,17.36
205,5.108681,0.625300,3.139138,0.839329,0.00024298,0.1367,16.78
206,5.092759,0.628756,3.071406,0.862110,0.00023836,0.1373,16.63
207,5.100839,0.632963,3.111838,0.850120,0.00023377,0.1380,16.22
208,5.103698,0.630258,3.094458,0.851319,0.00022921,0.1387,17.30
209,5.104348,0.618089,3.106781,0.851319,0.00022468,0.1393,17.15
210,5.109850,0.630409,3.058521,0.872902,0.00022019,0.1400,15.93
211,5.096621,0.621394,3.062571,0.865707,0.00021572,0.1407,16.65
212,5.120771,0.625000,3.103063,0.863309,0.00021130,0.1413,16.61
213,5.112399,0.634615,3.095721,0.862110,0.00020690,0.1420,16.80
214,5.130866,0.622897,3.089687,0.850120,0.00020254,0.1427,16.72
215,5.132230,0.616737,3.056220,0.866906,0.00019822,0.1433,16.10
216,5.123688,0.617037,3.105249,0.845324,0.00019393,0.1440,17.29
217,5.142434,0.611929,3.068382,0.868106,0.00018967,0.1447,16.23
218,5.133955,0.623347,3.097905,0.856115,0.00018545,0.1453,16.92
219,5.120316,0.623948,3.094392,0.852518,0.00018127,0.1460,16.63
220,5.139911,0.612079,3.087796,0.860911,0.00017713,0.1467,16.77
221,5.131138,0.627704,3.064012,0.865707,0.00017303,0.1473,16.71
222,5.146096,0.614032,3.060464,0.870504,0.00016896,0.1480,16.47
223,5.145924,0.615685,3.078838,0.866906,0.00016493,0.1487,16.73
224,5.147290,0.617638,3.097638,0.856115,0.00016094,0.1493,17.27
225,5.141039,0.622596,3.074713,0.862110,0.00015699,0.1500,16.16
226,5.149666,0.616737,3.098323,0.857314,0.00015309,0.1507,16.69
227,5.133172,0.616436,3.092341,0.853717,0.00014922,0.1513,16.81
228,5.134912,0.614633,3.071826,0.868106,0.00014539,0.1520,17.19
229,5.164301,0.614934,3.059072,0.875300,0.00014161,0.1527,16.71
230,5.170068,0.607121,3.082613,0.864508,0.00013787,0.1533,16.17
231,5.169769,0.602163,3.061084,0.857314,0.00013417,0.1540,16.63
232,5.134017,0.616286,3.055418,0.868106,0.00013051,0.1547,17.27
233,5.166137,0.608474,3.042344,0.874101,0.00012690,0.1553,15.72
234,5.170933,0.606821,3.070285,0.862110,0.00012333,0.1560,16.77
235,5.167171,0.610727,3.069454,0.862110,0.00011980,0.1567,16.20
236,5.162005,0.605619,3.085764,0.857314,0.00011632,0.1573,17.25
237,5.194250,0.604718,3.046849,0.872902,0.00011288,0.1580,16.67
238,5.147758,0.616587,3.103987,0.854916,0.00010949,0.1587,16.05
239,5.166410,0.609525,3.072771,0.853717,0.00010615,0.1593,16.68
240,5.171437,0.613431,3.065493,0.872902,0.00010285,0.1600,16.72
241,5.174225,0.605469,3.070995,0.866906,0.00009960,0.1607,16.63
242,5.181264,0.605919,3.055599,0.870504,0.00009640,0.1613,16.65
243,5.194420,0.602013,3.078211,0.864508,0.00009324,0.1620,16.36
244,5.182176,0.603816,3.064661,0.865707,0.00009013,0.1627,17.36
245,5.210486,0.593750,3.050869,0.869305,0.00008707,0.1633,16.18
246,5.188442,0.601863,3.062046,0.865707,0.00008406,0.1640,16.70
247,5.200505,0.600210,3.083438,0.864508,0.00008109,0.1647,17.00
248,5.190284,0.604267,3.064501,0.863309,0.00007818,0.1653,16.58
249,5.225741,0.597656,3.073088,0.858513,0.00007531,0.1660,16.63
250,5.211196,0.603966,3.082162,0.862110,0.00007250,0.1667,16.11
251,5.212964,0.595102,3.062669,0.864508,0.00006974,0.1673,17.28
252,5.249137,0.583083,3.080552,0.860911,0.00006702,0.1680,17.01
253,5.248011,0.581130,3.074095,0.860911,0.00006436,0.1687,15.91
254,5.240730,0.590595,3.066841,0.866906,0.00006175,0.1693,16.71
255,5.233258,0.590595,3.059020,0.865707,0.00005919,0.1700,16.74
256,5.239716,0.588492,3.058907,0.862110,0.00005668,0.1707,16.85
257,5.232107,0.590595,3.069263,0.865707,0.00005422,0.1713,16.66
258,5.216741,0.600060,3.060962,0.868106,0.00005182,0.1720,16.21
259,5.278699,0.577975,3.072928,0.862110,0.00004946,0.1727,17.32
260,5.267038,0.574970,3.075823,0.859712,0.00004717,0.1733,16.60
261,5.238560,0.592398,3.064276,0.866906,0.00004492,0.1740,16.72
262,5.256381,0.591647,3.073888,0.858513,0.00004273,0.1747,16.77
263,5.251766,0.597206,3.066719,0.860911,0.00004059,0.1753,16.73
264,5.276678,0.585637,3.064509,0.862110,0.00003851,0.1760,16.69
265,5.244935,0.591496,3.070649,0.857314,0.00003648,0.1767,16.68
266,5.257793,0.588492,3.079377,0.862110,0.00003450,0.1773,16.52
267,5.281202,0.583534,3.071674,0.863309,0.00003258,0.1780,17.32
268,5.295982,0.583083,3.064274,0.863309,0.00003071,0.1787,16.37
269,5.283420,0.579477,3.060614,0.868106,0.00002890,0.1793,16.62
270,5.290870,0.569712,3.070441,0.859712,0.00002715,0.1800,16.69
271,5.294723,0.578425,3.073197,0.859712,0.00002545,0.1807,17.02
272,5.286837,0.579477,3.088138,0.854916,0.00002380,0.1813,16.84
273,5.316819,0.570763,3.074774,0.859712,0.00002221,0.1820,16.31
274,5.323289,0.561298,3.079647,0.862110,0.00002068,0.1827,16.72
275,5.330435,0.563702,3.077959,0.857314,0.00001921,0.1833,17.29
276,5.326856,0.570312,3.074898,0.862110,0.00001779,0.1840,16.19
277,5.350626,0.557542,3.084816,0.858513,0.00001642,0.1847,16.62
278,5.336715,0.564153,3.080272,0.856115,0.00001512,0.1853,16.31
279,5.322887,0.563101,3.086853,0.853717,0.00001387,0.1860,17.23
280,5.332440,0.571815,3.078161,0.853717,0.00001268,0.1867,16.67
281,5.346947,0.561899,3.073992,0.856115,0.00001154,0.1873,16.22
282,5.343563,0.559946,3.074573,0.856115,0.00001047,0.1880,16.74
283,5.358674,0.563852,3.076992,0.856115,0.00000945,0.1887,16.69
284,5.356253,0.560246,3.078961,0.854916,0.00000848,0.1893,16.66
285,5.374645,0.550481,3.080279,0.857314,0.00000758,0.1900,16.67
286,5.369304,0.553185,3.071502,0.860911,0.00000673,0.1907,16.02
287,5.370628,0.559796,3.080234,0.858513,0.00000595,0.1913,17.25
288,5.363570,0.555739,3.084054,0.856115,0.00000521,0.1920,16.21
289,5.392673,0.548227,3.080520,0.852518,0.00000454,0.1927,16.80
290,5.377930,0.548828,3.077970,0.857314,0.00000393,0.1933,16.86
291,5.388068,0.552584,3.073820,0.854916,0.00000337,0.1940,16.73
292,5.390130,0.544020,3.072040,0.858513,0.00000287,0.1947,16.79
293,5.413864,0.531250,3.074955,0.858513,0.00000244,0.1953,16.34
294,5.416418,0.540865,3.082108,0.851319,0.00000205,0.1960,16.94
295,5.425432,0.537861,3.079403,0.857314,0.00000173,0.1967,17.36
296,5.427363,0.541316,3.084673,0.853717,0.00000147,0.1973,15.56
297,5.432074,0.533053,3.079806,0.851319,0.00000126,0.1980,16.76
298,5.441451,0.544471,3.084793,0.854916,0.00000112,0.1987,16.71
299,5.414873,0.536809,3.077390,0.858513,0.00000103,0.1993,16.97
300,5.437561,0.538011,3.078756,0.857314,0.00000100,0.2000,16.76
