epoch,train_loss,train_ce,train_kd,train_relation,train_embedding,train_logit_kd,train_topk,train_margin,train_anchor,train_teacher1_kd,train_teacher2_kd,teacher2_active,train_tdl,train_contrast,train_topkd,train_tckd,train_nckd,hard_ratio,avg_true_rank,train_acc,val_loss,val_acc,lr,time_s,val_true_class_margin
1,0.795475,0.375314,0.420161,0.0,0.0,0.0,0.0,0.0,0.0,0.0,0.0,0.0,0.0,0.0,0.0,0.005552,1.04971,0.0,0.0,1.0,0.366179,0.9976,6.06e-06,22.3,4.387992
2,1.212298,0.363367,0.848931,0.0,0.0,0.0,0.0,0.0,0.0,0.0,0.0,0.0,0.0,0.0,0.0,0.005673,1.060455,0.0,0.0,1.0,0.374318,0.9976,1.206e-05,20.7,4.3611
3,1.627872,0.385146,1.242727,0.0,0.0,0.0,0.0,0.0,0.0,0.0,0.0,0.0,0.0,0.0,0.0,0.00516,1.034961,0.0,0.0,1.0,0.403064,0.9976,1.806e-05,20.7,4.304264
4,2.005691,0.451767,1.553924,0.0,0.0,0.0,0.0,0.0,0.0,0.0,0.0,0.0,0.0,0.0,0.0,0.004632,0.970623,0.0,0.0,1.0,0.515362,0.9976,2.406e-05,20.6,4.072851
5,2.331332,0.580274,1.751058,0.0,0.0,0.0,0.0,0.0,0.0,0.0,0.0,0.0,0.0,0.0,0.0,0.005143,0.874886,0.0,0.0,1.0,0.653447,0.9964,3e-05,21.3,3.825064
6,2.620974,0.734094,1.886879,0.0,0.0,0.0,0.0,0.0,0.0,0.0,0.0,0.0,0.0,0.0,0.0,0.007316,0.785285,0.0,0.0,1.0,0.768772,0.9976,2.999e-05,20.6,3.665999
7,2.87403,0.855009,2.019021,0.0,0.0,0.0,0.0,0.0,0.0,0.0,0.0,0.0,0.0,0.0,0.0,0.009582,0.719881,0.0,0.0,0.9998,0.912795,0.9976,2.994e-05,20.7,3.493764
8,3.10981,0.987014,2.122796,0.0,0.0,0.0,0.0,0.0,0.0,0.0,0.0,0.0,0.0,0.0,0.0,0.012493,0.661812,0.0,0.0,0.9998,1.063435,0.9976,2.987e-05,20.8,3.336735
9,3.338379,1.133539,2.20484,0.0,0.0,0.0,0.0,0.0,0.0,0.0,0.0,0.0,0.0,0.0,0.0,0.015961,0.610461,0.0,0.0,1.0,1.18463,0.9964,2.977e-05,20.8,3.215043
10,3.546246,1.265999,2.280247,0.0,0.0,0.0,0.0,0.0,0.0,0.0,0.0,0.0,0.0,0.0,0.0,0.019256,0.567655,0.0,0.0,0.9998,1.320307,0.9952,2.964e-05,20.8,3.080523
11,3.721964,1.380698,2.341266,0.0,0.0,0.0,0.0,0.0,0.0,0.0,0.0,0.0,0.0,0.0,0.0,0.022211,0.52933,0.0,0.0,1.0,1.468282,0.9952,2.948e-05,20.7,2.964287
12,3.902675,1.526087,2.376587,0.0,0.0,0.0,0.0,0.0,0.0,0.0,0.0,0.0,0.0,0.0,0.0,0.026011,0.491871,0.0,0.0,0.9998,1.588576,0.9952,2.929e-05,20.6,2.874198
13,4.073655,1.655554,2.418101,0.0,0.0,0.0,0.0,0.0,0.0,0.0,0.0,0.0,0.0,0.0,0.0,0.029462,0.461337,0.0,0.0,1.0,1.704011,0.9964,2.908e-05,20.7,2.784767
14,4.237511,1.795823,2.441689,0.0,0.0,0.0,0.0,0.0,0.0,0.0,0.0,0.0,0.0,0.0,0.0,0.033242,0.431861,0.0,0.0,1.0,1.850489,0.9964,2.883e-05,20.8,2.68091
15,4.384355,1.919726,2.464629,0.0,0.0,0.0,0.0,0.0,0.0,0.0,0.0,0.0,0.0,0.0,0.0,0.0366,0.406196,0.0,0.0,1.0,1.981894,0.9964,2.856e-05,20.7,2.587949
16,4.50595,2.030269,2.475681,0.0,0.0,0.0,0.0,0.0,0.0,0.0,0.0,0.0,0.0,0.0,0.0,0.03971,0.381861,0.0,0.0,1.0,2.104508,0.9952,2.827e-05,20.7,2.502516
17,4.645793,2.171605,2.474188,0.0,0.0,0.0,0.0,0.0,0.0,0.0,0.0,0.0,0.0,0.0,0.0,0.043574,0.358404,0.0,0.0,0.9997,2.23798,0.9964,2.795e-05,20.9,2.413085
18,4.758754,2.273187,2.485567,0.0,0.0,0.0,0.0,0.0,0.0,0.0,0.0,0.0,0.0,0.0,0.0,0.046402,0.339417,0.0,0.0,1.0,2.3472,0.9964,2.76e-05,20.7,2.347775
19,4.879931,2.404817,2.475114,0.0,0.0,0.0,0.0,0.0,0.0,0.0,0.0,0.0,0.0,0.0,0.0,0.050201,0.319398,0.0,0.0,1.0,2.476509,0.9964,2.723e-05,20.7,2.261813
20,4.989088,2.52349,2.465598,0.0,0.0,0.0,0.0,0.0,0.0,0.0,0.0,0.0,0.0,0.0,0.0,0.053546,0.301506,0.0,0.0,1.0,2.597609,0.9964,2.684e-05,20.6,2.18384
21,4.967379,2.556784,2.410595,0.0,0.0,0.0,0.0,0.0,0.0,0.0,0.0,0.0,0.0,0.0,0.0,0.054529,0.294508,0.0,0.0,1.0,2.615347,0.9952,2.642e-05,20.7,2.177661
22,4.965077,2.586147,2.37893,0.0,0.0,0.0,0.0,0.0,0.0,0.0,0.0,0.0,0.0,0.0,0.0,0.05537,0.290445,0.0,0.0,0.9998,2.620853,0.9952,2.598e-05,20.7,2.171651
23,4.954273,2.588574,2.365699,0.0,0.0,0.0,0.0,0.0,0.0,0.0,0.0,0.0,0.0,0.0,0.0,0.055474,0.288778,0.0,0.0,0.9998,2.623808,0.9964,2.552e-05,20.7,2.167276
24,4.940818,2.584548,2.356271,0.0,0.0,0.0,0.0,0.0,0.0,0.0,0.0,0.0,0.0,0.0,0.0,0.055354,0.287615,0.0,0.0,0.9998,2.63588,0.9952,2.504e-05,20.6,2.167251
25,4.930468,2.591275,2.339193,0.0,0.0,0.0,0.0,0.0,0.0,0.0,0.0,0.0,0.0,0.0,0.0,0.055564,0.285454,0.0,0.0,0.9998,2.63242,0.9952,2.454e-05,20.7,2.165757
26,4.922805,2.592288,2.330517,0.0,0.0,0.0,0.0,0.0,0.0,0.0,0.0,0.0,0.0,0.0,0.0,0.055575,0.284368,0.0,0.0,1.0,2.627919,0.9952,2.402e-05,20.6,2.175362
27,4.924406,2.601576,2.32283,0.0,0.0,0.0,0.0,0.0,0.0,0.0,0.0,0.0,0.0,0.0,0.0,0.055867,0.28337,0.0,0.0,1.0,2.624683,0.9952,2.349e-05,20.6,2.172829
28,4.911327,2.595906,2.315422,0.0,0.0,0.0,0.0,0.0,0.0,0.0,0.0,0.0,0.0,0.0,0.0,0.055739,0.28246,0.0,0.0,0.9998,2.622274,0.994,2.294e-05,20.8,2.183422
29,4.907505,2.590953,2.316552,0.0,0.0,0.0,0.0,0.0,0.0,0.0,0.0,0.0,0.0,0.0,0.0,0.055634,0.282615,0.0,0.0,0.9998,2.629122,0.9964,2.237e-05,20.9,2.169591
30,4.904318,2.603502,2.300815,0.0,0.0,0.0,0.0,0.0,0.0,0.0,0.0,0.0,0.0,0.0,0.0,0.055999,0.280602,0.0,0.0,1.0,2.62013,0.9952,2.179e-05,20.7,2.183198
31,4.897059,2.597435,2.299624,0.0,0.0,0.0,0.0,0.0,0.0,0.0,0.0,0.0,0.0,0.0,0.0,0.0558,0.280478,0.0,0.0,1.0,2.618826,0.9952,2.12e-05,21.0,2.182386
32,4.886562,2.589416,2.297146,0.0,0.0,0.0,0.0,0.0,0.0,0.0,0.0,0.0,0.0,0.0,0.0,0.055602,0.280193,0.0,0.0,0.9998,2.625368,0.9952,2.059e-05,20.6,2.177913
33,4.881979,2.582983,2.298996,0.0,0.0,0.0,0.0,0.0,0.0,0.0,0.0,0.0,0.0,0.0,0.0,0.055443,0.280444,0.0,0.0,1.0,2.615996,0.9952,1.998e-05,20.8,2.180558
34,4.875177,2.581516,2.293662,0.0,0.0,0.0,0.0,0.0,0.0,0.0,0.0,0.0,0.0,0.0,0.0,0.055438,0.279778,0.0,0.0,1.0,2.618124,0.9952,1.936e-05,20.7,2.180673
35,4.883527,2.598865,2.284662,0.0,0.0,0.0,0.0,0.0,0.0,0.0,0.0,0.0,0.0,0.0,0.0,0.055903,0.278595,0.0,0.0,0.9998,2.626494,0.994,1.873e-05,20.8,2.172985
36,4.860966,2.574612,2.286353,0.0,0.0,0.0,0.0,0.0,0.0,0.0,0.0,0.0,0.0,0.0,0.0,0.055225,0.278891,0.0,0.0,0.9998,2.612307,0.9952,1.809e-05,20.7,2.184391
37,4.863521,2.578812,2.28471,0.0,0.0,0.0,0.0,0.0,0.0,0.0,0.0,0.0,0.0,0.0,0.0,0.055375,0.278667,0.0,0.0,1.0,2.604272,0.994,1.745e-05,20.6,2.190898
38,4.858516,2.576878,2.281638,0.0,0.0,0.0,0.0,0.0,0.0,0.0,0.0,0.0,0.0,0.0,0.0,0.055314,0.278291,0.0,0.0,1.0,2.614925,0.994,1.68e-05,20.5,2.188315
39,4.85714,2.574322,2.282818,0.0,0.0,0.0,0.0,0.0,0.0,0.0,0.0,0.0,0.0,0.0,0.0,0.055208,0.278451,0.0,0.0,1.0,2.619325,0.994,1.615e-05,20.6,2.181586
40,4.85132,2.571733,2.279587,0.0,0.0,0.0,0.0,0.0,0.0,0.0,0.0,0.0,0.0,0.0,0.0,0.055194,0.278049,0.0,0.0,1.0,2.608109,0.994,1.55e-05,20.6,2.18793
41,4.858531,2.588313,2.270218,0.0,0.0,0.0,0.0,0.0,0.0,0.0,0.0,0.0,0.0,0.0,0.0,0.055642,0.276822,0.0,0.0,1.0,2.605134,0.9952,1.485e-05,20.8,2.188717
42,4.844027,2.573554,2.270473,0.0,0.0,0.0,0.0,0.0,0.0,0.0,0.0,0.0,0.0,0.0,0.0,0.055222,0.276906,0.0,0.0,1.0,2.595199,0.9952,1.42e-05,20.6,2.197494
43,4.851225,2.578655,2.27257,0.0,0.0,0.0,0.0,0.0,0.0,0.0,0.0,0.0,0.0,0.0,0.0,0.055359,0.277151,0.0,0.0,1.0,2.61587,0.9952,1.355e-05,20.7,2.183231
44,4.846803,2.580701,2.266102,0.0,0.0,0.0,0.0,0.0,0.0,0.0,0.0,0.0,0.0,0.0,0.0,0.055431,0.276334,0.0,0.0,1.0,2.59897,0.994,1.291e-05,20.6,2.194961
45,4.85375,2.59028,2.263469,0.0,0.0,0.0,0.0,0.0,0.0,0.0,0.0,0.0,0.0,0.0,0.0,0.055687,0.275973,0.0,0.0,0.9998,2.605749,0.994,1.227e-05,20.9,2.190535
46,4.835955,2.569518,2.266438,0.0,0.0,0.0,0.0,0.0,0.0,0.0,0.0,0.0,0.0,0.0,0.0,0.055116,0.276415,0.0,0.0,1.0,2.592383,0.994,1.164e-05,20.6,2.195293
47,4.843895,2.573242,2.270653,0.0,0.0,0.0,0.0,0.0,0.0,0.0,0.0,0.0,0.0,0.0,0.0,0.055231,0.276928,0.0,0.0,0.9998,2.605443,0.994,1.102e-05,20.8,2.191038
48,4.829343,2.566331,2.263011,0.0,0.0,0.0,0.0,0.0,0.0,0.0,0.0,0.0,0.0,0.0,0.0,0.055071,0.275993,0.0,0.0,1.0,2.59599,0.994,1.041e-05,20.7,2.197324
49,4.832595,2.565024,2.267571,0.0,0.0,0.0,0.0,0.0,0.0,0.0,0.0,0.0,0.0,0.0,0.0,0.05504,0.276566,0.0,0.0,1.0,2.59765,0.994,9.8e-06,20.8,2.191917
50,4.831479,2.569958,2.261521,0.0,0.0,0.0,0.0,0.0,0.0,0.0,0.0,0.0,0.0,0.0,0.0,0.05516,0.275795,0.0,0.0,1.0,2.597605,0.994,9.21e-06,20.7,2.192976
51,4.829018,2.562773,2.266245,0.0,0.0,0.0,0.0,0.0,0.0,0.0,0.0,0.0,0.0,0.0,0.0,0.054993,0.276406,0.0,0.0,0.9998,2.602802,0.994,8.63e-06,20.6,2.190144
52,4.831029,2.576437,2.254592,0.0,0.0,0.0,0.0,0.0,0.0,0.0,0.0,0.0,0.0,0.0,0.0,0.05537,0.274903,0.0,0.0,1.0,2.592468,0.9952,8.06e-06,20.7,2.19385
53,4.831138,2.569412,2.261726,0.0,0.0,0.0,0.0,0.0,0.0,0.0,0.0,0.0,0.0,0.0,0.0,0.055133,0.275824,0.0,0.0,1.0,2.601808,0.994,7.51e-06,20.5,2.196032
54,4.829395,2.567673,2.261722,0.0,0.0,0.0,0.0,0.0,0.0,0.0,0.0,0.0,0.0,0.0,0.0,0.055109,0.275827,0.0,0.0,1.0,2.593894,0.9952,6.98e-06,20.5,2.194407
55,4.824309,2.564822,2.259487,0.0,0.0,0.0,0.0,0.0,0.0,0.0,0.0,0.0,0.0,0.0,0.0,0.055055,0.275554,0.0,0.0,1.0,2.591541,0.994,6.46e-06,20.5,2.199319
56,4.828266,2.574658,2.253608,0.0,0.0,0.0,0.0,0.0,0.0,0.0,0.0,0.0,0.0,0.0,0.0,0.055262,0.274793,0.0,0.0,1.0,2.586378,0.994,5.96e-06,20.5,2.203205
57,4.822208,2.562036,2.260172,0.0,0.0,0.0,0.0,0.0,0.0,0.0,0.0,0.0,0.0,0.0,0.0,0.054946,0.275653,0.0,0.0,1.0,2.58951,0.9952,5.48e-06,20.7,2.200931
58,4.822073,2.566122,2.255951,0.0,0.0,0.0,0.0,0.0,0.0,0.0,0.0,0.0,0.0,0.0,0.0,0.055068,0.27511,0.0,0.0,1.0,2.591169,0.994,5.02e-06,20.6,2.1996
59,4.823423,2.562675,2.260748,0.0,0.0,0.0,0.0,0.0,0.0,0.0,0.0,0.0,0.0,0.0,0.0,0.054954,0.275724,0.0,0.0,0.9998,2.59229,0.994,4.58e-06,20.4,2.199747
60,4.821888,2.56656,2.255328,0.0,0.0,0.0,0.0,0.0,0.0,0.0,0.0,0.0,0.0,0.0,0.0,0.055097,0.275029,0.0,0.0,1.0,2.596239,0.994,4.16e-06,20.6,2.193246
61,4.812971,2.556459,2.256512,0.0,0.0,0.0,0.0,0.0,0.0,0.0,0.0,0.0,0.0,0.0,0.0,0.05481,0.275213,0.0,0.0,0.9998,2.589387,0.9952,3.77e-06,20.7,2.195451
62,4.816673,2.56092,2.255753,0.0,0.0,0.0,0.0,0.0,0.0,0.0,0.0,0.0,0.0,0.0,0.0,0.054955,0.2751,0.0,0.0,1.0,2.588747,0.9952,3.4e-06,20.5,2.204325
63,4.820592,2.561852,2.258739,0.0,0.0,0.0,0.0,0.0,0.0,0.0,0.0,0.0,0.0,0.0,0.0,0.054937,0.275475,0.0,0.0,0.9998,2.591891,0.9952,3.05e-06,20.7,2.196215
64,4.81052,2.547488,2.263032,0.0,0.0,0.0,0.0,0.0,0.0,0.0,0.0,0.0,0.0,0.0,0.0,0.054572,0.276058,0.0,0.0,1.0,2.592493,0.9952,2.73e-06,20.6,2.198355
65,4.821263,2.558863,2.262399,0.0,0.0,0.0,0.0,0.0,0.0,0.0,0.0,0.0,0.0,0.0,0.0,0.054865,0.275942,0.0,0.0,1.0,2.577439,0.994,2.44e-06,20.6,2.206934
66,4.809169,2.553197,2.255972,0.0,0.0,0.0,0.0,0.0,0.0,0.0,0.0,0.0,0.0,0.0,0.0,0.054717,0.275157,0.0,0.0,1.0,2.595158,0.994,2.17e-06,20.6,2.190721
67,4.818279,2.564965,2.253314,0.0,0.0,0.0,0.0,0.0,0.0,0.0,0.0,0.0,0.0,0.0,0.0,0.055007,0.274788,0.0,0.0,1.0,2.590374,0.994,1.92e-06,20.6,2.198484
68,4.813955,2.561214,2.252741,0.0,0.0,0.0,0.0,0.0,0.0,0.0,0.0,0.0,0.0,0.0,0.0,0.054938,0.274725,0.0,0.0,0.9998,2.586244,0.994,1.71e-06,20.6,2.20245
69,4.809862,2.552304,2.257558,0.0,0.0,0.0,0.0,0.0,0.0,0.0,0.0,0.0,0.0,0.0,0.0,0.054705,0.275357,0.0,0.0,1.0,2.588141,0.994,1.52e-06,20.3,2.201675
70,4.822606,2.569582,2.253023,0.0,0.0,0.0,0.0,0.0,0.0,0.0,0.0,0.0,0.0,0.0,0.0,0.055189,0.274729,0.0,0.0,1.0,2.591499,0.994,1.36e-06,20.6,2.201344
71,4.804837,2.542485,2.262352,0.0,0.0,0.0,0.0,0.0,0.0,0.0,0.0,0.0,0.0,0.0,0.0,0.054419,0.275992,0.0,0.0,0.9998,2.595508,0.9952,1.23e-06,20.6,2.194636
72,4.816155,2.563816,2.252339,0.0,0.0,0.0,0.0,0.0,0.0,0.0,0.0,0.0,0.0,0.0,0.0,0.054995,0.274668,0.0,0.0,1.0,2.591066,0.9952,1.13e-06,20.5,2.195303
73,4.813358,2.560232,2.253127,0.0,0.0,0.0,0.0,0.0,0.0,0.0,0.0,0.0,0.0,0.0,0.0,0.054921,0.274776,0.0,0.0,0.9998,2.588911,0.994,1.06e-06,20.6,2.202563
74,4.816851,2.560867,2.255984,0.0,0.0,0.0,0.0,0.0,0.0,0.0,0.0,0.0,0.0,0.0,0.0,0.054957,0.275128,0.0,0.0,0.9998,2.598016,0.994,1.01e-06,20.5,2.191748
75,4.807781,2.558227,2.249554,0.0,0.0,0.0,0.0,0.0,0.0,0.0,0.0,0.0,0.0,0.0,0.0,0.054841,0.274339,0.0,0.0,1.0,2.587231,0.994,1e-06,20.7,2.204416
