epoch,train_loss,train_acc,val_loss,val_acc,val_true_class_margin,consistency_loss,view_agreement,lr,drop_path,epoch_time_sec
1,18.392607,0.001339,15.515006,0.000000,-14.220976,0.000000,1.000000,0.00010900,0.0000,13.95
2,16.880896,0.001190,9.164257,0.000000,-5.961665,0.000000,1.000000,0.00020800,0.0000,13.38
3,16.592656,0.000298,7.440896,0.002398,-3.677100,0.000000,1.000000,0.00030700,0.0000,13.57
4,17.588194,0.001339,6.908886,0.009592,-3.264946,0.000000,1.000000,0.00040600,0.0000,13.63
5,19.122866,0.000893,6.815944,0.010791,-3.436635,0.000000,1.000000,0.00050500,0.0000,13.65
6,20.436053,0.000595,7.527247,0.010791,-4.940159,0.000000,1.000000,0.00060400,0.0000,14.75
7,21.537770,0.001190,6.076309,0.034772,-3.345313,0.000000,1.000000,0.00070300,0.0000,18.03
8,22.451941,0.000744,5.937183,0.040767,-3.724312,0.000000,1.000000,0.00080200,0.0000,18.50
9,23.264426,0.004464,6.649157,0.019185,-4.840974,0.000000,1.000000,0.00090100,0.0000,18.55
10,24.024341,0.007440,10.184315,0.004796,-8.712035,0.000000,1.000000,0.00100000,0.0000,18.30
11,24.897076,0.011756,4.718927,0.098321,-2.914733,0.000000,1.000000,0.00099997,0.0000,18.47
12,25.655902,0.024107,4.247216,0.146283,-2.356333,0.000000,1.000000,0.00099988,0.0000,18.81
13,26.541784,0.037054,4.121880,0.158273,-2.245621,0.000000,1.000000,0.00099974,0.0000,18.19
14,27.443302,0.062202,4.602494,0.137890,-2.991247,0.000000,1.000000,0.00099953,0.0000,18.47
15,28.422476,0.077976,3.660564,0.219424,-1.809432,0.000000,1.000000,0.00099927,0.0000,18.22
16,29.450003,0.117411,5.029485,0.093525,-3.143325,0.000000,1.000000,0.00099895,0.0000,18.49
17,30.568482,0.156399,5.396446,0.103118,-3.731664,0.000000,1.000000,0.00099856,0.0000,18.47
18,31.647490,0.196875,4.613377,0.109113,-2.843300,0.000000,1.000000,0.00099813,0.0000,18.03
19,32.814469,0.241667,4.584220,0.236211,-3.106006,0.000000,1.000000,0.00099763,0.0000,18.13
20,33.815615,0.289137,2.513965,0.424460,-0.396647,0.000000,1.000000,0.00099707,0.0000,18.23
21,33.419359,0.332589,4.127182,0.353717,-2.399045,0.000000,1.000000,0.00099646,0.0000,18.25
22,33.007978,0.373512,4.289295,0.308153,-2.650869,0.000000,1.000000,0.00099579,0.0000,18.48
23,32.511574,0.433333,4.190423,0.238609,-2.639375,0.000000,1.000000,0.00099505,0.0000,18.66
24,32.002802,0.480506,1.906958,0.592326,1.771681,0.000000,1.000000,0.00099427,0.0000,18.04
25,31.218867,0.539583,1.684407,0.671463,3.001871,0.000000,1.000000,0.00099342,0.0000,18.38
26,30.237039,0.606101,2.884851,0.500000,0.088280,0.000000,1.000000,0.00099252,0.0000,18.43
27,29.549901,0.641815,1.411134,0.719424,3.593929,0.000000,1.000000,0.00099155,0.0000,18.31
28,28.530823,0.691071,3.086186,0.534772,0.454167,0.000000,1.000000,0.00099053,0.0000,18.63
29,27.516490,0.734524,1.374711,0.772182,5.422222,0.000000,1.000000,0.00098946,0.0000,18.32
30,26.519211,0.772024,1.585720,0.743405,4.932635,0.000000,1.000000,0.00098832,0.0000,18.25
31,25.444308,0.806250,0.869150,0.832134,8.029438,0.000000,1.000000,0.00098713,0.0000,18.11
32,24.674269,0.832143,1.197492,0.804556,6.098007,0.000000,1.000000,0.00098588,0.0000,18.45
33,23.666339,0.856101,1.190043,0.812950,6.982869,0.000000,1.000000,0.00098458,0.0000,18.67
34,22.677180,0.879315,1.000630,0.829736,8.120888,0.000000,1.000000,0.00098321,0.0000,18.61
35,21.735583,0.894643,2.102396,0.701439,3.586848,0.000000,1.000000,0.00098179,0.0000,18.29
36,20.799735,0.909524,1.263228,0.803357,6.153368,0.000000,1.000000,0.00098032,0.0000,18.24
37,20.156646,0.918452,0.478495,0.902878,11.500542,0.000000,1.000000,0.00097879,0.0000,18.06
38,19.446704,0.930060,0.526885,0.912470,11.906469,0.000000,1.000000,0.00097720,0.0000,18.65
39,18.867046,0.942262,0.378789,0.934053,13.561949,0.000000,1.000000,0.00097555,0.0000,18.38
40,18.342424,0.944196,0.477977,0.920863,12.689340,0.000000,1.000000,0.00097385,0.0000,18.39
41,17.763288,0.951637,0.501057,0.926859,12.931227,0.000000,1.000000,0.00097210,0.0000,18.57
42,17.173422,0.956994,0.498903,0.928058,12.646956,0.000000,1.000000,0.00097029,0.0000,18.21
43,16.764043,0.955506,0.437542,0.932854,13.213553,0.000000,1.000000,0.00096842,0.0000,18.72
44,16.094636,0.961756,0.362499,0.954436,14.028032,0.000000,1.000000,0.00096650,0.0000,18.48
45,15.818371,0.966964,0.333572,0.948441,15.517493,0.000000,1.000000,0.00096452,0.0000,18.49
46,15.307592,0.970089,0.402047,0.943645,13.173013,0.000000,1.000000,0.00096249,0.0000,18.22
47,15.019753,0.972619,0.490433,0.940048,13.708290,0.000000,1.000000,0.00096041,0.0000,18.08
48,14.751787,0.972619,0.220620,0.970024,16.838640,0.000000,1.000000,0.00095827,0.0000,18.08
49,14.425478,0.976488,0.193654,0.972422,17.537619,0.000000,1.000000,0.00095608,0.0000,18.54
50,14.172792,0.977827,0.233729,0.970024,17.257610,0.000000,1.000000,0.00095383,0.0000,18.33
51,13.725386,0.980060,0.250306,0.966427,16.519001,0.000000,1.000000,0.00095154,0.0000,18.40
52,13.521902,0.982440,0.202607,0.967626,16.343248,0.000000,1.000000,0.00094918,0.0000,18.09
53,13.090850,0.984375,0.220570,0.974820,17.470531,0.000000,1.000000,0.00094678,0.0000,18.37
54,13.061830,0.982738,0.210986,0.966427,17.391262,0.000000,1.000000,0.00094432,0.0000,18.52
55,12.765293,0.984226,0.203179,0.967626,18.120622,0.000000,1.000000,0.00094181,0.0000,18.34
56,12.702853,0.985565,0.189992,0.974820,18.955950,0.000000,1.000000,0.00093925,0.0000,18.32
57,12.350723,0.988095,0.213473,0.971223,18.139413,0.000000,1.000000,0.00093664,0.0000,18.42
58,12.213837,0.987649,0.172515,0.970024,17.460907,0.000000,1.000000,0.00093398,0.0000,18.34
59,12.092926,0.988542,0.210385,0.965228,18.179837,0.000000,1.000000,0.00093126,0.0000,18.36
60,11.906855,0.988988,0.188570,0.974820,18.630572,0.000000,1.000000,0.00092850,0.0000,18.58
61,11.650349,0.990476,0.176886,0.976019,19.107634,0.000000,1.000000,0.00092569,0.0000,18.18
62,11.419289,0.990179,0.256751,0.958034,17.504035,0.000000,1.000000,0.00092282,0.0000,18.41
63,11.339837,0.992560,0.211461,0.970024,18.259600,0.000000,1.000000,0.00091991,0.0000,18.52
64,11.168732,0.990476,0.178839,0.973621,19.411010,0.000000,1.000000,0.00091694,0.0000,18.22
65,11.067787,0.992560,0.150460,0.978417,20.943363,0.000000,1.000000,0.00091393,0.0000,18.22
66,10.842873,0.993750,0.176267,0.973621,20.225078,0.000000,1.000000,0.00091087,0.0000,18.11
67,10.781198,0.993155,0.134628,0.979616,19.420744,0.000000,1.000000,0.00090776,0.0000,18.43
68,10.570343,0.994048,0.175816,0.979616,19.512076,0.000000,1.000000,0.00090460,0.0000,18.49
69,10.463165,0.993006,0.115016,0.984412,21.490893,0.000000,1.000000,0.00090140,0.0000,18.51
70,10.277478,0.994494,0.161755,0.976019,18.763939,0.000000,1.000000,0.00089815,0.0000,17.70
71,10.280815,0.993899,0.116429,0.979616,21.142616,0.000000,1.000000,0.00089485,0.0000,18.21
72,9.966711,0.995536,0.142635,0.979616,21.500764,0.000000,1.000000,0.00089151,0.0000,18.18
73,9.810049,0.995982,0.116580,0.982014,21.659747,0.000000,1.000000,0.00088812,0.0000,18.42
74,9.815944,0.995833,0.105108,0.988010,22.148312,0.000000,1.000000,0.00088468,0.0000,18.26
75,9.700507,0.995982,0.096871,0.985612,22.536856,0.000000,1.000000,0.00088120,0.0000,18.35
76,9.353315,0.996280,0.083301,0.986811,22.616130,0.000000,1.000000,0.00087767,0.0000,18.48
77,9.377799,0.996280,0.202090,0.977218,17.946550,0.000000,1.000000,0.00087410,0.0000,18.48
78,9.294194,0.996577,0.107621,0.986811,22.149151,0.000000,1.000000,0.00087049,0.0000,18.00
79,9.176507,0.995238,0.097601,0.985612,23.615949,0.000000,1.000000,0.00086683,0.0000,18.42
80,8.882855,0.997619,0.092246,0.988010,22.124870,0.000000,1.000000,0.00086313,0.0000,18.44
81,9.016134,0.995685,0.111492,0.983213,22.517838,0.000000,1.000000,0.00085939,0.0000,18.50
82,8.833167,0.997024,0.080945,0.989209,22.855358,0.000000,1.000000,0.00085561,0.0000,18.29
83,8.798410,0.996875,0.077651,0.986811,22.823592,0.000000,1.000000,0.00085178,0.0000,18.34
84,8.734563,0.996429,0.090554,0.985612,23.775371,0.000000,1.000000,0.00084791,0.0000,18.80
85,8.586611,0.996726,0.056856,0.989209,24.799552,0.000000,1.000000,0.00084401,0.0000,18.22
86,8.458905,0.997619,0.098580,0.985612,22.917450,0.000000,1.000000,0.00084006,0.0000,18.09
87,8.376375,0.997470,0.089562,0.988010,22.727763,0.000000,1.000000,0.00083607,0.0000,18.23
88,8.116987,0.997024,0.112283,0.988010,22.978600,0.000000,1.000000,0.00083204,0.0000,18.28
89,8.195464,0.997321,0.122365,0.983213,23.934313,0.000000,1.000000,0.00082797,0.0000,18.11
90,8.049852,0.997917,0.103260,0.988010,23.923157,0.000000,1.000000,0.00082387,0.0000,18.40
91,7.954981,0.998363,0.078864,0.988010,24.907482,0.000000,1.000000,0.00081973,0.0000,17.94
92,7.964413,0.998214,0.092947,0.989209,22.875146,0.000000,1.000000,0.00081555,0.0000,18.36
93,7.889881,0.998065,0.051433,0.989209,25.490246,0.000000,1.000000,0.00081133,0.0000,17.80
94,7.567876,0.998065,0.067261,0.991607,24.553197,0.000000,1.000000,0.00080707,0.0000,18.48
95,7.682237,0.998661,0.052907,0.988010,25.030136,0.000000,1.000000,0.00080278,0.0000,18.45
96,7.497725,0.998661,0.058611,0.989209,24.808489,0.000000,1.000000,0.00079846,0.0000,18.47
97,7.498594,0.998661,0.062089,0.989209,25.646311,0.000000,1.000000,0.00079410,0.0000,18.70
98,7.455276,0.998065,0.081319,0.988010,25.275708,0.000000,1.000000,0.00078970,0.0000,18.54
99,7.340104,0.999256,0.053256,0.990408,25.459118,0.000000,1.000000,0.00078528,0.0000,18.47
100,7.275924,0.998065,0.107622,0.986811,22.376034,0.000000,1.000000,0.00078081,0.0000,18.37
101,7.166316,0.998512,0.047840,0.991607,24.536467,0.000000,1.000000,0.00077632,0.0000,18.14
102,7.035216,0.998661,0.073679,0.989209,24.982540,0.000000,1.000000,0.00077179,0.0000,18.26
103,7.058291,0.998363,0.043548,0.992806,26.437096,0.000000,1.000000,0.00076723,0.0000,18.53
104,6.892984,0.998810,0.043797,0.994005,26.025668,0.000000,1.000000,0.00076264,0.0000,18.26
105,6.869937,0.998810,0.051594,0.988010,25.836834,0.000000,1.000000,0.00075802,0.0000,18.60
106,6.808693,0.998512,0.054954,0.992806,24.994241,0.000000,1.000000,0.00075337,0.0000,18.15
107,6.783318,0.999107,0.062976,0.991607,25.793584,0.000000,1.000000,0.00074869,0.0000,18.66
108,6.650907,0.998512,0.022852,0.994005,26.061036,0.000000,1.000000,0.00074398,0.0000,18.12
109,6.698641,0.999405,0.093550,0.983213,23.856036,0.000000,1.000000,0.00073924,0.0000,18.66
110,6.519962,0.999554,0.065414,0.988010,25.278362,0.000000,1.000000,0.00073447,0.0000,18.31
111,6.391276,0.999405,0.057788,0.988010,25.875044,0.000000,1.000000,0.00072968,0.0000,18.52
112,6.395950,0.999107,0.061778,0.988010,26.077082,0.000000,1.000000,0.00072485,0.0000,18.26
113,6.317329,0.999702,0.060395,0.989209,27.115218,0.000000,1.000000,0.00072001,0.0000,18.21
114,6.285069,0.999702,0.049725,0.992806,27.017293,0.000000,1.000000,0.00071513,0.0000,18.24
115,6.317652,0.998958,0.056037,0.990408,26.876537,0.000000,1.000000,0.00071023,0.0000,18.04
116,6.132495,0.999256,0.061043,0.990408,26.549569,0.000000,1.000000,0.00070531,0.0000,18.33
117,6.014140,0.999554,0.067934,0.988010,26.587971,0.000000,1.000000,0.00070036,0.0000,18.32
118,6.104990,0.999256,0.052587,0.991607,27.140766,0.000000,1.000000,0.00069539,0.0000,18.41
119,5.865915,0.999554,0.059443,0.989209,27.475231,0.000000,1.000000,0.00069040,0.0000,18.00
120,5.958723,0.999554,0.063010,0.990408,26.599788,0.000000,1.000000,0.00068538,0.0000,18.60
121,5.902783,0.999554,0.054054,0.991607,26.879066,0.000000,1.000000,0.00068035,0.0000,18.48
122,5.857431,0.999405,0.035632,0.992806,27.889078,0.000000,1.000000,0.00067529,0.0000,18.54
123,5.789356,0.999554,0.041012,0.994005,28.293157,0.000000,1.000000,0.00067021,0.0000,18.21
124,5.723380,0.999405,0.047666,0.992806,27.641627,0.000000,1.000000,0.00066511,0.0000,18.20
125,5.628593,0.999554,0.041065,0.992806,28.280156,0.000000,1.000000,0.00065999,0.0000,18.20
126,5.646683,0.999702,0.060386,0.994005,26.746035,0.000000,1.000000,0.00065485,0.0000,18.12
127,5.521497,0.999405,0.042522,0.992806,27.772372,0.000000,1.000000,0.00064970,0.0000,18.26
128,5.534999,0.998661,0.044530,0.991607,28.583227,0.000000,1.000000,0.00064453,0.0000,18.41
129,5.444274,0.999851,0.044442,0.992806,26.723681,0.000000,1.000000,0.00063934,0.0000,18.40
130,5.433001,0.999702,0.040412,0.994005,27.412123,0.000000,1.000000,0.00063413,0.0000,18.40
131,5.275457,0.999554,0.047964,0.992806,27.595217,0.000000,1.000000,0.00062891,0.0000,18.14
132,5.350613,0.999554,0.041469,0.996403,27.948289,0.000000,1.000000,0.00062367,0.0000,18.33
133,5.276204,0.999554,0.037957,0.994005,28.378038,0.000000,1.000000,0.00061842,0.0000,18.12
134,5.218931,0.999554,0.056582,0.992806,28.327744,0.000000,1.000000,0.00061316,0.0000,18.12
135,5.310009,0.999405,0.045777,0.992806,27.326208,0.000000,1.000000,0.00060788,0.0000,18.23
136,5.141691,0.999702,0.055293,0.996403,28.325383,0.000000,1.000000,0.00060259,0.0000,18.36
137,5.096928,0.999107,0.057486,0.992806,27.337625,0.000000,1.000000,0.00059728,0.0000,18.16
138,5.065000,0.999405,0.031790,0.996403,28.431239,0.000000,1.000000,0.00059197,0.0000,18.14
139,5.027192,0.999851,0.055377,0.995204,28.629965,0.000000,1.000000,0.00058665,0.0000,18.47
140,4.922436,0.999702,0.071421,0.991607,26.960054,0.000000,1.000000,0.00058131,0.0000,18.39
141,5.001415,0.999851,0.048269,0.991607,28.412187,0.000000,1.000000,0.00057597,0.0000,18.24
142,4.904455,0.999702,0.041812,0.994005,29.245805,0.000000,1.000000,0.00057061,0.0000,18.52
143,4.742140,0.999702,0.038688,0.995204,29.050645,0.000000,1.000000,0.00056525,0.0000,18.16
144,4.844950,0.999851,0.026111,0.994005,28.837524,0.000000,1.000000,0.00055988,0.0000,18.60
145,4.682776,0.999702,0.041244,0.992806,29.670220,0.000000,1.000000,0.00055451,0.0000,18.38
146,4.773375,0.999702,0.030149,0.995204,29.322683,0.000000,1.000000,0.00054912,0.0000,18.38
147,4.625340,0.999851,0.032585,0.994005,29.537895,0.000000,1.000000,0.00054373,0.0000,18.14
148,4.542456,0.999851,0.034451,0.995204,29.375457,0.000000,1.000000,0.00053834,0.0000,18.46
149,4.524410,0.999851,0.021178,0.996403,29.225590,0.000000,1.000000,0.00053294,0.0000,18.38
150,4.501166,0.999702,0.021344,0.997602,29.413933,0.000000,1.000000,0.00052754,0.0000,18.38
151,4.480508,0.999851,0.034634,0.995204,29.982359,0.000000,1.000000,0.00052214,0.0000,18.45
152,4.493985,0.999851,0.021336,0.997602,29.589988,0.000000,1.000000,0.00051673,0.0000,18.51
153,4.307000,0.999851,0.040604,0.992806,29.054908,0.000000,1.000000,0.00051132,0.0000,18.45
154,4.362451,0.999851,0.031098,0.994005,29.831900,0.000000,1.000000,0.00050591,0.0000,18.57
155,4.302489,0.999851,0.028258,0.995204,30.086891,0.000000,1.000000,0.00050050,0.0000,18.43
156,4.256766,0.999702,0.052461,0.995204,28.622170,0.000000,1.000000,0.00049509,0.0000,18.47
157,4.257689,0.999702,0.029895,0.995204,29.415749,0.000000,1.000000,0.00048968,0.0000,18.55
158,4.097863,0.999851,0.043726,0.996403,30.193814,0.000000,1.000000,0.00048427,0.0000,17.99
159,4.257040,0.999702,0.021536,0.995204,30.302262,0.000000,1.000000,0.00047886,0.0000,18.29
160,4.271790,0.999851,0.032074,0.996403,30.265764,0.000000,1.000000,0.00047346,0.0000,18.66
161,4.098097,0.999851,0.021467,0.995204,30.130836,0.000000,1.000000,0.00046806,0.0000,18.34
162,4.086696,0.999851,0.028039,0.995204,30.313079,0.000000,1.000000,0.00046266,0.0000,18.22
163,3.985059,0.999851,0.039090,0.995204,30.088557,0.000000,1.000000,0.00045727,0.0000,18.27
164,3.934507,0.999851,0.023868,0.996403,30.562470,0.000000,1.000000,0.00045188,0.0000,18.46
165,4.072677,1.000000,0.022292,0.995204,30.195181,0.000000,1.000000,0.00044649,0.0000,18.82
166,3.867944,0.999851,0.028634,0.996403,30.234782,0.000000,1.000000,0.00044112,0.0000,18.73
167,3.882489,0.999702,0.038531,0.996403,29.864656,0.000000,1.000000,0.00043575,0.0000,18.58
168,3.878046,0.999851,0.022441,0.995204,30.466887,0.000000,1.000000,0.00043039,0.0000,18.34
169,3.897701,0.999702,0.021848,0.996403,30.677433,0.000000,1.000000,0.00042503,0.0000,18.14
170,3.840711,0.999702,0.034272,0.995204,29.882431,0.000000,1.000000,0.00041969,0.0000,18.11
171,3.719644,0.999851,0.024322,0.995204,30.528367,0.000000,1.000000,0.00041435,0.0000,18.07
172,3.736190,1.000000,0.033625,0.994005,30.300909,0.000000,1.000000,0.00040903,0.0000,18.48
173,3.699206,0.999851,0.045115,0.992806,30.516595,0.000000,1.000000,0.00040372,0.0000,18.30
174,3.604081,0.999851,0.024446,0.994005,30.187810,0.000000,1.000000,0.00039841,0.0000,18.22
175,3.677956,1.000000,0.045437,0.994005,29.226363,0.000000,1.000000,0.00039312,0.0000,18.07
176,3.669130,0.999851,0.031844,0.995204,30.868197,0.000000,1.000000,0.00038784,0.0000,18.27
177,3.604263,0.999851,0.028302,0.995204,30.879869,0.000000,1.000000,0.00038258,0.0000,18.16
178,3.587903,0.999702,0.032687,0.994005,31.285226,0.000000,1.000000,0.00037733,0.0000,18.34
179,3.534663,1.000000,0.030121,0.994005,31.020638,0.000000,1.000000,0.00037209,0.0000,17.91
180,3.518256,0.999851,0.031655,0.996403,31.128920,0.000000,1.000000,0.00036687,0.0000,18.19
181,3.485469,0.999851,0.023435,0.995204,31.253872,0.000000,1.000000,0.00036166,0.0000,18.30
182,3.407500,0.999851,0.028992,0.996403,30.729730,0.000000,1.000000,0.00035647,0.0000,18.46
183,3.378486,0.999851,0.022122,0.996403,30.760395,0.000000,1.000000,0.00035130,0.0000,18.02
184,3.359359,0.999851,0.026368,0.995204,30.938326,0.000000,1.000000,0.00034615,0.0000,18.56
185,3.362237,0.999702,0.036548,0.994005,30.639816,0.000000,1.000000,0.00034101,0.0000,18.14
186,3.293922,1.000000,0.026579,0.995204,31.196629,0.000000,1.000000,0.00033589,0.0000,18.02
187,3.289796,0.999702,0.028946,0.995204,31.256789,0.000000,1.000000,0.00033079,0.0000,18.45
188,3.286932,1.000000,0.032062,0.992806,30.989804,0.000000,1.000000,0.00032571,0.0000,18.54
189,3.287402,1.000000,0.022670,0.996403,30.687316,0.000000,1.000000,0.00032065,0.0000,18.17
190,3.196147,1.000000,0.014082,0.996403,31.717114,0.000000,1.000000,0.00031562,0.0000,18.31
191,3.275227,0.999702,0.019904,0.995204,31.390044,0.000000,1.000000,0.00031060,0.0000,18.04
192,3.183780,0.999851,0.017522,0.996403,31.823251,0.000000,1.000000,0.00030561,0.0000,17.99
193,3.134238,1.000000,0.009833,0.996403,31.522841,0.000000,1.000000,0.00030064,0.0000,18.02
194,3.213691,0.999851,0.022609,0.996403,31.783642,0.000000,1.000000,0.00029569,0.0000,18.43
195,3.068444,1.000000,0.026767,0.996403,31.894843,0.000000,1.000000,0.00029077,0.0000,18.21
196,3.033634,0.999851,0.024765,0.995204,31.661605,0.000000,1.000000,0.00028587,0.0000,18.48
197,3.122886,1.000000,0.025935,0.995204,31.603718,0.000000,1.000000,0.00028099,0.0000,18.21
198,3.032561,0.999851,0.015444,0.996403,31.732271,0.000000,1.000000,0.00027615,0.0000,18.36
199,3.009505,0.999851,0.023983,0.995204,31.794460,0.000000,1.000000,0.00027132,0.0000,18.62
200,3.023609,0.999851,0.019838,0.996403,31.839543,0.000000,1.000000,0.00026653,0.0000,18.28
201,3.064483,0.999851,0.026680,0.995204,31.554432,0.000000,1.000000,0.00026176,0.0000,18.45
202,2.927391,0.999851,0.017637,0.996403,32.134425,0.000000,1.000000,0.00025702,0.0000,18.25
203,2.852128,1.000000,0.019742,0.996403,31.659122,0.000000,1.000000,0.00025231,0.0000,18.12
204,2.875820,0.999702,0.023420,0.996403,31.978157,0.000000,1.000000,0.00024763,0.0000,18.38
205,2.918710,1.000000,0.016148,0.995204,32.001211,0.000000,1.000000,0.00024298,0.0000,18.15
206,2.761514,0.999851,0.025329,0.995204,32.047537,0.000000,1.000000,0.00023836,0.0000,18.45
207,2.874610,1.000000,0.021203,0.996403,32.345480,0.000000,1.000000,0.00023377,0.0000,18.19
208,2.795000,0.999702,0.032147,0.994005,32.249632,0.000000,1.000000,0.00022921,0.0000,18.23
209,2.828700,0.999851,0.016212,0.997602,32.166713,0.000000,1.000000,0.00022468,0.0000,18.18
210,2.775792,0.999851,0.019110,0.997602,32.316157,0.000000,1.000000,0.00022019,0.0000,17.98
211,2.713646,0.999851,0.018120,0.996403,32.416415,0.000000,1.000000,0.00021572,0.0000,18.35
212,2.730415,0.999851,0.022633,0.996403,32.515461,0.000000,1.000000,0.00021130,0.0000,17.77
213,2.763448,1.000000,0.013519,0.996403,32.419003,0.000000,1.000000,0.00020690,0.0000,18.14
214,2.774389,1.000000,0.022049,0.996403,32.534736,0.000000,1.000000,0.00020254,0.0000,18.29
215,2.653973,1.000000,0.024916,0.994005,32.115996,0.000000,1.000000,0.00019822,0.0000,17.92
216,2.642455,1.000000,0.028600,0.995204,32.476948,0.000000,1.000000,0.00019393,0.0000,18.14
217,2.566734,0.999851,0.016103,0.997602,32.706950,0.000000,1.000000,0.00018967,0.0000,18.07
218,2.589055,1.000000,0.020384,0.995204,32.400625,0.000000,1.000000,0.00018545,0.0000,18.40
219,2.585793,0.999851,0.020122,0.996403,32.643872,0.000000,1.000000,0.00018127,0.0000,18.42
220,2.621395,1.000000,0.015067,0.996403,32.549661,0.000000,1.000000,0.00017713,0.0000,18.32
221,2.604747,1.000000,0.028576,0.995204,32.530713,0.000000,1.000000,0.00017303,0.0000,18.11
222,2.556767,0.999851,0.016857,0.996403,32.793446,0.000000,1.000000,0.00016896,0.0000,18.21
223,2.506201,1.000000,0.017113,0.995204,32.895143,0.000000,1.000000,0.00016493,0.0000,18.10
224,2.594109,1.000000,0.022492,0.995204,32.873559,0.000000,1.000000,0.00016094,0.0000,17.85
225,2.508210,0.999851,0.014462,0.997602,32.660959,0.000000,1.000000,0.00015699,0.0000,18.23
226,2.587621,1.000000,0.020153,0.996403,32.577189,0.000000,1.000000,0.00015309,0.0000,18.62
227,2.493021,0.999851,0.026320,0.995204,32.735526,0.000000,1.000000,0.00014922,0.0000,18.10
228,2.464306,1.000000,0.018064,0.996403,32.598270,0.000000,1.000000,0.00014539,0.0000,18.30
229,2.431146,1.000000,0.019929,0.995204,32.714965,0.000000,1.000000,0.00014161,0.0000,18.21
230,2.433901,1.000000,0.023221,0.995204,33.016045,0.000000,1.000000,0.00013787,0.0000,18.13
231,2.347672,1.000000,0.018166,0.995204,32.966516,0.000000,1.000000,0.00013417,0.0000,18.24
232,2.441779,1.000000,0.019107,0.995204,32.939452,0.000000,1.000000,0.00013051,0.0000,18.45
233,2.322602,1.000000,0.022503,0.995204,33.116049,0.000000,1.000000,0.00012690,0.0000,18.34
234,2.449876,1.000000,0.018165,0.995204,33.085027,0.000000,1.000000,0.00012333,0.0000,18.15
235,2.345244,0.999851,0.013548,0.996403,33.179565,0.000000,1.000000,0.00011980,0.0000,18.49
236,2.294572,1.000000,0.016267,0.997602,33.054791,0.000000,1.000000,0.00011632,0.0000,18.33
237,2.327114,1.000000,0.021582,0.995204,33.028423,0.000000,1.000000,0.00011288,0.0000,18.39
238,2.258991,1.000000,0.022203,0.996403,32.916637,0.000000,1.000000,0.00010949,0.0000,18.46
239,2.239100,0.999851,0.019472,0.995204,33.120934,0.000000,1.000000,0.00010615,0.0000,18.10
240,2.311609,1.000000,0.017922,0.996403,33.259730,0.000000,1.000000,0.00010285,0.0000,18.45
241,2.231815,1.000000,0.012140,0.995204,33.138770,0.000000,1.000000,0.00009960,0.0000,18.24
242,2.245808,1.000000,0.010934,0.996403,33.219884,0.000000,1.000000,0.00009640,0.0000,18.02
243,2.317136,1.000000,0.011951,0.996403,33.081173,0.000000,1.000000,0.00009324,0.0000,18.35
244,2.218044,1.000000,0.014797,0.996403,33.159921,0.000000,1.000000,0.00009013,0.0000,18.41
245,2.275297,1.000000,0.018688,0.995204,33.262975,0.000000,1.000000,0.00008707,0.0000,18.51
246,2.204782,1.000000,0.018649,0.995204,33.249448,0.000000,1.000000,0.00008406,0.0000,18.12
247,2.167763,0.999851,0.017652,0.996403,33.233673,0.000000,1.000000,0.00008109,0.0000,18.35
248,2.211555,1.000000,0.014659,0.995204,33.328218,0.000000,1.000000,0.00007818,0.0000,18.19
249,2.236128,1.000000,0.018678,0.995204,33.312421,0.000000,1.000000,0.00007531,0.0000,18.18
250,2.079556,0.999702,0.014395,0.996403,33.381871,0.000000,1.000000,0.00007250,0.0000,18.60
251,2.088422,1.000000,0.012303,0.996403,33.328523,0.000000,1.000000,0.00006974,0.0000,18.11
252,2.108558,0.999851,0.015565,0.996403,33.264561,0.000000,1.000000,0.00006702,0.0000,18.12
253,2.123212,0.999851,0.014817,0.995204,33.428718,0.000000,1.000000,0.00006436,0.0000,18.41
254,2.104673,0.999851,0.017284,0.995204,33.299022,0.000000,1.000000,0.00006175,0.0000,18.56
255,2.196903,0.999851,0.014696,0.995204,33.485908,0.000000,1.000000,0.00005919,0.0000,18.38
256,2.196001,1.000000,0.013891,0.995204,33.417372,0.000000,1.000000,0.00005668,0.0000,18.37
257,2.143156,1.000000,0.015811,0.996403,33.517084,0.000000,1.000000,0.00005422,0.0000,18.28
258,2.133789,1.000000,0.017481,0.995204,33.481969,0.000000,1.000000,0.00005182,0.0000,18.37
259,2.066177,1.000000,0.016886,0.995204,33.484308,0.000000,1.000000,0.00004946,0.0000,18.33
260,2.109547,1.000000,0.018764,0.995204,33.475243,0.000000,1.000000,0.00004717,0.0000,18.50
261,2.054144,1.000000,0.013526,0.997602,33.523410,0.000000,1.000000,0.00004492,0.0000,18.41
262,2.071740,1.000000,0.013685,0.995204,33.568629,0.000000,1.000000,0.00004273,0.0000,18.20
263,2.093431,0.999851,0.012150,0.997602,33.566753,0.000000,1.000000,0.00004059,0.0000,18.30
264,2.072622,1.000000,0.013635,0.996403,33.528988,0.000000,1.000000,0.00003851,0.0000,18.59
265,2.113633,1.000000,0.012588,0.995204,33.503053,0.000000,1.000000,0.00003648,0.0000,18.17
266,1.956006,1.000000,0.014454,0.996403,33.585591,0.000000,1.000000,0.00003450,0.0000,18.40
267,2.053343,1.000000,0.013580,0.995204,33.517744,0.000000,1.000000,0.00003258,0.0000,18.44
268,2.103028,1.000000,0.016545,0.995204,33.502361,0.000000,1.000000,0.00003071,0.0000,18.64
269,2.026705,1.000000,0.015568,0.995204,33.562759,0.000000,1.000000,0.00002890,0.0000,18.35
270,2.043581,1.000000,0.015145,0.996403,33.579191,0.000000,1.000000,0.00002715,0.0000,18.20
271,2.020011,0.999851,0.013279,0.995204,33.557940,0.000000,1.000000,0.00002545,0.0000,18.15
272,2.024772,1.000000,0.016673,0.996403,33.574900,0.000000,1.000000,0.00002380,0.0000,18.25
273,2.005365,1.000000,0.016402,0.995204,33.635055,0.000000,1.000000,0.00002221,0.0000,18.14
274,1.952362,1.000000,0.017138,0.996403,33.642032,0.000000,1.000000,0.00002068,0.0000,18.26
275,2.040065,1.000000,0.016409,0.995204,33.585614,0.000000,1.000000,0.00001921,0.0000,18.20
276,2.051059,1.000000,0.017347,0.995204,33.589755,0.000000,1.000000,0.00001779,0.0000,18.38
277,2.041125,1.000000,0.015718,0.995204,33.619650,0.000000,1.000000,0.00001642,0.0000,18.18
278,1.990705,1.000000,0.016460,0.995204,33.565526,0.000000,1.000000,0.00001512,0.0000,18.73
279,1.958236,1.000000,0.017994,0.995204,33.604564,0.000000,1.000000,0.00001387,0.0000,18.02
280,1.999708,1.000000,0.014556,0.996403,33.688443,0.000000,1.000000,0.00001268,0.0000,18.50
281,1.948709,1.000000,0.013976,0.996403,33.667355,0.000000,1.000000,0.00001154,0.0000,18.69
282,2.003599,1.000000,0.016537,0.995204,33.660236,0.000000,1.000000,0.00001047,0.0000,18.12
283,1.990461,1.000000,0.013945,0.996403,33.668601,0.000000,1.000000,0.00000945,0.0000,17.98
284,1.905631,1.000000,0.015498,0.996403,33.617423,0.000000,1.000000,0.00000848,0.0000,18.26
285,1.920582,1.000000,0.014548,0.996403,33.656112,0.000000,1.000000,0.00000758,0.0000,18.15
286,1.857573,1.000000,0.013797,0.996403,33.667430,0.000000,1.000000,0.00000673,0.0000,18.12
287,1.947229,1.000000,0.014952,0.996403,33.699438,0.000000,1.000000,0.00000595,0.0000,18.49
288,1.984053,1.000000,0.013003,0.997602,33.665986,0.000000,1.000000,0.00000521,0.0000,18.13
289,1.962942,1.000000,0.014027,0.995204,33.701589,0.000000,1.000000,0.00000454,0.0000,18.54
290,1.927293,1.000000,0.015552,0.996403,33.695268,0.000000,1.000000,0.00000393,0.0000,18.17
291,2.025830,1.000000,0.013768,0.996403,33.690546,0.000000,1.000000,0.00000337,0.0000,18.12
292,1.960768,1.000000,0.016004,0.996403,33.670469,0.000000,1.000000,0.00000287,0.0000,18.13
293,1.949054,1.000000,0.015397,0.996403,33.696368,0.000000,1.000000,0.00000244,0.0000,18.28
294,1.908553,1.000000,0.014289,0.995204,33.669420,0.000000,1.000000,0.00000205,0.0000,18.40
295,1.835345,0.999851,0.015569,0.996403,33.667572,0.000000,1.000000,0.00000173,0.0000,18.51
296,2.013083,1.000000,0.014665,0.995204,33.703303,0.000000,1.000000,0.00000147,0.0000,18.34
297,1.941178,1.000000,0.013840,0.995204,33.703182,0.000000,1.000000,0.00000126,0.0000,18.22
298,1.901019,1.000000,0.015550,0.996403,33.673941,0.000000,1.000000,0.00000112,0.0000,18.34
299,1.931607,1.000000,0.014823,0.996403,33.681166,0.000000,1.000000,0.00000103,0.0000,18.52
300,2.015464,0.999851,0.016240,0.996403,33.735284,0.000000,1.000000,0.00000100,0.0000,18.34
