epoch,train_loss,train_ce,train_kd,train_center,train_relation,train_embedding,train_logit_kd,train_topk,train_margin,train_anchor,train_teacher1_kd,train_teacher2_kd,teacher2_active,train_tdl,train_contrast,train_topkd,train_tckd,train_nckd,hard_ratio,avg_true_rank,train_acc,val_loss,val_acc,lr,time_s,val_true_class_margin
0,,,,,,,,,,,,,,,,,,,,,,6.758938,0.0024,,,-0.864837
1,7.732139,6.967852,0.764286,30.337533,0.340309,0.999436,0.0,0.0,0.0,0.0,0.0,0.0,0.0,0.0,0.0,0.0,0.0,0.0,0.0,0.0,0.0009,6.76262,0.0024,0.00010095,64.3,-0.939992
2,8.314812,6.815717,1.499095,29.746191,0.352232,1.002463,0.0,0.0,0.0,0.0,0.0,0.0,0.0,0.0,0.0,0.0,0.0,0.0,0.0,0.0,0.0015,6.731729,0.0024,0.00020095,32.7,-0.463137
3,9.012381,6.772515,2.239866,29.627179,0.369675,1.003662,0.0,0.0,0.0,0.0,0.0,0.0,0.0,0.0,0.0,0.0,0.0,0.0,0.0,0.0,0.0013,6.72253,0.0012,0.00030095,32.9,-0.334836
4,9.729143,6.758725,2.970418,29.466992,0.369976,1.00097,0.0,0.0,0.0,0.0,0.0,0.0,0.0,0.0,0.0,0.0,0.0,0.0,0.0,0.0,0.0012,6.712466,0.0024,0.00040095,32.4,-0.284008
5,10.423911,6.744671,3.67924,29.200437,0.347192,0.993806,0.0,0.0,0.0,0.0,0.0,0.0,0.0,0.0,0.0,0.0,0.0,0.0,0.0,0.0,0.0007,6.684321,0.0024,0.00050095,32.4,-0.658699
6,11.090341,6.711137,4.379204,28.966474,0.3113,0.985444,0.0,0.0,0.0,0.0,0.0,0.0,0.0,0.0,0.0,0.0,0.0,0.0,0.0,0.0,0.0018,6.638591,0.0024,0.00060095,32.3,-0.955307
7,11.661016,6.616862,5.044154,28.60199,0.268609,0.974435,0.0,0.0,0.0,0.0,0.0,0.0,0.0,0.0,0.0,0.0,0.0,0.0,0.0,0.0,0.0016,6.263788,0.0144,0.00070095,32.9,-1.127648
8,12.132753,6.441604,5.691149,28.24086,0.227284,0.960786,0.0,0.0,0.0,0.0,0.0,0.0,0.0,0.0,0.0,0.0,0.0,0.0,0.0,0.0,0.0042,6.188527,0.0084,0.00080095,32.1,-2.277175
9,12.523192,6.204349,6.318843,27.875219,0.189392,0.947938,0.0,0.0,0.0,0.0,0.0,0.0,0.0,0.0,0.0,0.0,0.0,0.0,0.0,0.0,0.0063,6.796355,0.0072,0.00090095,32.2,-3.359099
10,12.913321,5.978923,6.934398,27.535633,0.150324,0.934635,0.0,0.0,0.0,0.0,0.0,0.0,0.0,0.0,0.0,0.0,0.0,0.0,0.0,0.0,0.0129,5.047341,0.0659,0.001,32.4,-1.101494
11,13.303487,5.764249,7.539237,27.218141,0.126167,0.923254,0.0,0.0,0.0,0.0,0.0,0.0,0.0,0.0,0.0,0.0,0.0,0.0,0.0,0.0,0.0238,5.085994,0.042,0.00099997,32.2,-1.526945
12,13.704542,5.575473,8.129069,26.903127,0.110668,0.913499,0.0,0.0,0.0,0.0,0.0,0.0,0.0,0.0,0.0,0.0,0.0,0.0,0.0,0.0,0.0378,4.879094,0.0612,0.00099988,32.8,-1.760732
13,14.178284,5.437245,8.741039,26.704113,0.101108,0.906408,0.0,0.0,0.0,0.0,0.0,0.0,0.0,0.0,0.0,0.0,0.0,0.0,0.0,0.0,0.057,4.531227,0.0995,0.00099974,32.2,-1.375915
14,14.573694,5.271326,9.302369,26.389421,0.092744,0.897508,0.0,0.0,0.0,0.0,0.0,0.0,0.0,0.0,0.0,0.0,0.0,0.0,0.0,0.0,0.0818,4.850994,0.0707,0.00099953,32.3,-1.871864
15,14.989818,5.127267,9.862551,26.113256,0.088214,0.890293,0.0,0.0,0.0,0.0,0.0,0.0,0.0,0.0,0.0,0.0,0.0,0.0,0.0,0.0,0.1153,3.97313,0.1918,0.00099927,32.1,-0.803971
16,15.455015,5.012029,10.442987,25.922184,0.08508,0.883873,0.0,0.0,0.0,0.0,0.0,0.0,0.0,0.0,0.0,0.0,0.0,0.0,0.0,0.0,0.1424,3.636603,0.2518,0.00099895,32.4,-0.730554
17,15.824937,4.866234,10.958704,25.60189,0.081511,0.875713,0.0,0.0,0.0,0.0,0.0,0.0,0.0,0.0,0.0,0.0,0.0,0.0,0.0,0.0,0.1955,3.89757,0.1583,0.00099856,32.7,-1.200327
18,16.227578,4.747256,11.480322,25.330643,0.076552,0.867649,0.0,0.0,0.0,0.0,0.0,0.0,0.0,0.0,0.0,0.0,0.0,0.0,0.0,0.0,0.2269,3.323754,0.3177,0.00099813,32.6,-0.576609
19,16.618404,4.622611,11.995793,25.074447,0.077466,0.860545,0.0,0.0,0.0,0.0,0.0,0.0,0.0,0.0,0.0,0.0,0.0,0.0,0.0,0.0,0.2701,3.438886,0.2338,0.00099763,32.0,-0.967366
20,16.94919,4.464123,12.485067,24.792104,0.074349,0.852979,0.0,0.0,0.0,0.0,0.0,0.0,0.0,0.0,0.0,0.0,0.0,0.0,0.0,0.0,0.3368,3.08709,0.3213,0.00099707,32.4,-0.638
21,16.638974,4.317229,12.321745,24.467476,0.070345,0.844898,0.0,0.0,0.0,0.0,0.0,0.0,0.0,0.0,0.0,0.0,0.0,0.0,0.0,0.0,0.3897,2.919791,0.4053,0.00099646,32.2,-0.371828
22,16.435706,4.225938,12.209768,24.24461,0.071058,0.839098,0.0,0.0,0.0,0.0,0.0,0.0,0.0,0.0,0.0,0.0,0.0,0.0,0.0,0.0,0.4164,2.593879,0.5036,0.00099579,32.5,-0.047951
23,16.177128,4.104797,12.072331,23.971194,0.069572,0.83256,0.0,0.0,0.0,0.0,0.0,0.0,0.0,0.0,0.0,0.0,0.0,0.0,0.0,0.0,0.4784,3.023793,0.3669,0.00099505,32.2,-0.583999
24,15.928973,3.984893,11.94408,23.716046,0.068428,0.826353,0.0,0.0,0.0,0.0,0.0,0.0,0.0,0.0,0.0,0.0,0.0,0.0,0.0,0.0,0.5278,2.97399,0.3213,0.00099427,32.3,-0.744685
25,15.692453,3.885083,11.80737,23.444015,0.067784,0.819731,0.0,0.0,0.0,0.0,0.0,0.0,0.0,0.0,0.0,0.0,0.0,0.0,0.0,0.0,0.5658,2.667824,0.4269,0.00099342,32.1,-0.379375
26,15.444557,3.772381,11.672175,23.174967,0.066642,0.813593,0.0,0.0,0.0,0.0,0.0,0.0,0.0,0.0,0.0,0.0,0.0,0.0,0.0,0.0,0.6131,1.957315,0.6703,0.00099252,32.0,0.462242
27,15.19313,3.670662,11.522468,22.877095,0.064873,0.806771,0.0,0.0,0.0,0.0,0.0,0.0,0.0,0.0,0.0,0.0,0.0,0.0,0.0,0.0,0.6562,2.054816,0.6835,0.00099155,32.1,0.578755
28,14.995758,3.586799,11.408959,22.651207,0.064006,0.801553,0.0,0.0,0.0,0.0,0.0,0.0,0.0,0.0,0.0,0.0,0.0,0.0,0.0,0.0,0.6937,2.075728,0.6619,0.00099053,32.4,0.52052
29,14.750036,3.482999,11.267037,22.368685,0.063635,0.795132,0.0,0.0,0.0,0.0,0.0,0.0,0.0,0.0,0.0,0.0,0.0,0.0,0.0,0.0,0.7241,1.623794,0.741,0.00098946,32.1,0.926693
30,14.539614,3.420092,11.119523,22.075,0.062503,0.788974,0.0,0.0,0.0,0.0,0.0,0.0,0.0,0.0,0.0,0.0,0.0,0.0,0.0,0.0,0.7451,1.737931,0.7206,0.00098832,32.5,0.788608
31,14.410207,3.357222,11.052985,21.942772,0.060928,0.785526,0.0,0.0,0.0,0.0,0.0,0.0,0.0,0.0,0.0,0.0,0.0,0.0,0.0,0.0,0.7747,1.637955,0.7854,0.00098713,32.3,1.077502
32,14.197749,3.291689,10.906061,21.650202,0.060008,0.779589,0.0,0.0,0.0,0.0,0.0,0.0,0.0,0.0,0.0,0.0,0.0,0.0,0.0,0.0,0.7933,1.247612,0.8657,0.00098588,32.5,1.587697
33,13.940264,3.201488,10.738776,21.317035,0.059101,0.773031,0.0,0.0,0.0,0.0,0.0,0.0,0.0,0.0,0.0,0.0,0.0,0.0,0.0,0.0,0.8305,1.287824,0.8681,0.00098458,32.4,1.466329
34,13.852583,3.184137,10.668447,21.177,0.058668,0.770134,0.0,0.0,0.0,0.0,0.0,0.0,0.0,0.0,0.0,0.0,0.0,0.0,0.0,0.0,0.8295,1.772105,0.7206,0.00098321,32.1,0.790798
35,13.540507,3.084122,10.456386,20.754503,0.057847,0.762422,0.0,0.0,0.0,0.0,0.0,0.0,0.0,0.0,0.0,0.0,0.0,0.0,0.0,0.0,0.8716,1.295522,0.8489,0.00098179,32.1,1.571407
36,13.412035,3.047352,10.364683,20.572063,0.056774,0.758125,0.0,0.0,0.0,0.0,0.0,0.0,0.0,0.0,0.0,0.0,0.0,0.0,0.0,0.0,0.8734,1.183684,0.8729,0.00098032,32.1,1.655559
37,13.254339,3.002862,10.251478,20.346604,0.056272,0.75362,0.0,0.0,0.0,0.0,0.0,0.0,0.0,0.0,0.0,0.0,0.0,0.0,0.0,0.0,0.8859,0.943152,0.9293,0.00097879,32.0,2.14975
38,12.998335,2.937505,10.06083,19.966616,0.055634,0.747407,0.0,0.0,0.0,0.0,0.0,0.0,0.0,0.0,0.0,0.0,0.0,0.0,0.0,0.0,0.9107,0.893461,0.9269,0.0009772,32.3,2.194866
39,12.887654,2.906232,9.981422,19.808536,0.055266,0.74391,0.0,0.0,0.0,0.0,0.0,0.0,0.0,0.0,0.0,0.0,0.0,0.0,0.0,0.0,0.9177,1.081966,0.8933,0.00097555,32.1,1.807761
40,12.741394,2.878826,9.862568,19.571803,0.054931,0.739204,0.0,0.0,0.0,0.0,0.0,0.0,0.0,0.0,0.0,0.0,0.0,0.0,0.0,0.0,0.9214,0.818995,0.9329,0.00097385,32.4,2.294634
41,12.584053,2.85618,9.727873,19.303392,0.054698,0.734421,0.0,0.0,0.0,0.0,0.0,0.0,0.0,0.0,0.0,0.0,0.0,0.0,0.0,0.0,0.9296,0.933262,0.9125,0.0009721,32.0,2.021777
42,12.379293,2.798589,9.580704,19.010097,0.053176,0.729972,0.0,0.0,0.0,0.0,0.0,0.0,0.0,0.0,0.0,0.0,0.0,0.0,0.0,0.0,0.9466,1.168866,0.8741,0.00097029,32.4,1.72653
43,12.275359,2.797008,9.478351,18.806166,0.05369,0.725836,0.0,0.0,0.0,0.0,0.0,0.0,0.0,0.0,0.0,0.0,0.0,0.0,0.0,0.0,0.9445,0.813812,0.9424,0.00096842,31.9,2.433916
44,12.092254,2.757348,9.334906,18.520342,0.053143,0.720781,0.0,0.0,0.0,0.0,0.0,0.0,0.0,0.0,0.0,0.0,0.0,0.0,0.0,0.0,0.9519,0.95022,0.9221,0.0009665,31.8,2.076715
45,11.941919,2.735497,9.206422,18.264142,0.053446,0.716789,0.0,0.0,0.0,0.0,0.0,0.0,0.0,0.0,0.0,0.0,0.0,0.0,0.0,0.0,0.9531,0.936634,0.9209,0.00096452,32.4,2.095876
46,11.828383,2.718725,9.109658,18.07167,0.051128,0.712668,0.0,0.0,0.0,0.0,0.0,0.0,0.0,0.0,0.0,0.0,0.0,0.0,0.0,0.0,0.9597,1.06838,0.9197,0.00096249,32.1,1.86684
47,11.686713,2.690918,8.995795,17.844657,0.051636,0.708848,0.0,0.0,0.0,0.0,0.0,0.0,0.0,0.0,0.0,0.0,0.0,0.0,0.0,0.0,0.9662,0.777953,0.9412,0.00096041,32.3,2.38681
48,11.598676,2.692334,8.906342,17.666342,0.052854,0.705281,0.0,0.0,0.0,0.0,0.0,0.0,0.0,0.0,0.0,0.0,0.0,0.0,0.0,0.0,0.9637,0.725608,0.9532,0.00095827,32.3,2.599871
49,11.402887,2.658427,8.74446,17.343645,0.051145,0.7008,0.0,0.0,0.0,0.0,0.0,0.0,0.0,0.0,0.0,0.0,0.0,0.0,0.0,0.0,0.9671,0.684208,0.9556,0.00095608,32.4,2.690107
50,11.325299,2.647733,8.677565,17.210406,0.051669,0.69779,0.0,0.0,0.0,0.0,0.0,0.0,0.0,0.0,0.0,0.0,0.0,0.0,0.0,0.0,0.9743,0.760726,0.958,0.00095383,32.3,2.656982
51,11.125347,2.626713,8.498635,16.853624,0.051015,0.69272,0.0,0.0,0.0,0.0,0.0,0.0,0.0,0.0,0.0,0.0,0.0,0.0,0.0,0.0,0.9716,0.772067,0.9628,0.00095154,32.0,2.612787
52,10.975764,2.605431,8.370333,16.597866,0.050741,0.688632,0.0,0.0,0.0,0.0,0.0,0.0,0.0,0.0,0.0,0.0,0.0,0.0,0.0,0.0,0.9777,0.649745,0.9628,0.00094918,32.1,2.796757
53,10.857521,2.598072,8.259449,16.376943,0.049858,0.684843,0.0,0.0,0.0,0.0,0.0,0.0,0.0,0.0,0.0,0.0,0.0,0.0,0.0,0.0,0.9775,0.874828,0.94,0.00094678,32.2,2.292035
54,10.753552,2.591921,8.161631,16.181871,0.050416,0.681753,0.0,0.0,0.0,0.0,0.0,0.0,0.0,0.0,0.0,0.0,0.0,0.0,0.0,0.0,0.983,0.740279,0.97,0.00094432,32.0,2.793971
55,10.585613,2.570718,8.014895,15.889335,0.050104,0.677228,0.0,0.0,0.0,0.0,0.0,0.0,0.0,0.0,0.0,0.0,0.0,0.0,0.0,0.0,0.985,0.804266,0.9341,0.00094181,32.6,2.405086
56,10.49682,2.565776,7.931045,15.722169,0.050314,0.674443,0.0,0.0,0.0,0.0,0.0,0.0,0.0,0.0,0.0,0.0,0.0,0.0,0.0,0.0,0.9817,0.82501,0.9365,0.00093925,32.3,2.374153
57,10.334384,2.547461,7.786922,15.434938,0.049726,0.669671,0.0,0.0,0.0,0.0,0.0,0.0,0.0,0.0,0.0,0.0,0.0,0.0,0.0,0.0,0.985,0.669301,0.9736,0.00093664,32.2,2.959027
58,10.248322,2.541142,7.707181,15.275946,0.049391,0.667379,0.0,0.0,0.0,0.0,0.0,0.0,0.0,0.0,0.0,0.0,0.0,0.0,0.0,0.0,0.9842,0.649821,0.9748,0.00093398,31.9,3.059017
59,10.1571,2.534523,7.622577,15.107241,0.049109,0.665004,0.0,0.0,0.0,0.0,0.0,0.0,0.0,0.0,0.0,0.0,0.0,0.0,0.0,0.0,0.9866,0.508142,0.9772,0.00093126,32.2,3.280452
60,10.028071,2.527265,7.500806,14.864421,0.048988,0.661455,0.0,0.0,0.0,0.0,0.0,0.0,0.0,0.0,0.0,0.0,0.0,0.0,0.0,0.0,0.9848,0.631781,0.97,0.0009285,32.3,2.927454
61,9.886803,2.515877,7.370926,14.605484,0.049463,0.657107,0.0,0.0,0.0,0.0,0.0,0.0,0.0,0.0,0.0,0.0,0.0,0.0,0.0,0.0,0.9875,0.547448,0.9772,0.00092569,32.3,3.281128
62,9.760523,2.505798,7.254725,14.373643,0.049824,0.654126,0.0,0.0,0.0,0.0,0.0,0.0,0.0,0.0,0.0,0.0,0.0,0.0,0.0,0.0,0.9882,0.70379,0.9712,0.00092282,32.2,2.938425
63,9.600016,2.493022,7.106994,14.079232,0.048525,0.64952,0.0,0.0,0.0,0.0,0.0,0.0,0.0,0.0,0.0,0.0,0.0,0.0,0.0,0.0,0.9902,0.53999,0.9784,0.00091991,32.1,3.304866
64,9.494153,2.486195,7.007959,13.881793,0.04882,0.646209,0.0,0.0,0.0,0.0,0.0,0.0,0.0,0.0,0.0,0.0,0.0,0.0,0.0,0.0,0.9909,0.675563,0.9712,0.00091694,32.4,2.872944
65,9.450813,2.481229,6.969583,13.805259,0.049097,0.644991,0.0,0.0,0.0,0.0,0.0,0.0,0.0,0.0,0.0,0.0,0.0,0.0,0.0,0.0,0.9911,0.663452,0.9712,0.00091393,32.3,2.86411
66,9.345592,2.480719,6.864873,13.596357,0.049029,0.642436,0.0,0.0,0.0,0.0,0.0,0.0,0.0,0.0,0.0,0.0,0.0,0.0,0.0,0.0,0.9912,0.611261,0.9748,0.00091087,31.9,3.117652
67,9.213469,2.469005,6.744464,13.356371,0.048435,0.638571,0.0,0.0,0.0,0.0,0.0,0.0,0.0,0.0,0.0,0.0,0.0,0.0,0.0,0.0,0.9936,0.690517,0.976,0.00090776,31.9,2.980238
68,9.188027,2.465046,6.722981,13.313548,0.048704,0.637724,0.0,0.0,0.0,0.0,0.0,0.0,0.0,0.0,0.0,0.0,0.0,0.0,0.0,0.0,0.9946,0.593245,0.9748,0.0009046,31.9,3.222156
69,9.029891,2.457873,6.572018,13.012377,0.049332,0.633629,0.0,0.0,0.0,0.0,0.0,0.0,0.0,0.0,0.0,0.0,0.0,0.0,0.0,0.0,0.9943,0.53515,0.9784,0.0009014,31.4,3.42209
70,8.918174,2.450431,6.467743,12.804557,0.047917,0.630686,0.0,0.0,0.0,0.0,0.0,0.0,0.0,0.0,0.0,0.0,0.0,0.0,0.0,0.0,0.994,0.6466,0.9784,0.00089815,32.2,3.13747
71,8.836633,2.451975,6.384657,12.639015,0.048094,0.627452,0.0,0.0,0.0,0.0,0.0,0.0,0.0,0.0,0.0,0.0,0.0,0.0,0.0,0.0,0.9955,0.597733,0.982,0.00089485,31.7,3.262795
72,8.713577,2.434846,6.27873,12.427767,0.047159,0.624884,0.0,0.0,0.0,0.0,0.0,0.0,0.0,0.0,0.0,0.0,0.0,0.0,0.0,0.0,0.9946,0.506047,0.982,0.00089151,31.7,3.491933
73,8.625035,2.436517,6.188518,12.247856,0.047339,0.62223,0.0,0.0,0.0,0.0,0.0,0.0,0.0,0.0,0.0,0.0,0.0,0.0,0.0,0.0,0.9951,0.759996,0.9652,0.00088812,31.6,2.862612
74,8.556559,2.436828,6.119731,12.110673,0.04736,0.620262,0.0,0.0,0.0,0.0,0.0,0.0,0.0,0.0,0.0,0.0,0.0,0.0,0.0,0.0,0.9946,0.598993,0.982,0.00088468,32.1,3.270076
75,8.512311,2.436443,6.075867,12.023194,0.047405,0.618998,0.0,0.0,0.0,0.0,0.0,0.0,0.0,0.0,0.0,0.0,0.0,0.0,0.0,0.0,0.9948,0.567229,0.9772,0.0008812,32.2,3.22357
76,8.377889,2.421859,5.95603,11.78422,0.047256,0.615569,0.0,0.0,0.0,0.0,0.0,0.0,0.0,0.0,0.0,0.0,0.0,0.0,0.0,0.0,0.9945,0.512854,0.9856,0.00087767,31.9,3.517963
77,8.276133,2.419635,5.856498,11.585762,0.047604,0.612368,0.0,0.0,0.0,0.0,0.0,0.0,0.0,0.0,0.0,0.0,0.0,0.0,0.0,0.0,0.9967,0.492119,0.9856,0.0008741,31.9,3.531631
78,8.228608,2.417181,5.811427,11.495917,0.04701,0.611176,0.0,0.0,0.0,0.0,0.0,0.0,0.0,0.0,0.0,0.0,0.0,0.0,0.0,0.0,0.9957,0.529171,0.9808,0.00087049,32.0,3.482556
79,8.046685,2.397547,5.649137,11.172387,0.045777,0.606546,0.0,0.0,0.0,0.0,0.0,0.0,0.0,0.0,0.0,0.0,0.0,0.0,0.0,0.0,0.9966,0.557142,0.9832,0.00086683,32.0,3.255251
80,7.998396,2.400824,5.597573,11.069427,0.047165,0.605006,0.0,0.0,0.0,0.0,0.0,0.0,0.0,0.0,0.0,0.0,0.0,0.0,0.0,0.0,0.9972,0.830423,0.9508,0.00086313,32.3,2.61633
81,7.9419,2.399453,5.542446,10.959456,0.046741,0.603814,0.0,0.0,0.0,0.0,0.0,0.0,0.0,0.0,0.0,0.0,0.0,0.0,0.0,0.0,0.9957,0.558449,0.9856,0.00085939,31.8,3.365233
82,7.8853,2.397442,5.487857,10.850692,0.046582,0.601823,0.0,0.0,0.0,0.0,0.0,0.0,0.0,0.0,0.0,0.0,0.0,0.0,0.0,0.0,0.9967,0.564753,0.9736,0.00085561,32.2,3.396135
83,7.777565,2.39305,5.384515,10.644599,0.045877,0.599217,0.0,0.0,0.0,0.0,0.0,0.0,0.0,0.0,0.0,0.0,0.0,0.0,0.0,0.0,0.9969,0.571792,0.9808,0.00085178,32.3,3.451079
84,7.731894,2.392259,5.339635,10.55508,0.045982,0.597963,0.0,0.0,0.0,0.0,0.0,0.0,0.0,0.0,0.0,0.0,0.0,0.0,0.0,0.0,0.9979,0.57125,0.9856,0.00084791,31.8,3.515903
85,7.604551,2.381232,5.223319,10.323279,0.045546,0.594019,0.0,0.0,0.0,0.0,0.0,0.0,0.0,0.0,0.0,0.0,0.0,0.0,0.0,0.0,0.9981,0.565636,0.9868,0.00084401,31.8,3.511889
86,7.509235,2.380989,5.128246,10.133574,0.046261,0.59146,0.0,0.0,0.0,0.0,0.0,0.0,0.0,0.0,0.0,0.0,0.0,0.0,0.0,0.0,0.9976,0.515663,0.9832,0.00084006,31.7,3.540582
87,7.488788,2.385558,5.103231,10.083814,0.044979,0.590749,0.0,0.0,0.0,0.0,0.0,0.0,0.0,0.0,0.0,0.0,0.0,0.0,0.0,0.0,0.9973,0.619635,0.976,0.00083607,31.5,3.18753
88,7.415693,2.382898,5.032795,9.943339,0.044939,0.588783,0.0,0.0,0.0,0.0,0.0,0.0,0.0,0.0,0.0,0.0,0.0,0.0,0.0,0.0,0.9973,0.583197,0.9856,0.00083204,32.0,3.517503
89,7.322273,2.370318,4.951955,9.782136,0.044511,0.586619,0.0,0.0,0.0,0.0,0.0,0.0,0.0,0.0,0.0,0.0,0.0,0.0,0.0,0.0,0.9979,0.841284,0.964,0.00082797,31.9,2.844329
90,7.174858,2.368516,4.806342,9.491653,0.045102,0.582601,0.0,0.0,0.0,0.0,0.0,0.0,0.0,0.0,0.0,0.0,0.0,0.0,0.0,0.0,0.9978,0.48888,0.988,0.00082387,32.0,3.76655
91,7.182183,2.371883,4.8103,9.499588,0.044801,0.582656,0.0,0.0,0.0,0.0,0.0,0.0,0.0,0.0,0.0,0.0,0.0,0.0,0.0,0.0,0.9982,0.4853,0.9868,0.00081973,31.8,3.743082
92,7.080391,2.362167,4.718224,9.316016,0.04408,0.580119,0.0,0.0,0.0,0.0,0.0,0.0,0.0,0.0,0.0,0.0,0.0,0.0,0.0,0.0,0.9985,0.656996,0.982,0.00081555,32.1,3.306496
93,7.024846,2.361653,4.663193,9.206234,0.044445,0.578539,0.0,0.0,0.0,0.0,0.0,0.0,0.0,0.0,0.0,0.0,0.0,0.0,0.0,0.0,0.9985,0.500501,0.982,0.00081133,32.0,3.515262
94,6.911644,2.347266,4.564378,9.009305,0.043812,0.575343,0.0,0.0,0.0,0.0,0.0,0.0,0.0,0.0,0.0,0.0,0.0,0.0,0.0,0.0,0.9988,0.488849,0.988,0.00080707,31.7,3.77639
95,6.91236,2.358871,4.553489,8.987478,0.044319,0.575343,0.0,0.0,0.0,0.0,0.0,0.0,0.0,0.0,0.0,0.0,0.0,0.0,0.0,0.0,0.9985,0.564081,0.988,0.00080278,31.9,3.527822
96,6.824397,2.351322,4.473075,8.827165,0.04399,0.572932,0.0,0.0,0.0,0.0,0.0,0.0,0.0,0.0,0.0,0.0,0.0,0.0,0.0,0.0,0.9982,0.543286,0.9844,0.00079846,32.1,3.601124
97,6.765191,2.353461,4.41173,8.704874,0.043966,0.570948,0.0,0.0,0.0,0.0,0.0,0.0,0.0,0.0,0.0,0.0,0.0,0.0,0.0,0.0,0.9987,0.853857,0.97,0.0007941,31.9,2.841245
98,6.717056,2.350584,4.366472,8.614637,0.043153,0.569953,0.0,0.0,0.0,0.0,0.0,0.0,0.0,0.0,0.0,0.0,0.0,0.0,0.0,0.0,0.9987,0.543625,0.9904,0.0007897,32.1,3.628687
99,6.638038,2.351865,4.286173,8.454473,0.04353,0.567601,0.0,0.0,0.0,0.0,0.0,0.0,0.0,0.0,0.0,0.0,0.0,0.0,0.0,0.0,0.9988,0.544289,0.9844,0.00078528,31.6,3.736445
100,6.628398,2.350644,4.277754,8.437827,0.043269,0.566767,0.0,0.0,0.0,0.0,0.0,0.0,0.0,0.0,0.0,0.0,0.0,0.0,0.0,0.0,0.999,0.524572,0.988,0.00078081,32.0,3.578679
101,6.541583,2.345679,4.195904,8.274589,0.043605,0.564291,0.0,0.0,0.0,0.0,0.0,0.0,0.0,0.0,0.0,0.0,0.0,0.0,0.0,0.0,0.999,0.451956,0.9904,0.00077632,31.6,3.881306
102,6.435783,2.335682,4.100102,8.083436,0.043163,0.562256,0.0,0.0,0.0,0.0,0.0,0.0,0.0,0.0,0.0,0.0,0.0,0.0,0.0,0.0,0.9993,0.565919,0.988,0.00077179,32.0,3.4934
103,6.37776,2.329953,4.047806,7.979283,0.042477,0.560407,0.0,0.0,0.0,0.0,0.0,0.0,0.0,0.0,0.0,0.0,0.0,0.0,0.0,0.0,0.9991,0.499964,0.9904,0.00076723,31.7,3.761052
104,6.313083,2.334418,3.978664,7.841357,0.042456,0.558626,0.0,0.0,0.0,0.0,0.0,0.0,0.0,0.0,0.0,0.0,0.0,0.0,0.0,0.0,0.9993,0.596431,0.988,0.00076264,31.8,3.646279
105,6.215853,2.328115,3.887738,7.660063,0.042291,0.55592,0.0,0.0,0.0,0.0,0.0,0.0,0.0,0.0,0.0,0.0,0.0,0.0,0.0,0.0,0.9993,0.52697,0.9928,0.00075802,31.8,3.792827
106,6.191619,2.334452,3.857167,7.599034,0.042803,0.555098,0.0,0.0,0.0,0.0,0.0,0.0,0.0,0.0,0.0,0.0,0.0,0.0,0.0,0.0,0.9993,0.606577,0.9856,0.00075337,31.8,3.501181
107,6.154976,2.332346,3.82263,7.530261,0.042418,0.553784,0.0,0.0,0.0,0.0,0.0,0.0,0.0,0.0,0.0,0.0,0.0,0.0,0.0,0.0,0.9988,0.522052,0.9892,0.00074869,32.1,3.678749
108,6.085995,2.323651,3.762344,7.410019,0.042241,0.552223,0.0,0.0,0.0,0.0,0.0,0.0,0.0,0.0,0.0,0.0,0.0,0.0,0.0,0.0,0.9985,0.467642,0.9928,0.00074398,32.2,3.929358
109,6.052368,2.319917,3.732451,7.350448,0.041939,0.551302,0.0,0.0,0.0,0.0,0.0,0.0,0.0,0.0,0.0,0.0,0.0,0.0,0.0,0.0,0.9996,0.518802,0.9904,0.00073924,31.9,3.824277
110,5.919622,2.31967,3.599952,7.086207,0.041571,0.547696,0.0,0.0,0.0,0.0,0.0,0.0,0.0,0.0,0.0,0.0,0.0,0.0,0.0,0.0,0.9996,0.514578,0.9856,0.00073447,32.0,3.72284
111,5.904043,2.320731,3.583312,7.053032,0.041667,0.547127,0.0,0.0,0.0,0.0,0.0,0.0,0.0,0.0,0.0,0.0,0.0,0.0,0.0,0.0,0.9987,0.447267,0.9892,0.00072968,32.2,3.971386
112,5.872852,2.316557,3.556295,6.999134,0.041143,0.54671,0.0,0.0,0.0,0.0,0.0,0.0,0.0,0.0,0.0,0.0,0.0,0.0,0.0,0.0,0.9993,0.496284,0.9904,0.00072485,32.3,3.844654
113,5.811734,2.316622,3.495112,6.87712,0.041443,0.544804,0.0,0.0,0.0,0.0,0.0,0.0,0.0,0.0,0.0,0.0,0.0,0.0,0.0,0.0,0.9996,0.517157,0.9928,0.00072001,32.0,3.866578
114,5.772096,2.309015,3.463081,6.813331,0.040876,0.543719,0.0,0.0,0.0,0.0,0.0,0.0,0.0,0.0,0.0,0.0,0.0,0.0,0.0,0.0,0.999,0.481685,0.994,0.00071513,31.4,3.986628
115,5.70342,2.316061,3.387359,6.662306,0.041043,0.541532,0.0,0.0,0.0,0.0,0.0,0.0,0.0,0.0,0.0,0.0,0.0,0.0,0.0,0.0,0.9991,0.572196,0.9844,0.00071023,32.0,3.516643
116,5.658152,2.304423,3.353729,6.595319,0.040705,0.540346,0.0,0.0,0.0,0.0,0.0,0.0,0.0,0.0,0.0,0.0,0.0,0.0,0.0,0.0,0.9993,0.490411,0.9916,0.00070531,31.8,3.892031
117,5.572145,2.305185,3.266959,6.422214,0.040499,0.53827,0.0,0.0,0.0,0.0,0.0,0.0,0.0,0.0,0.0,0.0,0.0,0.0,0.0,0.0,0.9991,0.472457,0.9892,0.00070036,32.0,3.899109
118,5.553392,2.309933,3.24346,6.375342,0.041283,0.537247,0.0,0.0,0.0,0.0,0.0,0.0,0.0,0.0,0.0,0.0,0.0,0.0,0.0,0.0,0.9996,0.477252,0.9952,0.00069539,31.9,3.938069
119,5.477551,2.299382,3.178169,6.24528,0.040038,0.535268,0.0,0.0,0.0,0.0,0.0,0.0,0.0,0.0,0.0,0.0,0.0,0.0,0.0,0.0,0.9994,0.480561,0.9916,0.0006904,31.9,3.923115
120,5.458213,2.304004,3.154209,6.197451,0.040267,0.534699,0.0,0.0,0.0,0.0,0.0,0.0,0.0,0.0,0.0,0.0,0.0,0.0,0.0,0.0,0.9996,0.732579,0.9748,0.00068538,32.0,3.237252
121,5.445726,2.306314,3.139412,6.167879,0.040214,0.53462,0.0,0.0,0.0,0.0,0.0,0.0,0.0,0.0,0.0,0.0,0.0,0.0,0.0,0.0,0.9996,0.553867,0.9916,0.00068035,31.8,3.733697
122,5.328499,2.289205,3.039293,5.968378,0.039806,0.531138,0.0,0.0,0.0,0.0,0.0,0.0,0.0,0.0,0.0,0.0,0.0,0.0,0.0,0.0,0.9993,0.489432,0.9928,0.00067529,31.9,3.960067
123,5.271307,2.291425,2.979881,5.849819,0.039627,0.529906,0.0,0.0,0.0,0.0,0.0,0.0,0.0,0.0,0.0,0.0,0.0,0.0,0.0,0.0,0.9997,0.47433,0.9916,0.00067021,32.2,3.994757
124,5.264712,2.294455,2.970257,5.830641,0.039596,0.529561,0.0,0.0,0.0,0.0,0.0,0.0,0.0,0.0,0.0,0.0,0.0,0.0,0.0,0.0,0.9994,0.445532,0.994,0.00066511,31.9,4.055954
125,5.226601,2.293777,2.932824,5.755931,0.040095,0.528536,0.0,0.0,0.0,0.0,0.0,0.0,0.0,0.0,0.0,0.0,0.0,0.0,0.0,0.0,0.9997,0.452759,0.9928,0.00065999,31.8,4.058566
126,5.181767,2.297594,2.884173,5.658975,0.039866,0.52692,0.0,0.0,0.0,0.0,0.0,0.0,0.0,0.0,0.0,0.0,0.0,0.0,0.0,0.0,0.9999,0.45686,0.9928,0.00065485,31.8,4.092038
127,5.154352,2.293256,2.861096,5.613064,0.039598,0.525844,0.0,0.0,0.0,0.0,0.0,0.0,0.0,0.0,0.0,0.0,0.0,0.0,0.0,0.0,0.9994,0.486566,0.9928,0.0006497,31.5,3.969988
128,5.096862,2.292939,2.803923,5.498979,0.039227,0.524721,0.0,0.0,0.0,0.0,0.0,0.0,0.0,0.0,0.0,0.0,0.0,0.0,0.0,0.0,0.9999,0.448842,0.9928,0.00064453,31.7,4.07374
129,5.043156,2.287779,2.755377,5.402223,0.039055,0.523125,0.0,0.0,0.0,0.0,0.0,0.0,0.0,0.0,0.0,0.0,0.0,0.0,0.0,0.0,0.9996,0.426985,0.9916,0.00063934,31.9,4.07492
130,5.006567,2.283753,2.722814,5.337322,0.038753,0.522156,0.0,0.0,0.0,0.0,0.0,0.0,0.0,0.0,0.0,0.0,0.0,0.0,0.0,0.0,0.9997,0.448517,0.9928,0.00063413,32.3,4.115326
131,4.961843,2.287136,2.674707,5.241367,0.038921,0.520769,0.0,0.0,0.0,0.0,0.0,0.0,0.0,0.0,0.0,0.0,0.0,0.0,0.0,0.0,0.9996,0.435869,0.9928,0.00062891,32.0,4.106161
132,4.928919,2.283095,2.645824,5.183843,0.038859,0.519597,0.0,0.0,0.0,0.0,0.0,0.0,0.0,0.0,0.0,0.0,0.0,0.0,0.0,0.0,0.9996,0.467576,0.9916,0.00062367,31.7,4.072445
133,4.906941,2.280733,2.626208,5.144628,0.038869,0.519505,0.0,0.0,0.0,0.0,0.0,0.0,0.0,0.0,0.0,0.0,0.0,0.0,0.0,0.0,0.9999,0.484864,0.9928,0.00061842,32.0,3.996504
134,4.857249,2.281823,2.575426,5.043495,0.038359,0.517608,0.0,0.0,0.0,0.0,0.0,0.0,0.0,0.0,0.0,0.0,0.0,0.0,0.0,0.0,0.9997,0.47963,0.9904,0.00061316,32.2,3.920516
135,4.77478,2.276186,2.498594,4.890218,0.038364,0.515666,0.0,0.0,0.0,0.0,0.0,0.0,0.0,0.0,0.0,0.0,0.0,0.0,0.0,0.0,0.9997,0.468628,0.9928,0.00060788,32.0,4.107298
136,4.783296,2.277571,2.505725,4.904494,0.038597,0.515478,0.0,0.0,0.0,0.0,0.0,0.0,0.0,0.0,0.0,0.0,0.0,0.0,0.0,0.0,0.9996,0.450252,0.994,0.00060259,32.3,4.128179
137,4.735968,2.28102,2.454948,4.803167,0.038095,0.514599,0.0,0.0,0.0,0.0,0.0,0.0,0.0,0.0,0.0,0.0,0.0,0.0,0.0,0.0,0.9997,0.495795,0.994,0.00059728,32.3,3.758287
138,4.709627,2.27995,2.429677,4.752812,0.038206,0.513607,0.0,0.0,0.0,0.0,0.0,0.0,0.0,0.0,0.0,0.0,0.0,0.0,0.0,0.0,0.9997,0.445684,0.9928,0.00059197,31.8,4.068983
139,4.676998,2.273897,2.403102,4.699777,0.038151,0.513057,0.0,0.0,0.0,0.0,0.0,0.0,0.0,0.0,0.0,0.0,0.0,0.0,0.0,0.0,0.9997,0.440774,0.9904,0.00058665,32.1,4.095688
140,4.593244,2.274084,2.31916,4.532457,0.037886,0.510372,0.0,0.0,0.0,0.0,0.0,0.0,0.0,0.0,0.0,0.0,0.0,0.0,0.0,0.0,0.9996,0.485714,0.9916,0.00058131,31.9,4.017387
141,4.646955,2.281518,2.365437,4.624658,0.038313,0.511925,0.0,0.0,0.0,0.0,0.0,0.0,0.0,0.0,0.0,0.0,0.0,0.0,0.0,0.0,0.9996,0.416473,0.9928,0.00057597,31.8,4.183728
142,4.589251,2.275492,2.313759,4.521688,0.038177,0.510063,0.0,0.0,0.0,0.0,0.0,0.0,0.0,0.0,0.0,0.0,0.0,0.0,0.0,0.0,0.9996,0.454718,0.9928,0.00057061,31.9,4.193858
143,4.529551,2.265918,2.263633,4.421861,0.037359,0.508344,0.0,0.0,0.0,0.0,0.0,0.0,0.0,0.0,0.0,0.0,0.0,0.0,0.0,0.0,0.9996,0.427743,0.9928,0.00056525,32.1,4.237331
144,4.511402,2.271669,2.239732,4.37414,0.037625,0.50781,0.0,0.0,0.0,0.0,0.0,0.0,0.0,0.0,0.0,0.0,0.0,0.0,0.0,0.0,0.9996,0.516108,0.9916,0.00055988,32.2,4.048005
145,4.457242,2.267197,2.190045,4.275064,0.037061,0.5066,0.0,0.0,0.0,0.0,0.0,0.0,0.0,0.0,0.0,0.0,0.0,0.0,0.0,0.0,0.9997,0.450343,0.994,0.00055451,31.9,4.117123
146,4.439388,2.267404,2.171985,4.238996,0.037535,0.5061,0.0,0.0,0.0,0.0,0.0,0.0,0.0,0.0,0.0,0.0,0.0,0.0,0.0,0.0,0.9997,0.415457,0.9916,0.00054912,32.3,4.20288
147,4.413372,2.269612,2.14376,4.182749,0.036921,0.505397,0.0,0.0,0.0,0.0,0.0,0.0,0.0,0.0,0.0,0.0,0.0,0.0,0.0,0.0,0.9997,0.489059,0.9904,0.00054373,32.0,3.962707
148,4.381319,2.26028,2.12104,4.137536,0.037248,0.504091,0.0,0.0,0.0,0.0,0.0,0.0,0.0,0.0,0.0,0.0,0.0,0.0,0.0,0.0,0.9999,0.460196,0.994,0.00053834,32.1,4.114301
149,4.356291,2.266008,2.090284,4.076119,0.037029,0.503727,0.0,0.0,0.0,0.0,0.0,0.0,0.0,0.0,0.0,0.0,0.0,0.0,0.0,0.0,0.9997,0.482196,0.9904,0.00053294,32.2,3.984007
150,4.263156,2.259826,2.00333,3.902868,0.03663,0.500649,0.0,0.0,0.0,0.0,0.0,0.0,0.0,0.0,0.0,0.0,0.0,0.0,0.0,0.0,0.9999,0.450549,0.9928,0.00052754,31.8,4.15499
151,4.302552,2.2694,2.033152,3.962272,0.036784,0.501769,0.0,0.0,0.0,0.0,0.0,0.0,0.0,0.0,0.0,0.0,0.0,0.0,0.0,0.0,0.9996,0.457496,0.9952,0.00052214,31.9,4.163995
152,4.223513,2.259669,1.963844,3.824186,0.036283,0.499372,0.0,0.0,0.0,0.0,0.0,0.0,0.0,0.0,0.0,0.0,0.0,0.0,0.0,0.0,0.9996,0.512792,0.9868,0.00051673,32.1,3.970981
153,4.174775,2.255681,1.919094,3.734889,0.036044,0.498475,0.0,0.0,0.0,0.0,0.0,0.0,0.0,0.0,0.0,0.0,0.0,0.0,0.0,0.0,0.9999,0.494781,0.9928,0.00051132,32.0,4.056145
154,4.15793,2.258744,1.899185,3.695307,0.036035,0.497299,0.0,0.0,0.0,0.0,0.0,0.0,0.0,0.0,0.0,0.0,0.0,0.0,0.0,0.0,0.9999,0.426725,0.994,0.00050591,32.1,4.235427
155,4.099828,2.249411,1.850417,3.598069,0.035522,0.496065,0.0,0.0,0.0,0.0,0.0,0.0,0.0,0.0,0.0,0.0,0.0,0.0,0.0,0.0,0.9999,0.463804,0.994,0.0005005,32.4,4.184949
156,4.116158,2.261363,1.854795,3.60668,0.036255,0.496421,0.0,0.0,0.0,0.0,0.0,0.0,0.0,0.0,0.0,0.0,0.0,0.0,0.0,0.0,0.9997,0.422524,0.9952,0.00049509,32.5,4.21977
157,4.062524,2.254648,1.807877,3.513188,0.035997,0.494826,0.0,0.0,0.0,0.0,0.0,0.0,0.0,0.0,0.0,0.0,0.0,0.0,0.0,0.0,1.0,0.457557,0.9916,0.00048968,32.4,4.180098
158,4.053141,2.255682,1.797459,3.492505,0.035589,0.494271,0.0,0.0,0.0,0.0,0.0,0.0,0.0,0.0,0.0,0.0,0.0,0.0,0.0,0.0,0.9996,0.447513,0.9904,0.00048427,32.4,4.245817
159,4.065139,2.258571,1.806568,3.510485,0.036317,0.495098,0.0,0.0,0.0,0.0,0.0,0.0,0.0,0.0,0.0,0.0,0.0,0.0,0.0,0.0,0.9996,0.459856,0.994,0.00047886,32.4,4.1798
160,3.978654,2.252287,1.726367,3.350762,0.035628,0.492052,0.0,0.0,0.0,0.0,0.0,0.0,0.0,0.0,0.0,0.0,0.0,0.0,0.0,0.0,0.9999,0.446888,0.9952,0.00047346,32.2,4.197111
161,3.94653,2.250984,1.695546,3.289353,0.035017,0.491185,0.0,0.0,0.0,0.0,0.0,0.0,0.0,0.0,0.0,0.0,0.0,0.0,0.0,0.0,0.9999,0.478503,0.9952,0.00046806,32.4,4.147115
162,3.967364,2.253173,1.714191,3.326455,0.035646,0.491812,0.0,0.0,0.0,0.0,0.0,0.0,0.0,0.0,0.0,0.0,0.0,0.0,0.0,0.0,0.9999,0.411881,0.994,0.00046266,32.4,4.263764
163,3.92235,2.249415,1.672935,3.244219,0.035173,0.490665,0.0,0.0,0.0,0.0,0.0,0.0,0.0,0.0,0.0,0.0,0.0,0.0,0.0,0.0,0.9997,0.480624,0.9916,0.00045727,32.6,4.159919
164,3.867899,2.250508,1.617391,3.133628,0.034992,0.488271,0.0,0.0,0.0,0.0,0.0,0.0,0.0,0.0,0.0,0.0,0.0,0.0,0.0,0.0,0.9996,0.42642,0.9904,0.00045188,32.2,4.27079
165,3.908856,2.2566,1.652256,3.202944,0.035559,0.490054,0.0,0.0,0.0,0.0,0.0,0.0,0.0,0.0,0.0,0.0,0.0,0.0,0.0,0.0,0.9997,0.444844,0.9928,0.00044649,32.3,4.100839
166,3.805465,2.241937,1.563528,3.026139,0.034685,0.487239,0.0,0.0,0.0,0.0,0.0,0.0,0.0,0.0,0.0,0.0,0.0,0.0,0.0,0.0,0.9997,0.426011,0.9952,0.00044112,32.4,4.287283
167,3.800037,2.243331,1.556706,3.012612,0.034942,0.486528,0.0,0.0,0.0,0.0,0.0,0.0,0.0,0.0,0.0,0.0,0.0,0.0,0.0,0.0,0.9996,0.439203,0.9928,0.00043575,32.7,4.290611
168,3.790781,2.241239,1.549542,2.998323,0.034532,0.486544,0.0,0.0,0.0,0.0,0.0,0.0,0.0,0.0,0.0,0.0,0.0,0.0,0.0,0.0,0.9997,0.439003,0.9928,0.00043039,32.4,4.278152
169,3.754374,2.24239,1.511983,2.923474,0.034743,0.485089,0.0,0.0,0.0,0.0,0.0,0.0,0.0,0.0,0.0,0.0,0.0,0.0,0.0,0.0,0.9999,0.443956,0.9928,0.00042503,32.4,4.246377
170,3.715294,2.240301,1.474993,2.849798,0.034174,0.483855,0.0,0.0,0.0,0.0,0.0,0.0,0.0,0.0,0.0,0.0,0.0,0.0,0.0,0.0,0.9999,0.431183,0.9928,0.00041969,32.4,4.30363
171,3.746859,2.245835,1.501024,2.901602,0.034414,0.485025,0.0,0.0,0.0,0.0,0.0,0.0,0.0,0.0,0.0,0.0,0.0,0.0,0.0,0.0,0.9999,0.457387,0.994,0.00041435,32.6,4.272677
172,3.654352,2.236969,1.417383,2.734997,0.033884,0.481905,0.0,0.0,0.0,0.0,0.0,0.0,0.0,0.0,0.0,0.0,0.0,0.0,0.0,0.0,0.9997,0.430346,0.994,0.00040903,32.8,4.298478
173,3.685243,2.241538,1.443705,2.787388,0.034093,0.483066,0.0,0.0,0.0,0.0,0.0,0.0,0.0,0.0,0.0,0.0,0.0,0.0,0.0,0.0,0.9997,0.469813,0.994,0.00040372,32.5,4.132618
174,3.666763,2.242185,1.424578,2.749233,0.034104,0.482557,0.0,0.0,0.0,0.0,0.0,0.0,0.0,0.0,0.0,0.0,0.0,0.0,0.0,0.0,0.9996,0.479578,0.9928,0.00039841,32.5,4.080624
175,3.597776,2.236444,1.361332,2.623178,0.033919,0.480469,0.0,0.0,0.0,0.0,0.0,0.0,0.0,0.0,0.0,0.0,0.0,0.0,0.0,0.0,0.9999,0.43279,0.9904,0.00039312,32.3,4.274441
176,3.619619,2.241857,1.377762,2.655915,0.034134,0.480978,0.0,0.0,0.0,0.0,0.0,0.0,0.0,0.0,0.0,0.0,0.0,0.0,0.0,0.0,1.0,0.439186,0.994,0.00038784,32.6,4.291676
177,3.586616,2.238458,1.348158,2.596907,0.033907,0.480095,0.0,0.0,0.0,0.0,0.0,0.0,0.0,0.0,0.0,0.0,0.0,0.0,0.0,0.0,1.0,0.431087,0.994,0.00038258,32.4,4.217972
178,3.565753,2.239987,1.325766,2.552396,0.033457,0.478955,0.0,0.0,0.0,0.0,0.0,0.0,0.0,0.0,0.0,0.0,0.0,0.0,0.0,0.0,0.9999,0.421233,0.994,0.00037733,32.2,4.277728
179,3.532381,2.233411,1.29897,2.4989,0.033445,0.478475,0.0,0.0,0.0,0.0,0.0,0.0,0.0,0.0,0.0,0.0,0.0,0.0,0.0,0.0,0.9999,0.426564,0.9928,0.00037209,32.9,4.363607
180,3.534163,2.230238,1.303925,2.508826,0.033618,0.478313,0.0,0.0,0.0,0.0,0.0,0.0,0.0,0.0,0.0,0.0,0.0,0.0,0.0,0.0,0.9999,0.443209,0.9952,0.00036687,32.8,4.320343
181,3.497419,2.234742,1.262676,2.426617,0.033477,0.476941,0.0,0.0,0.0,0.0,0.0,0.0,0.0,0.0,0.0,0.0,0.0,0.0,0.0,0.0,0.9999,0.464437,0.994,0.00036166,32.5,4.237588
182,3.463986,2.232996,1.23099,2.363528,0.033058,0.475733,0.0,0.0,0.0,0.0,0.0,0.0,0.0,0.0,0.0,0.0,0.0,0.0,0.0,0.0,1.0,0.456904,0.9928,0.00035647,32.4,4.202117
183,3.44309,2.231367,1.211723,2.325122,0.032958,0.475143,0.0,0.0,0.0,0.0,0.0,0.0,0.0,0.0,0.0,0.0,0.0,0.0,0.0,0.0,0.9997,0.403812,0.9916,0.0003513,32.4,4.403578
184,3.443757,2.23193,1.211827,2.325324,0.033092,0.475106,0.0,0.0,0.0,0.0,0.0,0.0,0.0,0.0,0.0,0.0,0.0,0.0,0.0,0.0,0.9999,0.42406,0.9928,0.00034615,32.4,4.380355
185,3.418597,2.232885,1.185712,2.273279,0.032921,0.474265,0.0,0.0,0.0,0.0,0.0,0.0,0.0,0.0,0.0,0.0,0.0,0.0,0.0,0.0,1.0,0.423549,0.9916,0.00034101,32.3,4.303014
186,3.379395,2.231306,1.14809,2.198294,0.032415,0.473217,0.0,0.0,0.0,0.0,0.0,0.0,0.0,0.0,0.0,0.0,0.0,0.0,0.0,0.0,0.9996,0.46281,0.994,0.00033589,32.4,4.258484
187,3.351144,2.224836,1.126308,2.154894,0.032748,0.472234,0.0,0.0,0.0,0.0,0.0,0.0,0.0,0.0,0.0,0.0,0.0,0.0,0.0,0.0,1.0,0.439275,0.9952,0.00033079,32.7,4.220159
188,3.348392,2.227322,1.121071,2.144337,0.033112,0.472464,0.0,0.0,0.0,0.0,0.0,0.0,0.0,0.0,0.0,0.0,0.0,0.0,0.0,0.0,0.9999,0.452375,0.994,0.00032571,32.7,4.222192
189,3.331387,2.229032,1.102355,2.10717,0.032289,0.471556,0.0,0.0,0.0,0.0,0.0,0.0,0.0,0.0,0.0,0.0,0.0,0.0,0.0,0.0,1.0,0.474574,0.994,0.00032065,32.9,4.218849
190,3.337678,2.230764,1.106914,2.116326,0.032574,0.47122,0.0,0.0,0.0,0.0,0.0,0.0,0.0,0.0,0.0,0.0,0.0,0.0,0.0,0.0,0.9999,0.449559,0.9964,0.00031562,32.4,4.324885
191,3.312899,2.225844,1.087055,2.076724,0.032198,0.470835,0.0,0.0,0.0,0.0,0.0,0.0,0.0,0.0,0.0,0.0,0.0,0.0,0.0,0.0,0.9999,0.414688,0.9952,0.0003106,32.2,4.346625
192,3.275015,2.222341,1.052674,2.008157,0.032196,0.469858,0.0,0.0,0.0,0.0,0.0,0.0,0.0,0.0,0.0,0.0,0.0,0.0,0.0,0.0,0.9999,0.410656,0.9964,0.00030561,32.7,4.383741
193,3.271706,2.226411,1.045295,1.993523,0.032176,0.469247,0.0,0.0,0.0,0.0,0.0,0.0,0.0,0.0,0.0,0.0,0.0,0.0,0.0,0.0,1.0,0.456108,0.9928,0.00030064,32.7,4.255019
194,3.28526,2.23028,1.05498,2.012718,0.032504,0.469959,0.0,0.0,0.0,0.0,0.0,0.0,0.0,0.0,0.0,0.0,0.0,0.0,0.0,0.0,0.9999,0.419768,0.9952,0.00029569,32.0,4.376653
195,3.205003,2.216014,0.988989,1.881281,0.032292,0.467336,0.0,0.0,0.0,0.0,0.0,0.0,0.0,0.0,0.0,0.0,0.0,0.0,0.0,0.0,0.9999,0.422387,0.9976,0.00029077,32.5,4.402924
196,3.232133,2.228111,1.004022,1.911214,0.03227,0.468014,0.0,0.0,0.0,0.0,0.0,0.0,0.0,0.0,0.0,0.0,0.0,0.0,0.0,0.0,0.9997,0.422777,0.9964,0.00028587,32.7,4.343954
197,3.212189,2.218532,0.993657,1.890597,0.031962,0.467601,0.0,0.0,0.0,0.0,0.0,0.0,0.0,0.0,0.0,0.0,0.0,0.0,0.0,0.0,0.9997,0.432749,0.9964,0.00028099,32.4,4.346424
198,3.162239,2.218575,0.943664,1.790948,0.031605,0.466099,0.0,0.0,0.0,0.0,0.0,0.0,0.0,0.0,0.0,0.0,0.0,0.0,0.0,0.0,0.9999,0.427014,0.994,0.00027615,32.6,4.373639
199,3.225871,2.226527,0.999344,1.901865,0.032633,0.467801,0.0,0.0,0.0,0.0,0.0,0.0,0.0,0.0,0.0,0.0,0.0,0.0,0.0,0.0,0.9999,0.409462,0.9952,0.00027132,32.7,4.402002
200,3.150974,2.21943,0.931544,1.766917,0.031746,0.464977,0.0,0.0,0.0,0.0,0.0,0.0,0.0,0.0,0.0,0.0,0.0,0.0,0.0,0.0,0.9999,0.39776,0.9964,0.00026653,28.1,4.450966
201,3.139207,2.217142,0.922066,1.747971,0.031778,0.464914,0.0,0.0,0.0,0.0,0.0,0.0,0.0,0.0,0.0,0.0,0.0,0.0,0.0,0.0,0.9999,0.415967,0.9952,0.00026176,25.5,4.401
202,3.149588,2.224243,0.925345,1.754465,0.031926,0.465161,0.0,0.0,0.0,0.0,0.0,0.0,0.0,0.0,0.0,0.0,0.0,0.0,0.0,0.0,0.9997,0.423676,0.9964,0.00025702,25.8,4.407421
203,3.114767,2.2149,0.899866,1.703823,0.031185,0.463959,0.0,0.0,0.0,0.0,0.0,0.0,0.0,0.0,0.0,0.0,0.0,0.0,0.0,0.0,0.9997,0.395886,0.9928,0.00025231,25.8,4.438477
204,3.10795,2.217648,0.890302,1.684709,0.031241,0.463858,0.0,0.0,0.0,0.0,0.0,0.0,0.0,0.0,0.0,0.0,0.0,0.0,0.0,0.0,0.9999,0.404666,0.9952,0.00024763,25.8,4.421332
205,3.096329,2.218059,0.87827,1.660744,0.031577,0.463187,0.0,0.0,0.0,0.0,0.0,0.0,0.0,0.0,0.0,0.0,0.0,0.0,0.0,0.0,0.9999,0.405226,0.994,0.00024298,25.5,4.424892
206,3.069328,2.213444,0.855884,1.616167,0.031473,0.462272,0.0,0.0,0.0,0.0,0.0,0.0,0.0,0.0,0.0,0.0,0.0,0.0,0.0,0.0,1.0,0.422952,0.9976,0.00023836,25.8,4.395591
207,3.057878,2.216202,0.841676,1.587874,0.031277,0.461753,0.0,0.0,0.0,0.0,0.0,0.0,0.0,0.0,0.0,0.0,0.0,0.0,0.0,0.0,1.0,0.414259,0.9964,0.00023377,25.8,4.459785
208,3.040507,2.216326,0.824181,1.553,0.031032,0.461297,0.0,0.0,0.0,0.0,0.0,0.0,0.0,0.0,0.0,0.0,0.0,0.0,0.0,0.0,1.0,0.402226,0.9952,0.00022921,26.1,4.468274
209,3.062961,2.217135,0.845826,1.596092,0.031517,0.462037,0.0,0.0,0.0,0.0,0.0,0.0,0.0,0.0,0.0,0.0,0.0,0.0,0.0,0.0,0.9999,0.404289,0.9976,0.00022468,25.9,4.479191
210,3.032443,2.214263,0.81818,1.54105,0.031103,0.460993,0.0,0.0,0.0,0.0,0.0,0.0,0.0,0.0,0.0,0.0,0.0,0.0,0.0,0.0,1.0,0.411706,0.9964,0.00022019,25.8,4.435339
211,3.015279,2.210556,0.804723,1.514301,0.031161,0.460142,0.0,0.0,0.0,0.0,0.0,0.0,0.0,0.0,0.0,0.0,0.0,0.0,0.0,0.0,1.0,0.4175,0.994,0.00021572,25.6,4.430374
212,3.0142,2.215226,0.798974,1.502839,0.031246,0.459922,0.0,0.0,0.0,0.0,0.0,0.0,0.0,0.0,0.0,0.0,0.0,0.0,0.0,0.0,0.9999,0.401747,0.9964,0.0002113,25.8,4.452786
213,2.954859,2.210675,0.744184,1.393707,0.030502,0.458055,0.0,0.0,0.0,0.0,0.0,0.0,0.0,0.0,0.0,0.0,0.0,0.0,0.0,0.0,0.9999,0.406987,0.994,0.0002069,26.0,4.453589
214,2.971821,2.210024,0.761797,1.428699,0.031097,0.458932,0.0,0.0,0.0,0.0,0.0,0.0,0.0,0.0,0.0,0.0,0.0,0.0,0.0,0.0,1.0,0.384851,0.9964,0.00020254,26.0,4.50215
215,2.933957,2.204582,0.729375,1.364202,0.030423,0.457528,0.0,0.0,0.0,0.0,0.0,0.0,0.0,0.0,0.0,0.0,0.0,0.0,0.0,0.0,0.9999,0.409906,0.9988,0.00019822,25.9,4.450912
216,2.968528,2.209292,0.759236,1.423628,0.031054,0.458689,0.0,0.0,0.0,0.0,0.0,0.0,0.0,0.0,0.0,0.0,0.0,0.0,0.0,0.0,0.9999,0.403946,0.9964,0.00019393,26.0,4.477446
217,2.916851,2.210595,0.706256,1.318248,0.030232,0.456205,0.0,0.0,0.0,0.0,0.0,0.0,0.0,0.0,0.0,0.0,0.0,0.0,0.0,0.0,0.9999,0.417984,0.9928,0.00018967,26.2,4.431176
218,2.919781,2.209962,0.709819,1.32528,0.030303,0.456638,0.0,0.0,0.0,0.0,0.0,0.0,0.0,0.0,0.0,0.0,0.0,0.0,0.0,0.0,0.9999,0.418983,0.9976,0.00018545,25.7,4.433532
219,2.927023,2.210828,0.716195,1.338028,0.030591,0.456514,0.0,0.0,0.0,0.0,0.0,0.0,0.0,0.0,0.0,0.0,0.0,0.0,0.0,0.0,0.9997,0.399776,0.9976,0.00018127,26.0,4.489597
220,2.923604,2.209926,0.713679,1.33301,0.030626,0.456423,0.0,0.0,0.0,0.0,0.0,0.0,0.0,0.0,0.0,0.0,0.0,0.0,0.0,0.0,1.0,0.408331,0.9952,0.00017713,26.1,4.36147
221,2.912564,2.210025,0.70254,1.310761,0.030701,0.456239,0.0,0.0,0.0,0.0,0.0,0.0,0.0,0.0,0.0,0.0,0.0,0.0,0.0,0.0,1.0,0.398194,0.9976,0.00017303,25.9,4.469584
222,2.88942,2.208513,0.680907,1.267717,0.030452,0.455261,0.0,0.0,0.0,0.0,0.0,0.0,0.0,0.0,0.0,0.0,0.0,0.0,0.0,0.0,0.9999,0.406923,0.994,0.00016896,25.7,4.463468
223,2.894329,2.209669,0.68466,1.275168,0.030625,0.455449,0.0,0.0,0.0,0.0,0.0,0.0,0.0,0.0,0.0,0.0,0.0,0.0,0.0,0.0,1.0,0.389885,0.9964,0.00016493,26.2,4.5248
224,2.890323,2.208587,0.681736,1.269346,0.030616,0.455324,0.0,0.0,0.0,0.0,0.0,0.0,0.0,0.0,0.0,0.0,0.0,0.0,0.0,0.0,1.0,0.394253,0.9964,0.00016094,26.0,4.487799
225,2.847069,2.204893,0.642177,1.190661,0.029934,0.453492,0.0,0.0,0.0,0.0,0.0,0.0,0.0,0.0,0.0,0.0,0.0,0.0,0.0,0.0,0.9999,0.407421,0.9976,0.00015699,26.1,4.480203
226,2.872785,2.210829,0.661956,1.229942,0.030434,0.454635,0.0,0.0,0.0,0.0,0.0,0.0,0.0,0.0,0.0,0.0,0.0,0.0,0.0,0.0,0.9999,0.409506,0.9976,0.00015309,25.9,4.484006
227,2.853051,2.205982,0.647069,1.200272,0.030387,0.454138,0.0,0.0,0.0,0.0,0.0,0.0,0.0,0.0,0.0,0.0,0.0,0.0,0.0,0.0,0.9999,0.393442,0.9976,0.00014922,25.8,4.519275
228,2.842409,2.207249,0.63516,1.176591,0.030239,0.453524,0.0,0.0,0.0,0.0,0.0,0.0,0.0,0.0,0.0,0.0,0.0,0.0,0.0,0.0,1.0,0.393844,0.9964,0.00014539,26.2,4.512085
229,2.837929,2.206025,0.631904,1.170199,0.030022,0.453034,0.0,0.0,0.0,0.0,0.0,0.0,0.0,0.0,0.0,0.0,0.0,0.0,0.0,0.0,1.0,0.39546,0.9952,0.00014161,26.2,4.48907
230,2.828818,2.206522,0.622296,1.151085,0.030078,0.452495,0.0,0.0,0.0,0.0,0.0,0.0,0.0,0.0,0.0,0.0,0.0,0.0,0.0,0.0,0.9999,0.387813,0.9964,0.00013787,25.9,4.508035
231,2.801981,2.202077,0.599904,1.106508,0.029757,0.451619,0.0,0.0,0.0,0.0,0.0,0.0,0.0,0.0,0.0,0.0,0.0,0.0,0.0,0.0,1.0,0.411058,0.9964,0.00013417,26.2,4.468637
232,2.784983,2.200969,0.584015,1.07486,0.029592,0.451052,0.0,0.0,0.0,0.0,0.0,0.0,0.0,0.0,0.0,0.0,0.0,0.0,0.0,0.0,0.9999,0.403594,0.9952,0.00013051,26.1,4.481096
233,2.803473,2.205302,0.59817,1.103076,0.029821,0.451416,0.0,0.0,0.0,0.0,0.0,0.0,0.0,0.0,0.0,0.0,0.0,0.0,0.0,0.0,1.0,0.391155,0.9964,0.0001269,26.1,4.542733
234,2.800416,2.204735,0.595681,1.098032,0.029944,0.45168,0.0,0.0,0.0,0.0,0.0,0.0,0.0,0.0,0.0,0.0,0.0,0.0,0.0,0.0,0.9999,0.397486,0.9976,0.00012333,26.2,4.526585
235,2.750647,2.199822,0.550826,1.008785,0.029334,0.449663,0.0,0.0,0.0,0.0,0.0,0.0,0.0,0.0,0.0,0.0,0.0,0.0,0.0,0.0,1.0,0.398983,0.9976,0.0001198,26.0,4.49335
236,2.772558,2.207288,0.565269,1.037612,0.029509,0.449878,0.0,0.0,0.0,0.0,0.0,0.0,0.0,0.0,0.0,0.0,0.0,0.0,0.0,0.0,0.9997,0.408304,0.9964,0.00011632,26.2,4.485375
237,2.776659,2.201691,0.574968,1.056846,0.02971,0.450592,0.0,0.0,0.0,0.0,0.0,0.0,0.0,0.0,0.0,0.0,0.0,0.0,0.0,0.0,0.9999,0.393722,0.9964,0.00011288,26.2,4.537508
238,2.758425,2.203352,0.555073,1.017269,0.029655,0.44956,0.0,0.0,0.0,0.0,0.0,0.0,0.0,0.0,0.0,0.0,0.0,0.0,0.0,0.0,1.0,0.391534,0.9976,0.00010949,25.8,4.519207
239,2.776865,2.204865,0.571999,1.050978,0.02996,0.450126,0.0,0.0,0.0,0.0,0.0,0.0,0.0,0.0,0.0,0.0,0.0,0.0,0.0,0.0,0.9999,0.39398,0.9952,0.00010615,26.3,4.524159
240,2.71687,2.198429,0.518441,0.944348,0.029204,0.448069,0.0,0.0,0.0,0.0,0.0,0.0,0.0,0.0,0.0,0.0,0.0,0.0,0.0,0.0,0.9999,0.40565,0.9976,0.00010285,25.8,4.472875
241,2.747045,2.203902,0.543143,0.9936,0.029102,0.448883,0.0,0.0,0.0,0.0,0.0,0.0,0.0,0.0,0.0,0.0,0.0,0.0,0.0,0.0,1.0,0.382687,0.9964,9.96e-05,26.1,4.555526
242,2.740152,2.205985,0.534167,0.975621,0.029445,0.448836,0.0,0.0,0.0,0.0,0.0,0.0,0.0,0.0,0.0,0.0,0.0,0.0,0.0,0.0,1.0,0.380212,0.9976,9.64e-05,25.9,4.55596
243,2.718806,2.197226,0.521581,0.950679,0.029323,0.447751,0.0,0.0,0.0,0.0,0.0,0.0,0.0,0.0,0.0,0.0,0.0,0.0,0.0,0.0,1.0,0.393486,0.9964,9.324e-05,26.2,4.519157
244,2.72059,2.199222,0.521368,0.950233,0.028909,0.448062,0.0,0.0,0.0,0.0,0.0,0.0,0.0,0.0,0.0,0.0,0.0,0.0,0.0,0.0,1.0,0.393922,0.9988,9.013e-05,26.9,4.515895
245,2.734639,2.206645,0.527994,0.963438,0.029374,0.448057,0.0,0.0,0.0,0.0,0.0,0.0,0.0,0.0,0.0,0.0,0.0,0.0,0.0,0.0,0.9999,0.389522,0.9964,8.707e-05,26.1,4.53534
246,2.703424,2.197673,0.505752,0.919187,0.029179,0.44699,0.0,0.0,0.0,0.0,0.0,0.0,0.0,0.0,0.0,0.0,0.0,0.0,0.0,0.0,1.0,0.388279,0.9976,8.406e-05,26.2,4.537144
247,2.704237,2.193909,0.510328,0.928255,0.029346,0.447337,0.0,0.0,0.0,0.0,0.0,0.0,0.0,0.0,0.0,0.0,0.0,0.0,0.0,0.0,1.0,0.383401,0.9976,8.109e-05,25.7,4.53515
248,2.694971,2.199553,0.495418,0.898619,0.029101,0.446535,0.0,0.0,0.0,0.0,0.0,0.0,0.0,0.0,0.0,0.0,0.0,0.0,0.0,0.0,1.0,0.3863,0.9976,7.818e-05,26.0,4.539244
249,2.705908,2.201878,0.504029,0.915751,0.029252,0.446909,0.0,0.0,0.0,0.0,0.0,0.0,0.0,0.0,0.0,0.0,0.0,0.0,0.0,0.0,1.0,0.382581,0.994,7.531e-05,26.2,4.559231
250,2.661608,2.193857,0.467751,0.843644,0.028632,0.444973,0.0,0.0,0.0,0.0,0.0,0.0,0.0,0.0,0.0,0.0,0.0,0.0,0.0,0.0,1.0,0.387023,0.9976,7.25e-05,26.2,4.559342
251,2.657746,2.191901,0.465844,0.83979,0.028692,0.445147,0.0,0.0,0.0,0.0,0.0,0.0,0.0,0.0,0.0,0.0,0.0,0.0,0.0,0.0,0.9999,0.405038,0.9952,6.974e-05,25.8,4.511434
252,2.660185,2.193866,0.46632,0.840699,0.028835,0.445281,0.0,0.0,0.0,0.0,0.0,0.0,0.0,0.0,0.0,0.0,0.0,0.0,0.0,0.0,1.0,0.384472,0.9976,6.702e-05,25.6,4.549693
253,2.663124,2.195234,0.467891,0.843868,0.028705,0.445213,0.0,0.0,0.0,0.0,0.0,0.0,0.0,0.0,0.0,0.0,0.0,0.0,0.0,0.0,0.9997,0.397556,0.9976,6.436e-05,26.1,4.517579
254,2.667218,2.199002,0.468216,0.844538,0.028717,0.445109,0.0,0.0,0.0,0.0,0.0,0.0,0.0,0.0,0.0,0.0,0.0,0.0,0.0,0.0,0.9999,0.39393,0.9976,6.175e-05,26.0,4.535829
255,2.656393,2.193625,0.462768,0.833715,0.028889,0.444655,0.0,0.0,0.0,0.0,0.0,0.0,0.0,0.0,0.0,0.0,0.0,0.0,0.0,0.0,1.0,0.384577,0.9976,5.919e-05,25.5,4.560651
256,2.662807,2.196502,0.466304,0.840734,0.028646,0.445048,0.0,0.0,0.0,0.0,0.0,0.0,0.0,0.0,0.0,0.0,0.0,0.0,0.0,0.0,0.9999,0.399944,0.9976,5.668e-05,25.6,4.510936
257,2.643581,2.196619,0.446962,0.802257,0.028611,0.444032,0.0,0.0,0.0,0.0,0.0,0.0,0.0,0.0,0.0,0.0,0.0,0.0,0.0,0.0,1.0,0.388565,0.9976,5.422e-05,25.8,4.552764
258,2.658835,2.196403,0.462432,0.83295,0.029079,0.445029,0.0,0.0,0.0,0.0,0.0,0.0,0.0,0.0,0.0,0.0,0.0,0.0,0.0,0.0,1.0,0.396673,0.9976,5.182e-05,25.9,4.530363
259,2.644435,2.195445,0.44899,0.806286,0.028837,0.44405,0.0,0.0,0.0,0.0,0.0,0.0,0.0,0.0,0.0,0.0,0.0,0.0,0.0,0.0,1.0,0.396625,0.9976,4.946e-05,26.0,4.537242
260,2.648539,2.194492,0.454047,0.816338,0.028845,0.444357,0.0,0.0,0.0,0.0,0.0,0.0,0.0,0.0,0.0,0.0,0.0,0.0,0.0,0.0,0.9999,0.385377,0.9976,4.717e-05,25.6,4.565178
261,2.631616,2.197198,0.434418,0.777309,0.028767,0.443252,0.0,0.0,0.0,0.0,0.0,0.0,0.0,0.0,0.0,0.0,0.0,0.0,0.0,0.0,0.9999,0.387605,0.9964,4.492e-05,25.6,4.558189
262,2.627088,2.192135,0.434954,0.778368,0.02843,0.44348,0.0,0.0,0.0,0.0,0.0,0.0,0.0,0.0,0.0,0.0,0.0,0.0,0.0,0.0,1.0,0.402369,0.9964,4.273e-05,25.6,4.533264
263,2.628123,2.196596,0.431527,0.77152,0.028674,0.44333,0.0,0.0,0.0,0.0,0.0,0.0,0.0,0.0,0.0,0.0,0.0,0.0,0.0,0.0,1.0,0.376111,0.9976,4.059e-05,25.7,4.582691
264,2.60812,2.191103,0.417018,0.742752,0.028368,0.442233,0.0,0.0,0.0,0.0,0.0,0.0,0.0,0.0,0.0,0.0,0.0,0.0,0.0,0.0,1.0,0.386751,0.9964,3.851e-05,25.8,4.561695
265,2.627337,2.198845,0.428492,0.765549,0.028515,0.442912,0.0,0.0,0.0,0.0,0.0,0.0,0.0,0.0,0.0,0.0,0.0,0.0,0.0,0.0,1.0,0.384092,0.9964,3.648e-05,25.7,4.573156
266,2.621603,2.196098,0.425505,0.759571,0.028459,0.442968,0.0,0.0,0.0,0.0,0.0,0.0,0.0,0.0,0.0,0.0,0.0,0.0,0.0,0.0,0.9999,0.387117,0.9976,3.45e-05,25.8,4.557568
267,2.60101,2.192838,0.408172,0.725154,0.028378,0.441764,0.0,0.0,0.0,0.0,0.0,0.0,0.0,0.0,0.0,0.0,0.0,0.0,0.0,0.0,1.0,0.386005,0.9976,3.258e-05,25.7,4.560521
268,2.608581,2.19284,0.415741,0.740135,0.028566,0.442455,0.0,0.0,0.0,0.0,0.0,0.0,0.0,0.0,0.0,0.0,0.0,0.0,0.0,0.0,1.0,0.391629,0.9964,3.071e-05,25.8,4.554048
269,2.620321,2.191653,0.428667,0.765921,0.028482,0.442827,0.0,0.0,0.0,0.0,0.0,0.0,0.0,0.0,0.0,0.0,0.0,0.0,0.0,0.0,1.0,0.382982,0.9964,2.89e-05,26.2,4.578866
270,2.620399,2.196442,0.423957,0.756451,0.028674,0.442973,0.0,0.0,0.0,0.0,0.0,0.0,0.0,0.0,0.0,0.0,0.0,0.0,0.0,0.0,1.0,0.388986,0.9976,2.715e-05,25.6,4.554384
271,2.589996,2.19263,0.397367,0.703649,0.028038,0.441402,0.0,0.0,0.0,0.0,0.0,0.0,0.0,0.0,0.0,0.0,0.0,0.0,0.0,0.0,0.9999,0.389295,0.9964,2.545e-05,25.7,4.562365
272,2.605392,2.194612,0.41078,0.730343,0.028259,0.441955,0.0,0.0,0.0,0.0,0.0,0.0,0.0,0.0,0.0,0.0,0.0,0.0,0.0,0.0,1.0,0.385971,0.9976,2.38e-05,25.9,4.564001
273,2.587252,2.190927,0.396324,0.701638,0.02805,0.441026,0.0,0.0,0.0,0.0,0.0,0.0,0.0,0.0,0.0,0.0,0.0,0.0,0.0,0.0,1.0,0.390431,0.9964,2.221e-05,26.1,4.55252
274,2.573736,2.18974,0.383996,0.677108,0.027917,0.440458,0.0,0.0,0.0,0.0,0.0,0.0,0.0,0.0,0.0,0.0,0.0,0.0,0.0,0.0,0.9999,0.390723,0.9976,2.068e-05,25.7,4.563199
275,2.601908,2.196122,0.405786,0.720473,0.028182,0.4414,0.0,0.0,0.0,0.0,0.0,0.0,0.0,0.0,0.0,0.0,0.0,0.0,0.0,0.0,0.9999,0.390953,0.9964,1.921e-05,26.3,4.54312
276,2.614415,2.194382,0.420033,0.748738,0.028691,0.442297,0.0,0.0,0.0,0.0,0.0,0.0,0.0,0.0,0.0,0.0,0.0,0.0,0.0,0.0,1.0,0.393201,0.9976,1.779e-05,25.8,4.548435
277,2.605039,2.192835,0.412204,0.733124,0.028433,0.442203,0.0,0.0,0.0,0.0,0.0,0.0,0.0,0.0,0.0,0.0,0.0,0.0,0.0,0.0,1.0,0.386248,0.9964,1.642e-05,25.7,4.559899
278,2.602459,2.193347,0.409113,0.727021,0.028463,0.441789,0.0,0.0,0.0,0.0,0.0,0.0,0.0,0.0,0.0,0.0,0.0,0.0,0.0,0.0,0.9999,0.384629,0.9976,1.512e-05,25.8,4.568329
279,2.574969,2.190935,0.384034,0.677261,0.027891,0.440092,0.0,0.0,0.0,0.0,0.0,0.0,0.0,0.0,0.0,0.0,0.0,0.0,0.0,0.0,0.9999,0.386787,0.9964,1.387e-05,25.8,4.558226
280,2.599626,2.1946,0.405026,0.718872,0.028636,0.441588,0.0,0.0,0.0,0.0,0.0,0.0,0.0,0.0,0.0,0.0,0.0,0.0,0.0,0.0,0.9999,0.379466,0.9976,1.268e-05,25.9,4.591396
281,2.584396,2.191986,0.39241,0.693811,0.028241,0.440923,0.0,0.0,0.0,0.0,0.0,0.0,0.0,0.0,0.0,0.0,0.0,0.0,0.0,0.0,1.0,0.384741,0.9976,1.154e-05,25.5,4.573967
282,2.581443,2.189899,0.391544,0.692138,0.028331,0.440585,0.0,0.0,0.0,0.0,0.0,0.0,0.0,0.0,0.0,0.0,0.0,0.0,0.0,0.0,0.9999,0.382426,0.9964,1.047e-05,25.9,4.573469
283,2.589626,2.192895,0.396731,0.702421,0.028223,0.441098,0.0,0.0,0.0,0.0,0.0,0.0,0.0,0.0,0.0,0.0,0.0,0.0,0.0,0.0,1.0,0.387713,0.9976,9.45e-06,26.2,4.568394
284,2.574476,2.189743,0.384734,0.678523,0.028138,0.440656,0.0,0.0,0.0,0.0,0.0,0.0,0.0,0.0,0.0,0.0,0.0,0.0,0.0,0.0,1.0,0.389739,0.9964,8.48e-06,26.3,4.556231
285,2.570965,2.186295,0.38467,0.678437,0.028084,0.440473,0.0,0.0,0.0,0.0,0.0,0.0,0.0,0.0,0.0,0.0,0.0,0.0,0.0,0.0,1.0,0.392342,0.9964,7.58e-06,25.7,4.545298
286,2.567464,2.188423,0.379041,0.66733,0.027798,0.439864,0.0,0.0,0.0,0.0,0.0,0.0,0.0,0.0,0.0,0.0,0.0,0.0,0.0,0.0,1.0,0.390679,0.9976,6.73e-06,26.1,4.549993
287,2.565073,2.190261,0.374812,0.658894,0.027734,0.439777,0.0,0.0,0.0,0.0,0.0,0.0,0.0,0.0,0.0,0.0,0.0,0.0,0.0,0.0,0.9999,0.389041,0.9976,5.95e-06,26.0,4.55807
288,2.595285,2.198234,0.397051,0.70302,0.028336,0.441237,0.0,0.0,0.0,0.0,0.0,0.0,0.0,0.0,0.0,0.0,0.0,0.0,0.0,0.0,1.0,0.389381,0.9976,5.21e-06,25.8,4.551771
289,2.570518,2.189489,0.38103,0.671176,0.027991,0.440423,0.0,0.0,0.0,0.0,0.0,0.0,0.0,0.0,0.0,0.0,0.0,0.0,0.0,0.0,1.0,0.382721,0.9976,4.54e-06,25.9,4.581664
290,2.560992,2.188956,0.372036,0.653309,0.027942,0.439846,0.0,0.0,0.0,0.0,0.0,0.0,0.0,0.0,0.0,0.0,0.0,0.0,0.0,0.0,1.0,0.389197,0.9976,3.93e-06,26.0,4.556016
291,2.57775,2.194976,0.382775,0.674635,0.028326,0.440408,0.0,0.0,0.0,0.0,0.0,0.0,0.0,0.0,0.0,0.0,0.0,0.0,0.0,0.0,1.0,0.387814,0.9964,3.37e-06,25.9,4.560247
292,2.562475,2.191314,0.371161,0.651599,0.027971,0.439633,0.0,0.0,0.0,0.0,0.0,0.0,0.0,0.0,0.0,0.0,0.0,0.0,0.0,0.0,1.0,0.391733,0.9976,2.87e-06,26.0,4.540583
293,2.56246,2.190767,0.371693,0.652666,0.027931,0.439635,0.0,0.0,0.0,0.0,0.0,0.0,0.0,0.0,0.0,0.0,0.0,0.0,0.0,0.0,0.9999,0.384936,0.9976,2.44e-06,26.3,4.579016
294,2.582584,2.191108,0.391476,0.69195,0.028277,0.440871,0.0,0.0,0.0,0.0,0.0,0.0,0.0,0.0,0.0,0.0,0.0,0.0,0.0,0.0,1.0,0.38757,0.9976,2.05e-06,25.7,4.555943
295,2.569383,2.191922,0.377461,0.664058,0.02813,0.440259,0.0,0.0,0.0,0.0,0.0,0.0,0.0,0.0,0.0,0.0,0.0,0.0,0.0,0.0,0.9999,0.387654,0.9964,1.73e-06,26.1,4.564083
296,2.591176,2.197534,0.393642,0.696232,0.028406,0.441053,0.0,0.0,0.0,0.0,0.0,0.0,0.0,0.0,0.0,0.0,0.0,0.0,0.0,0.0,1.0,0.38069,0.9976,1.47e-06,26.0,4.584717
297,2.575937,2.192813,0.383124,0.675356,0.028083,0.440423,0.0,0.0,0.0,0.0,0.0,0.0,0.0,0.0,0.0,0.0,0.0,0.0,0.0,0.0,1.0,0.388732,0.9964,1.26e-06,26.1,4.561993
298,2.585649,2.191043,0.394606,0.698169,0.028368,0.441025,0.0,0.0,0.0,0.0,0.0,0.0,0.0,0.0,0.0,0.0,0.0,0.0,0.0,0.0,0.9999,0.386243,0.9976,1.12e-06,26.1,4.568074
299,2.584131,2.195656,0.388476,0.685896,0.028358,0.441098,0.0,0.0,0.0,0.0,0.0,0.0,0.0,0.0,0.0,0.0,0.0,0.0,0.0,0.0,0.9999,0.390994,0.9976,1.03e-06,25.5,4.553907
300,2.573464,2.191646,0.381818,0.672797,0.028293,0.440049,0.0,0.0,0.0,0.0,0.0,0.0,0.0,0.0,0.0,0.0,0.0,0.0,0.0,0.0,0.9999,0.387382,0.9976,1e-06,26.4,4.57386
