epoch,train_loss,train_ce,train_kd,train_center,train_relation,train_embedding,train_logit_kd,train_topk,train_margin,train_anchor,train_teacher1_kd,train_teacher2_kd,teacher2_active,train_tdl,train_contrast,train_topkd,train_tckd,train_nckd,hard_ratio,avg_true_rank,weighted_center,weighted_feature,weighted_relation,center_weight_effective,feature_weight_effective,relation_weight_effective,grad_norm_ce,grad_norm_center,grad_norm_feature,grad_norm_relation,adaptive_stage,icd_sdc_active,icd_positive_pairs,icd_bank_occupancy,icd_true_class_margin,loss_fcd,loss_arcface_raw,loss_arcface_weighted,loss_logit_kd_weighted,logit_kd_effective_weight,train_acc,val_loss,val_acc,lr,time_s,val_true_class_margin
0,,,,,,,,,,,,,,,,,,,,,,,,,,,,,,,,,,,,,,,,,,16.754396,0.0024,,,-15.628503
1,2.72264,17.271954,0.995445,0.0,0.0,0.973296,44.297845,0.0,0.0,0.0,0.0,0.0,0.0,0.0,0.0,0.0,0.0,0.0,0.0,0.0,0.0,0.0,0.0,0.0,0.0,0.0,0.0,0.0,0.0,0.0,0.0,0.0,288.22857143,0.65437708,-14.75565476,0.97329571,17.2719542,1.72719544,0.02214892,0.0005,0.001,11.30719,0.0,0.00010095,30.3,-8.955139
2,2.514057,15.942355,0.919821,0.0,0.0,0.87967,40.150997,0.0,0.0,0.0,0.0,0.0,0.0,0.0,0.0,0.0,0.0,0.0,0.0,0.0,0.0,0.0,0.0,0.0,0.0,0.0,0.0,0.0,0.0,0.0,0.0,0.0,320.0,1.0,-11.43258929,0.87967035,15.94235461,1.59423549,0.040151,0.001,0.0018,8.184227,0.0024,0.00020095,29.6,-4.728591
3,2.539631,16.321335,0.907497,0.0,0.0,0.851566,37.287096,0.0,0.0,0.0,0.0,0.0,0.0,0.0,0.0,0.0,0.0,0.0,0.0,0.0,0.0,0.0,0.0,0.0,0.0,0.0,0.0,0.0,0.0,0.0,0.0,0.0,320.0,1.0,-10.03980655,0.85156638,16.32133481,1.63213351,0.05593064,0.0015,0.0015,7.220451,0.0036,0.00030095,29.5,-3.376532
4,2.684956,17.632358,0.92172,0.0,0.0,0.848814,36.453091,0.0,0.0,0.0,0.0,0.0,0.0,0.0,0.0,0.0,0.0,0.0,0.0,0.0,0.0,0.0,0.0,0.0,0.0,0.0,0.0,0.0,0.0,0.0,0.0,0.0,320.0,1.0,-9.71138393,0.84881369,17.63235833,1.76323586,0.07290619,0.002,0.0009,7.231366,0.0024,0.00040095,29.5,-3.459656
5,2.851268,19.143504,0.936918,0.0,0.0,0.846239,36.271629,0.0,0.0,0.0,0.0,0.0,0.0,0.0,0.0,0.0,0.0,0.0,0.0,0.0,0.0,0.0,0.0,0.0,0.0,0.0,0.0,0.0,0.0,0.0,0.0,0.0,320.0,1.0,-9.64456845,0.84623866,19.14350432,1.91435046,0.09067907,0.0025,0.0009,6.931932,0.0084,0.00050095,29.5,-3.34611
6,2.993997,20.47445,0.946552,0.0,0.0,0.838228,36.107952,0.0,0.0,0.0,0.0,0.0,0.0,0.0,0.0,0.0,0.0,0.0,0.0,0.0,0.0,0.0,0.0,0.0,0.0,0.0,0.0,0.0,0.0,0.0,0.0,0.0,320.0,1.0,-9.41034226,0.83822815,20.47445037,2.04744508,0.10832386,0.003,0.0009,7.034655,0.0108,0.00060095,29.5,-4.15548
7,3.111132,21.638853,0.947246,0.0,0.0,0.821937,35.802768,0.0,0.0,0.0,0.0,0.0,0.0,0.0,0.0,0.0,0.0,0.0,0.0,0.0,0.0,0.0,0.0,0.0,0.0,0.0,0.0,0.0,0.0,0.0,0.0,0.0,320.0,1.0,-9.01194196,0.82193672,21.63885275,2.16388533,0.12530969,0.0035,0.0015,6.05853,0.0228,0.00070095,29.5,-3.240781
8,3.195933,22.534688,0.942464,0.0,0.0,0.800589,35.468751,0.0,0.0,0.0,0.0,0.0,0.0,0.0,0.0,0.0,0.0,0.0,0.0,0.0,0.0,0.0,0.0,0.0,0.0,0.0,0.0,0.0,0.0,0.0,0.0,0.0,320.0,1.0,-8.35963542,0.80058899,22.53468839,2.25346887,0.14187501,0.004,0.003,6.248652,0.0288,0.00080095,29.4,-3.942428
9,3.288889,23.454986,0.943391,0.0,0.0,0.78525,35.142345,0.0,0.0,0.0,0.0,0.0,0.0,0.0,0.0,0.0,0.0,0.0,0.0,0.0,0.0,0.0,0.0,0.0,0.0,0.0,0.0,0.0,0.0,0.0,0.0,0.0,320.0,1.0,-7.72738095,0.78524997,23.45498559,2.3454986,0.15814054,0.0045,0.0048,5.773993,0.03,0.00090095,29.5,-3.649557
10,3.368478,24.235944,0.944884,0.0,0.0,0.771369,34.70303,0.0,0.0,0.0,0.0,0.0,0.0,0.0,0.0,0.0,0.0,0.0,0.0,0.0,0.0,0.0,0.0,0.0,0.0,0.0,0.0,0.0,0.0,0.0,0.0,0.0,320.0,1.0,-6.91625744,0.7713685,24.23594388,2.42359444,0.17351514,0.005,0.006,5.105286,0.0659,0.001,29.4,-3.019461
11,3.45354,25.070041,0.946536,0.0,0.0,0.758345,34.216594,0.0,0.0,0.0,0.0,0.0,0.0,0.0,0.0,0.0,0.0,0.0,0.0,0.0,0.0,0.0,0.0,0.0,0.0,0.0,0.0,0.0,0.0,0.0,0.0,0.0,320.0,1.0,-6.14490327,0.75834458,25.07004078,2.50700412,0.18819127,0.0055,0.0085,4.988386,0.0743,0.00099997,29.4,-2.98367
12,3.530409,25.831611,0.947248,0.0,0.0,0.745148,33.68319,0.0,0.0,0.0,0.0,0.0,0.0,0.0,0.0,0.0,0.0,0.0,0.0,0.0,0.0,0.0,0.0,0.0,0.0,0.0,0.0,0.0,0.0,0.0,0.0,0.0,320.0,1.0,-5.29732143,0.7451485,25.83161109,2.58316116,0.20209914,0.006,0.0174,4.901703,0.0731,0.00099988,29.3,-3.201703
13,3.619146,26.703713,0.948775,0.0,0.0,0.733423,33.131008,0.0,0.0,0.0,0.0,0.0,0.0,0.0,0.0,0.0,0.0,0.0,0.0,0.0,0.0,0.0,0.0,0.0,0.0,0.0,0.0,0.0,0.0,0.0,0.0,0.0,320.0,1.0,-4.5609189,0.73342298,26.70371337,2.67037138,0.21535156,0.0065,0.0269,3.650702,0.1619,0.00099974,29.3,-1.804484
14,3.717529,27.684873,0.949042,0.0,0.0,0.720607,32.633621,0.0,0.0,0.0,0.0,0.0,0.0,0.0,0.0,0.0,0.0,0.0,0.0,0.0,0.0,0.0,0.0,0.0,0.0,0.0,0.0,0.0,0.0,0.0,0.0,0.0,320.0,1.0,-3.98664435,0.72060681,27.68487265,2.76848731,0.22843535,0.007,0.0412,3.982301,0.1439,0.00099953,29.5,-2.226068
15,3.817775,28.683003,0.949474,0.0,0.0,0.708019,32.194102,0.0,0.0,0.0,0.0,0.0,0.0,0.0,0.0,0.0,0.0,0.0,0.0,0.0,0.0,0.0,0.0,0.0,0.0,0.0,0.0,0.0,0.0,0.0,0.0,0.0,320.0,1.0,-3.43532366,0.70801859,28.68300336,2.86830039,0.24145576,0.0075,0.0615,3.664107,0.1954,0.00099927,29.3,-1.872941
16,3.919121,29.717813,0.94734,0.0,0.0,0.69318,31.769977,0.0,0.0,0.0,0.0,0.0,0.0,0.0,0.0,0.0,0.0,0.0,0.0,0.0,0.0,0.0,0.0,0.0,0.0,0.0,0.0,0.0,0.0,0.0,0.0,0.0,320.0,1.0,-2.94467076,0.69317972,29.71781311,2.97178135,0.25415983,0.008,0.0943,3.269119,0.2386,0.00099895,29.2,-1.712382
17,4.031168,30.813148,0.949854,0.0,0.0,0.682261,31.481479,0.0,0.0,0.0,0.0,0.0,0.0,0.0,0.0,0.0,0.0,0.0,0.0,0.0,0.0,0.0,0.0,0.0,0.0,0.0,0.0,0.0,0.0,0.0,0.0,0.0,320.0,1.0,-2.57005208,0.68226101,30.81314824,3.08131487,0.26759259,0.0085,0.1251,3.540617,0.2254,0.00099856,29.3,-2.008856
18,4.137091,31.897407,0.947351,0.0,0.0,0.667878,31.052509,0.0,0.0,0.0,0.0,0.0,0.0,0.0,0.0,0.0,0.0,0.0,0.0,0.0,0.0,0.0,0.0,0.0,0.0,0.0,0.0,0.0,0.0,0.0,0.0,0.0,320.0,1.0,-2.19095052,0.66787797,31.89740704,3.18974075,0.27947257,0.009,0.1628,2.049105,0.512,0.00099813,29.4,0.010001
19,4.244905,32.978825,0.947022,0.0,0.0,0.6546,30.781268,0.0,0.0,0.0,0.0,0.0,0.0,0.0,0.0,0.0,0.0,0.0,0.0,0.0,0.0,0.0,0.0,0.0,0.0,0.0,0.0,0.0,0.0,0.0,0.0,0.0,320.0,1.0,-1.83680246,0.65460006,32.97882545,3.29788259,0.29242204,0.0095,0.2153,1.942103,0.5012,0.00099763,29.2,0.088751
20,4.347303,34.016845,0.945619,0.0,0.0,0.640404,30.521463,0.0,0.0,0.0,0.0,0.0,0.0,0.0,0.0,0.0,0.0,0.0,0.0,0.0,0.0,0.0,0.0,0.0,0.0,0.0,0.0,0.0,0.0,0.0,0.0,0.0,320.0,1.0,-1.46307896,0.64040401,34.01684519,3.40168457,0.30521463,0.01,0.2731,1.883848,0.5144,0.00099707,29.6,0.210879
21,4.292677,33.603498,0.932327,0.0,0.0,0.627981,30.434624,0.0,0.0,0.0,0.0,0.0,0.0,0.0,0.0,0.0,0.0,0.0,0.0,0.0,0.0,0.0,0.0,0.0,0.0,0.0,0.0,0.0,0.0,0.0,0.0,0.0,320.0,1.0,-1.11297317,0.62798102,33.60349819,3.36034986,0.30434623,0.01,0.3321,1.999273,0.4928,0.00099646,29.7,-0.033597
22,4.244046,33.227837,0.921263,0.0,0.0,0.617304,30.395891,0.0,0.0,0.0,0.0,0.0,0.0,0.0,0.0,0.0,0.0,0.0,0.0,0.0,0.0,0.0,0.0,0.0,0.0,0.0,0.0,0.0,0.0,0.0,0.0,0.0,320.0,1.0,-0.79356108,0.61730367,33.2278367,3.32278372,0.30395891,0.01,0.3781,1.481167,0.6235,0.00099579,29.9,1.183718
23,4.174635,32.662295,0.908405,0.0,0.0,0.603699,30.470668,0.0,0.0,0.0,0.0,0.0,0.0,0.0,0.0,0.0,0.0,0.0,0.0,0.0,0.0,0.0,0.0,0.0,0.0,0.0,0.0,0.0,0.0,0.0,0.0,0.0,320.0,1.0,-0.28206235,0.60369862,32.66229526,3.26622957,0.30470668,0.01,0.4479,1.433583,0.6367,0.00099505,31.8,1.292338
24,4.099323,32.005906,0.898732,0.0,0.0,0.590748,30.798408,0.0,0.0,0.0,0.0,0.0,0.0,0.0,0.0,0.0,0.0,0.0,0.0,0.0,0.0,0.0,0.0,0.0,0.0,0.0,0.0,0.0,0.0,0.0,0.0,0.0,320.0,1.0,0.33000372,0.59074809,32.00590561,3.20059061,0.30798408,0.01,0.5205,1.61654,0.6139,0.00099427,35.3,1.48002
25,4.037659,31.426732,0.894986,0.0,0.0,0.581009,31.397679,0.0,0.0,0.0,0.0,0.0,0.0,0.0,0.0,0.0,0.0,0.0,0.0,0.0,0.0,0.0,0.0,0.0,0.0,0.0,0.0,0.0,0.0,0.0,0.0,0.0,320.0,1.0,0.83443429,0.58100949,31.42673176,3.14267323,0.31397678,0.01,0.5704,1.080473,0.7302,0.00099342,34.6,2.733393
26,3.942482,30.492994,0.893183,0.0,0.0,0.570589,32.25939,0.0,0.0,0.0,0.0,0.0,0.0,0.0,0.0,0.0,0.0,0.0,0.0,0.0,0.0,0.0,0.0,0.0,0.0,0.0,0.0,0.0,0.0,0.0,0.0,0.0,320.0,1.0,1.65861787,0.57058868,30.49299407,3.04929945,0.3225939,0.01,0.6289,0.929163,0.7746,0.00099252,35.7,4.019147
27,3.84748,29.522211,0.895259,0.0,0.0,0.560592,33.466612,0.0,0.0,0.0,0.0,0.0,0.0,0.0,0.0,0.0,0.0,0.0,0.0,0.0,0.0,0.0,0.0,0.0,0.0,0.0,0.0,0.0,0.0,0.0,0.0,0.0,320.0,1.0,2.48009469,0.56059242,29.52221106,2.95222116,0.33466611,0.01,0.692,1.212202,0.735,0.00099155,35.5,4.277791
28,3.732372,28.375459,0.894826,0.0,0.0,0.548959,34.586758,0.0,0.0,0.0,0.0,0.0,0.0,0.0,0.0,0.0,0.0,0.0,0.0,0.0,0.0,0.0,0.0,0.0,0.0,0.0,0.0,0.0,0.0,0.0,0.0,0.0,320.0,1.0,3.43469355,0.54895893,28.3754588,2.83754592,0.34586757,0.01,0.7369,2.396732,0.6019,0.00099053,36.0,1.288747
29,3.587091,26.97324,0.889767,0.0,0.0,0.534701,35.506663,0.0,0.0,0.0,0.0,0.0,0.0,0.0,0.0,0.0,0.0,0.0,0.0,0.0,0.0,0.0,0.0,0.0,0.0,0.0,0.0,0.0,0.0,0.0,0.0,0.0,320.0,1.0,4.58310082,0.53470086,26.97323954,2.69732401,0.35506662,0.01,0.7905,0.793284,0.8405,0.00098946,35.9,6.400489
30,3.458105,25.737943,0.884311,0.0,0.0,0.524583,35.972788,0.0,0.0,0.0,0.0,0.0,0.0,0.0,0.0,0.0,0.0,0.0,0.0,0.0,0.0,0.0,0.0,0.0,0.0,0.0,0.0,0.0,0.0,0.0,0.0,0.0,320.0,1.0,5.59309896,0.52458303,25.7379425,2.57379429,0.35972787,0.01,0.8368,0.80195,0.8525,0.00098832,35.7,7.389798
31,3.307114,24.351959,0.871919,0.0,0.0,0.51226,35.965879,0.0,0.0,0.0,0.0,0.0,0.0,0.0,0.0,0.0,0.0,0.0,0.0,0.0,0.0,0.0,0.0,0.0,0.0,0.0,0.0,0.0,0.0,0.0,0.0,0.0,320.0,1.0,6.6968936,0.51225979,24.35195868,2.43519592,0.35965878,0.01,0.8659,0.629751,0.8693,0.00098713,35.6,9.001269
32,3.171592,23.116632,0.859929,0.0,0.0,0.501498,35.843032,0.0,0.0,0.0,0.0,0.0,0.0,0.0,0.0,0.0,0.0,0.0,0.0,0.0,0.0,0.0,0.0,0.0,0.0,0.0,0.0,0.0,0.0,0.0,0.0,0.0,320.0,1.0,7.66692708,0.50149849,23.11663179,2.31166323,0.35843031,0.01,0.8927,0.623824,0.8873,0.00098588,35.9,8.900679
33,3.039316,21.920122,0.847304,0.0,0.0,0.490838,35.646567,0.0,0.0,0.0,0.0,0.0,0.0,0.0,0.0,0.0,0.0,0.0,0.0,0.0,0.0,0.0,0.0,0.0,0.0,0.0,0.0,0.0,0.0,0.0,0.0,0.0,320.0,1.0,8.60208333,0.49083849,21.92012184,2.19201222,0.35646566,0.01,0.9134,0.658432,0.8777,0.00098458,35.7,9.29368
34,2.932789,20.957003,0.837089,0.0,0.0,0.482235,35.485425,0.0,0.0,0.0,0.0,0.0,0.0,0.0,0.0,0.0,0.0,0.0,0.0,0.0,0.0,0.0,0.0,0.0,0.0,0.0,0.0,0.0,0.0,0.0,0.0,0.0,320.0,1.0,9.34363839,0.48223486,20.95700329,2.09570038,0.35485424,0.01,0.9214,0.421088,0.9257,0.00098321,36.3,11.999447
35,2.795575,19.752288,0.820346,0.0,0.0,0.47005,35.0296,0.0,0.0,0.0,0.0,0.0,0.0,0.0,0.0,0.0,0.0,0.0,0.0,0.0,0.0,0.0,0.0,0.0,0.0,0.0,0.0,0.0,0.0,0.0,0.0,0.0,320.0,1.0,10.31845238,0.47004983,19.75228778,1.97522881,0.35029599,0.01,0.9402,0.412356,0.9329,0.00098179,35.8,11.794583
36,2.694811,18.866685,0.808142,0.0,0.0,0.461089,34.70539,0.0,0.0,0.0,0.0,0.0,0.0,0.0,0.0,0.0,0.0,0.0,0.0,0.0,0.0,0.0,0.0,0.0,0.0,0.0,0.0,0.0,0.0,0.0,0.0,0.0,320.0,1.0,10.96287202,0.46108858,18.86668526,1.88666856,0.34705389,0.01,0.9464,0.233277,0.9532,0.00098032,35.4,14.570905
37,2.574532,17.817383,0.792793,0.0,0.0,0.451623,34.117046,0.0,0.0,0.0,0.0,0.0,0.0,0.0,0.0,0.0,0.0,0.0,0.0,0.0,0.0,0.0,0.0,0.0,0.0,0.0,0.0,0.0,0.0,0.0,0.0,0.0,320.0,1.0,11.80669643,0.45162289,17.81738325,1.78173835,0.34117045,0.01,0.9631,0.29816,0.9496,0.00097879,35.0,14.621415
38,2.498433,17.165458,0.781887,0.0,0.0,0.44322,33.866674,0.0,0.0,0.0,0.0,0.0,0.0,0.0,0.0,0.0,0.0,0.0,0.0,0.0,0.0,0.0,0.0,0.0,0.0,0.0,0.0,0.0,0.0,0.0,0.0,0.0,320.0,1.0,12.30297619,0.44321996,17.16545803,1.71654583,0.33866673,0.01,0.9618,0.248084,0.964,0.0009772,35.0,15.441255
39,2.403463,16.342803,0.769183,0.0,0.0,0.435037,33.414531,0.0,0.0,0.0,0.0,0.0,0.0,0.0,0.0,0.0,0.0,0.0,0.0,0.0,0.0,0.0,0.0,0.0,0.0,0.0,0.0,0.0,0.0,0.0,0.0,0.0,320.0,1.0,12.94494048,0.43503736,16.34280258,1.63428029,0.3341453,0.01,0.9685,0.380657,0.9329,0.00097555,35.2,12.192655
40,2.343285,15.831592,0.760126,0.0,0.0,0.429674,33.045135,0.0,0.0,0.0,0.0,0.0,0.0,0.0,0.0,0.0,0.0,0.0,0.0,0.0,0.0,0.0,0.0,0.0,0.0,0.0,0.0,0.0,0.0,0.0,0.0,0.0,320.0,1.0,13.3327381,0.42967433,15.83159176,1.5831592,0.33045135,0.01,0.9738,0.195774,0.97,0.00097385,34.7,17.458203
41,2.251096,15.067338,0.744362,0.0,0.0,0.419797,32.456507,0.0,0.0,0.0,0.0,0.0,0.0,0.0,0.0,0.0,0.0,0.0,0.0,0.0,0.0,0.0,0.0,0.0,0.0,0.0,0.0,0.0,0.0,0.0,0.0,0.0,320.0,1.0,13.94858631,0.41979681,15.06733781,1.50673381,0.32456507,0.01,0.9795,0.307277,0.9508,0.0009721,35.4,13.844289
42,2.185743,14.524075,0.733336,0.0,0.0,0.412859,32.047653,0.0,0.0,0.0,0.0,0.0,0.0,0.0,0.0,0.0,0.0,0.0,0.0,0.0,0.0,0.0,0.0,0.0,0.0,0.0,0.0,0.0,0.0,0.0,0.0,0.0,320.0,1.0,14.37522321,0.41285923,14.52407515,1.45240753,0.32047652,0.01,0.978,0.29614,0.9484,0.00097029,35.5,14.077653
43,2.149007,14.239188,0.725089,0.0,0.0,0.40785,31.723836,0.0,0.0,0.0,0.0,0.0,0.0,0.0,0.0,0.0,0.0,0.0,0.0,0.0,0.0,0.0,0.0,0.0,0.0,0.0,0.0,0.0,0.0,0.0,0.0,0.0,320.0,1.0,14.58400298,0.40785027,14.23918846,1.42391887,0.31723835,0.01,0.9823,0.135873,0.9808,0.00096842,35.1,19.148553
44,2.070363,13.588314,0.711531,0.0,0.0,0.399861,31.167047,0.0,0.0,0.0,0.0,0.0,0.0,0.0,0.0,0.0,0.0,0.0,0.0,0.0,0.0,0.0,0.0,0.0,0.0,0.0,0.0,0.0,0.0,0.0,0.0,0.0,320.0,1.0,15.11525298,0.39986086,13.58831444,1.35883147,0.31167046,0.01,0.9823,0.161832,0.9712,0.0009665,35.4,18.348318
45,2.038143,13.363953,0.701748,0.0,0.0,0.394734,30.70137,0.0,0.0,0.0,0.0,0.0,0.0,0.0,0.0,0.0,0.0,0.0,0.0,0.0,0.0,0.0,0.0,0.0,0.0,0.0,0.0,0.0,0.0,0.0,0.0,0.0,320.0,1.0,15.27775298,0.39473407,13.3639532,1.33639534,0.30701369,0.01,0.9869,0.146979,0.9796,0.00096452,36.5,18.849435
46,1.977549,12.864751,0.691074,0.0,0.0,0.388785,30.228822,0.0,0.0,0.0,0.0,0.0,0.0,0.0,0.0,0.0,0.0,0.0,0.0,0.0,0.0,0.0,0.0,0.0,0.0,0.0,0.0,0.0,0.0,0.0,0.0,0.0,320.0,1.0,15.71383929,0.38878539,12.86475147,1.28647517,0.30228821,0.01,0.9876,0.109092,0.982,0.00096249,36.1,20.870095
47,1.942187,12.607911,0.681396,0.0,0.0,0.383307,29.808887,0.0,0.0,0.0,0.0,0.0,0.0,0.0,0.0,0.0,0.0,0.0,0.0,0.0,0.0,0.0,0.0,0.0,0.0,0.0,0.0,0.0,0.0,0.0,0.0,0.0,320.0,1.0,15.91584821,0.38330686,12.60791106,1.26079113,0.29808887,0.01,0.9874,0.098105,0.9856,0.00096041,35.7,19.959516
48,1.903277,12.31261,0.672016,0.0,0.0,0.378682,29.333477,0.0,0.0,0.0,0.0,0.0,0.0,0.0,0.0,0.0,0.0,0.0,0.0,0.0,0.0,0.0,0.0,0.0,0.0,0.0,0.0,0.0,0.0,0.0,0.0,0.0,320.0,1.0,16.16190476,0.37868166,12.31261044,1.23126107,0.29333477,0.01,0.9868,0.153113,0.9772,0.00095827,35.6,17.791935
49,1.843795,11.820712,0.661723,0.0,0.0,0.373589,28.813391,0.0,0.0,0.0,0.0,0.0,0.0,0.0,0.0,0.0,0.0,0.0,0.0,0.0,0.0,0.0,0.0,0.0,0.0,0.0,0.0,0.0,0.0,0.0,0.0,0.0,320.0,1.0,16.584375,0.37358941,11.82071222,1.18207124,0.28813391,0.01,0.99,0.118106,0.982,0.00095608,35.9,19.64701
50,1.821781,11.67733,0.654048,0.0,0.0,0.368997,28.505127,0.0,0.0,0.0,0.0,0.0,0.0,0.0,0.0,0.0,0.0,0.0,0.0,0.0,0.0,0.0,0.0,0.0,0.0,0.0,0.0,0.0,0.0,0.0,0.0,0.0,320.0,1.0,16.70877976,0.3689968,11.67733019,1.16773304,0.28505127,0.01,0.9887,0.084635,0.9892,0.00095383,35.5,21.612895
51,1.781364,11.367419,0.644622,0.0,0.0,0.363359,28.126279,0.0,0.0,0.0,0.0,0.0,0.0,0.0,0.0,0.0,0.0,0.0,0.0,0.0,0.0,0.0,0.0,0.0,0.0,0.0,0.0,0.0,0.0,0.0,0.0,0.0,320.0,1.0,16.98318452,0.36335887,11.36741895,1.13674192,0.28126279,0.01,0.9927,0.102999,0.988,0.00095154,35.5,20.222249
52,1.745111,11.082984,0.636813,0.0,0.0,0.360027,27.678573,0.0,0.0,0.0,0.0,0.0,0.0,0.0,0.0,0.0,0.0,0.0,0.0,0.0,0.0,0.0,0.0,0.0,0.0,0.0,0.0,0.0,0.0,0.0,0.0,0.0,320.0,1.0,17.23497024,0.36002689,11.08298414,1.10829843,0.27678573,0.01,0.993,0.057701,0.9916,0.00094918,35.3,22.21696
53,1.714,10.850679,0.628933,0.0,0.0,0.355708,27.322421,0.0,0.0,0.0,0.0,0.0,0.0,0.0,0.0,0.0,0.0,0.0,0.0,0.0,0.0,0.0,0.0,0.0,0.0,0.0,0.0,0.0,0.0,0.0,0.0,0.0,320.0,1.0,17.43169643,0.35570834,10.85067878,1.0850679,0.27322421,0.01,0.994,0.087911,0.9832,0.00094678,35.2,20.723587
54,1.692227,10.683273,0.6239,0.0,0.0,0.353529,27.037102,0.0,0.0,0.0,0.0,0.0,0.0,0.0,0.0,0.0,0.0,0.0,0.0,0.0,0.0,0.0,0.0,0.0,0.0,0.0,0.0,0.0,0.0,0.0,0.0,0.0,320.0,1.0,17.5906994,0.35352919,10.68327269,1.06832729,0.27037101,0.01,0.9942,0.070359,0.988,0.00094432,35.1,21.721024
55,1.655583,10.409838,0.614599,0.0,0.0,0.347841,26.675888,0.0,0.0,0.0,0.0,0.0,0.0,0.0,0.0,0.0,0.0,0.0,0.0,0.0,0.0,0.0,0.0,0.0,0.0,0.0,0.0,0.0,0.0,0.0,0.0,0.0,320.0,1.0,17.85081845,0.34784056,10.40983758,1.04098377,0.26675888,0.01,0.9942,0.061503,0.9916,0.00094181,35.2,23.095142
56,1.646253,10.352246,0.611029,0.0,0.0,0.346871,26.415759,0.0,0.0,0.0,0.0,0.0,0.0,0.0,0.0,0.0,0.0,0.0,0.0,0.0,0.0,0.0,0.0,0.0,0.0,0.0,0.0,0.0,0.0,0.0,0.0,0.0,320.0,1.0,17.91912202,0.34687106,10.35224569,1.03522459,0.26415759,0.01,0.9946,0.083164,0.9892,0.00093925,35.5,21.432351
57,1.615903,10.127017,0.603201,0.0,0.0,0.343036,26.016475,0.0,0.0,0.0,0.0,0.0,0.0,0.0,0.0,0.0,0.0,0.0,0.0,0.0,0.0,0.0,0.0,0.0,0.0,0.0,0.0,0.0,0.0,0.0,0.0,0.0,320.0,1.0,18.11785714,0.34303617,10.12701725,1.01270174,0.26016475,0.01,0.9958,0.109895,0.988,0.00093664,35.8,19.731541
58,1.567085,9.7122,0.595865,0.0,0.0,0.339145,25.671956,0.0,0.0,0.0,0.0,0.0,0.0,0.0,0.0,0.0,0.0,0.0,0.0,0.0,0.0,0.0,0.0,0.0,0.0,0.0,0.0,0.0,0.0,0.0,0.0,0.0,320.0,1.0,18.49345238,0.33914527,9.71219963,0.97121998,0.25671956,0.01,0.9961,0.051112,0.9904,0.00093398,36.2,22.073771
59,1.551689,9.619748,0.589714,0.0,0.0,0.336295,25.341926,0.0,0.0,0.0,0.0,0.0,0.0,0.0,0.0,0.0,0.0,0.0,0.0,0.0,0.0,0.0,0.0,0.0,0.0,0.0,0.0,0.0,0.0,0.0,0.0,0.0,320.0,1.0,18.58467262,0.33629461,9.61974837,0.96197485,0.25341926,0.01,0.9955,0.062312,0.988,0.00093126,36.9,22.078619
60,1.546257,9.593436,0.586914,0.0,0.0,0.335105,25.180889,0.0,0.0,0.0,0.0,0.0,0.0,0.0,0.0,0.0,0.0,0.0,0.0,0.0,0.0,0.0,0.0,0.0,0.0,0.0,0.0,0.0,0.0,0.0,0.0,0.0,320.0,1.0,18.63958333,0.33510484,9.59343566,0.95934358,0.25180889,0.01,0.9957,0.056807,0.9904,0.0009285,37.1,23.198013
61,1.519036,9.397849,0.579251,0.0,0.0,0.331045,24.820587,0.0,0.0,0.0,0.0,0.0,0.0,0.0,0.0,0.0,0.0,0.0,0.0,0.0,0.0,0.0,0.0,0.0,0.0,0.0,0.0,0.0,0.0,0.0,0.0,0.0,320.0,1.0,18.81205357,0.33104491,9.3978485,0.93978486,0.24820586,0.01,0.9973,0.061606,0.9892,0.00092569,37.5,23.441149
62,1.496335,9.226668,0.573668,0.0,0.0,0.327772,24.589534,0.0,0.0,0.0,0.0,0.0,0.0,0.0,0.0,0.0,0.0,0.0,0.0,0.0,0.0,0.0,0.0,0.0,0.0,0.0,0.0,0.0,0.0,0.0,0.0,0.0,320.0,1.0,18.9953869,0.32777245,9.22666784,0.9226668,0.24589534,0.01,0.9972,0.04866,0.9928,0.00092282,37.4,24.296845
63,1.481425,9.13629,0.567796,0.0,0.0,0.325061,24.273464,0.0,0.0,0.0,0.0,0.0,0.0,0.0,0.0,0.0,0.0,0.0,0.0,0.0,0.0,0.0,0.0,0.0,0.0,0.0,0.0,0.0,0.0,0.0,0.0,0.0,320.0,1.0,19.08497024,0.32506138,9.13628961,0.91362898,0.24273463,0.01,0.9975,0.050169,0.9916,0.00091991,37.0,23.340388
64,1.457019,8.92442,0.564577,0.0,0.0,0.323959,24.061742,0.0,0.0,0.0,0.0,0.0,0.0,0.0,0.0,0.0,0.0,0.0,0.0,0.0,0.0,0.0,0.0,0.0,0.0,0.0,0.0,0.0,0.0,0.0,0.0,0.0,320.0,1.0,19.27321429,0.3239592,8.92442011,0.89244203,0.24061741,0.01,0.9982,0.051866,0.9928,0.00091694,37.4,22.664393
65,1.44046,8.822785,0.558181,0.0,0.0,0.32036,23.7821,0.0,0.0,0.0,0.0,0.0,0.0,0.0,0.0,0.0,0.0,0.0,0.0,0.0,0.0,0.0,0.0,0.0,0.0,0.0,0.0,0.0,0.0,0.0,0.0,0.0,320.0,1.0,19.4110119,0.32036032,8.82278539,0.88227855,0.23782099,0.01,0.9969,0.040322,0.994,0.00091393,36.9,24.041826
66,1.430601,8.735978,0.557003,0.0,0.0,0.320125,23.687888,0.0,0.0,0.0,0.0,0.0,0.0,0.0,0.0,0.0,0.0,0.0,0.0,0.0,0.0,0.0,0.0,0.0,0.0,0.0,0.0,0.0,0.0,0.0,0.0,0.0,320.0,1.0,19.50133929,0.32012457,8.73597804,0.87359782,0.23687888,0.01,0.997,0.044676,0.9916,0.00091087,37.5,24.216781
67,1.389273,8.402591,0.549014,0.0,0.0,0.316233,23.278088,0.0,0.0,0.0,0.0,0.0,0.0,0.0,0.0,0.0,0.0,0.0,0.0,0.0,0.0,0.0,0.0,0.0,0.0,0.0,0.0,0.0,0.0,0.0,0.0,0.0,320.0,1.0,19.7952381,0.31623328,8.40259103,0.84025912,0.23278087,0.01,0.997,0.036665,0.9928,0.00090776,38.3,23.58968
68,1.397079,8.497216,0.547358,0.0,0.0,0.315691,23.166687,0.0,0.0,0.0,0.0,0.0,0.0,0.0,0.0,0.0,0.0,0.0,0.0,0.0,0.0,0.0,0.0,0.0,0.0,0.0,0.0,0.0,0.0,0.0,0.0,0.0,320.0,1.0,19.72053571,0.31569093,8.49721592,0.8497216,0.23166686,0.01,0.9984,0.036207,0.9952,0.0009046,38.2,24.325416
69,1.391512,8.479411,0.543571,0.0,0.0,0.313736,22.983461,0.0,0.0,0.0,0.0,0.0,0.0,0.0,0.0,0.0,0.0,0.0,0.0,0.0,0.0,0.0,0.0,0.0,0.0,0.0,0.0,0.0,0.0,0.0,0.0,0.0,320.0,1.0,19.75416667,0.31373594,8.47941093,0.84794111,0.2298346,0.01,0.9975,0.038326,0.9928,0.0009014,38.5,24.072403
70,1.353604,8.156399,0.537964,0.0,0.0,0.310403,22.756079,0.0,0.0,0.0,0.0,0.0,0.0,0.0,0.0,0.0,0.0,0.0,0.0,0.0,0.0,0.0,0.0,0.0,0.0,0.0,0.0,0.0,0.0,0.0,0.0,0.0,320.0,1.0,20.04092262,0.31040348,8.15639909,0.81563992,0.22756078,0.01,0.9976,0.039916,0.9916,0.00089815,38.5,23.254156
71,1.37039,8.31307,0.539083,0.0,0.0,0.311658,22.742464,0.0,0.0,0.0,0.0,0.0,0.0,0.0,0.0,0.0,0.0,0.0,0.0,0.0,0.0,0.0,0.0,0.0,0.0,0.0,0.0,0.0,0.0,0.0,0.0,0.0,320.0,1.0,19.93630952,0.31165841,8.31306982,0.83130699,0.22742464,0.01,0.9982,0.031562,0.9916,0.00089485,38.4,25.162885
72,1.312748,7.829027,0.529845,0.0,0.0,0.306759,22.308696,0.0,0.0,0.0,0.0,0.0,0.0,0.0,0.0,0.0,0.0,0.0,0.0,0.0,0.0,0.0,0.0,0.0,0.0,0.0,0.0,0.0,0.0,0.0,0.0,0.0,320.0,1.0,20.39360119,0.30675855,7.82902709,0.78290272,0.22308695,0.01,0.9991,0.032867,0.994,0.00089151,38.0,24.926367
73,1.332818,8.036166,0.529202,0.0,0.0,0.306625,22.25762,0.0,0.0,0.0,0.0,0.0,0.0,0.0,0.0,0.0,0.0,0.0,0.0,0.0,0.0,0.0,0.0,0.0,0.0,0.0,0.0,0.0,0.0,0.0,0.0,0.0,320.0,1.0,20.21666667,0.30662534,8.0361656,0.80361657,0.22257619,0.01,0.9984,0.042397,0.994,0.00088812,38.2,24.223365
74,1.312314,7.867944,0.52552,0.0,0.0,0.304815,22.070531,0.0,0.0,0.0,0.0,0.0,0.0,0.0,0.0,0.0,0.0,0.0,0.0,0.0,0.0,0.0,0.0,0.0,0.0,0.0,0.0,0.0,0.0,0.0,0.0,0.0,320.0,1.0,20.35803571,0.30481463,7.86794416,0.78679443,0.2207053,0.01,0.9991,0.034207,0.9928,0.00088468,37.7,24.569492
75,1.307688,7.841987,0.523489,0.0,0.0,0.303918,21.957137,0.0,0.0,0.0,0.0,0.0,0.0,0.0,0.0,0.0,0.0,0.0,0.0,0.0,0.0,0.0,0.0,0.0,0.0,0.0,0.0,0.0,0.0,0.0,0.0,0.0,320.0,1.0,20.40178571,0.30391758,7.84198726,0.78419874,0.21957136,0.01,0.9973,0.023699,0.994,0.0008812,38.1,25.993839
76,1.275299,7.57508,0.517791,0.0,0.0,0.300964,21.682711,0.0,0.0,0.0,0.0,0.0,0.0,0.0,0.0,0.0,0.0,0.0,0.0,0.0,0.0,0.0,0.0,0.0,0.0,0.0,0.0,0.0,0.0,0.0,0.0,0.0,320.0,1.0,20.66339286,0.30096438,7.57507983,0.75750799,0.2168271,0.01,0.9988,0.034346,0.9916,0.00087767,38.5,24.933397
77,1.2618,7.467821,0.515018,0.0,0.0,0.2998,21.521781,0.0,0.0,0.0,0.0,0.0,0.0,0.0,0.0,0.0,0.0,0.0,0.0,0.0,0.0,0.0,0.0,0.0,0.0,0.0,0.0,0.0,0.0,0.0,0.0,0.0,320.0,1.0,20.77514881,0.29980032,7.46782143,0.74678215,0.2152178,0.01,0.9985,0.036407,0.9928,0.0008741,37.5,25.122741
78,1.256844,7.429134,0.513931,0.0,0.0,0.299286,21.464471,0.0,0.0,0.0,0.0,0.0,0.0,0.0,0.0,0.0,0.0,0.0,0.0,0.0,0.0,0.0,0.0,0.0,0.0,0.0,0.0,0.0,0.0,0.0,0.0,0.0,320.0,1.0,20.81904762,0.29928618,7.42913414,0.74291343,0.2146447,0.01,0.9987,0.027129,0.994,0.00087049,38.9,25.11121
79,1.230609,7.231765,0.507433,0.0,0.0,0.295396,21.203687,0.0,0.0,0.0,0.0,0.0,0.0,0.0,0.0,0.0,0.0,0.0,0.0,0.0,0.0,0.0,0.0,0.0,0.0,0.0,0.0,0.0,0.0,0.0,0.0,0.0,320.0,1.0,20.9985119,0.29539571,7.23176506,0.72317652,0.21203687,0.01,0.9988,0.02447,0.9952,0.00086683,39.7,27.035035
80,1.212334,7.081343,0.5042,0.0,0.0,0.294212,20.998803,0.0,0.0,0.0,0.0,0.0,0.0,0.0,0.0,0.0,0.0,0.0,0.0,0.0,0.0,0.0,0.0,0.0,0.0,0.0,0.0,0.0,0.0,0.0,0.0,0.0,320.0,1.0,21.17053571,0.29421174,7.08134275,0.70813429,0.20998803,0.01,0.9985,0.026571,0.9928,0.00086313,39.4,24.94824
81,1.213794,7.089306,0.504863,0.0,0.0,0.294771,21.009213,0.0,0.0,0.0,0.0,0.0,0.0,0.0,0.0,0.0,0.0,0.0,0.0,0.0,0.0,0.0,0.0,0.0,0.0,0.0,0.0,0.0,0.0,0.0,0.0,0.0,320.0,1.0,21.20327381,0.29477119,7.08930608,0.70893062,0.21009213,0.01,0.9985,0.025751,0.994,0.00085939,39.3,24.841654
82,1.193835,6.935572,0.500278,0.0,0.0,0.292104,20.817359,0.0,0.0,0.0,0.0,0.0,0.0,0.0,0.0,0.0,0.0,0.0,0.0,0.0,0.0,0.0,0.0,0.0,0.0,0.0,0.0,0.0,0.0,0.0,0.0,0.0,320.0,1.0,21.32901786,0.29210406,6.93557186,0.6935572,0.20817359,0.01,0.999,0.020668,0.9952,0.00085561,38.7,26.004281
83,1.18387,6.862863,0.497584,0.0,0.0,0.290949,20.663463,0.0,0.0,0.0,0.0,0.0,0.0,0.0,0.0,0.0,0.0,0.0,0.0,0.0,0.0,0.0,0.0,0.0,0.0,0.0,0.0,0.0,0.0,0.0,0.0,0.0,320.0,1.0,21.38407738,0.29094946,6.86286328,0.68628634,0.20663462,0.01,0.9994,0.02362,0.9964,0.00085178,39.3,26.024879
84,1.192259,6.945269,0.497732,0.0,0.0,0.291236,20.649658,0.0,0.0,0.0,0.0,0.0,0.0,0.0,0.0,0.0,0.0,0.0,0.0,0.0,0.0,0.0,0.0,0.0,0.0,0.0,0.0,0.0,0.0,0.0,0.0,0.0,320.0,1.0,21.34092262,0.29123577,6.94526883,0.6945269,0.20649658,0.01,0.9991,0.015249,0.9952,0.00084791,38.6,26.040825
85,1.153279,6.604172,0.492862,0.0,0.0,0.288512,20.43499,0.0,0.0,0.0,0.0,0.0,0.0,0.0,0.0,0.0,0.0,0.0,0.0,0.0,0.0,0.0,0.0,0.0,0.0,0.0,0.0,0.0,0.0,0.0,0.0,0.0,320.0,1.0,21.68333333,0.28851232,6.60417228,0.66041724,0.2043499,0.01,0.9991,0.021497,0.9964,0.00084401,38.2,26.13269
86,1.143268,6.537439,0.489524,0.0,0.0,0.286591,20.293321,0.0,0.0,0.0,0.0,0.0,0.0,0.0,0.0,0.0,0.0,0.0,0.0,0.0,0.0,0.0,0.0,0.0,0.0,0.0,0.0,0.0,0.0,0.0,0.0,0.0,320.0,1.0,21.71964286,0.28659053,6.53743853,0.65374387,0.20293321,0.01,0.9994,0.017831,0.9964,0.00084006,37.8,27.099856
87,1.156857,6.669814,0.489876,0.0,0.0,0.286921,20.295524,0.0,0.0,0.0,0.0,0.0,0.0,0.0,0.0,0.0,0.0,0.0,0.0,0.0,0.0,0.0,0.0,0.0,0.0,0.0,0.0,0.0,0.0,0.0,0.0,0.0,320.0,1.0,21.60907738,0.28692051,6.66981415,0.66698143,0.20295523,0.01,0.9994,0.010992,0.9976,0.00083607,38.1,27.542182
88,1.143337,6.556234,0.487713,0.0,0.0,0.285974,20.173982,0.0,0.0,0.0,0.0,0.0,0.0,0.0,0.0,0.0,0.0,0.0,0.0,0.0,0.0,0.0,0.0,0.0,0.0,0.0,0.0,0.0,0.0,0.0,0.0,0.0,320.0,1.0,21.73928571,0.28597358,6.55623385,0.6556234,0.20173981,0.01,0.999,0.018128,0.9928,0.00083204,38.7,27.57647
89,1.137336,6.518462,0.48549,0.0,0.0,0.285082,20.040723,0.0,0.0,0.0,0.0,0.0,0.0,0.0,0.0,0.0,0.0,0.0,0.0,0.0,0.0,0.0,0.0,0.0,0.0,0.0,0.0,0.0,0.0,0.0,0.0,0.0,320.0,1.0,21.80238095,0.28508247,6.51846242,0.65184626,0.20040722,0.01,0.9993,0.009514,0.9964,0.00082797,38.8,26.635283
90,1.117653,6.347887,0.482864,0.0,0.0,0.283263,19.960063,0.0,0.0,0.0,0.0,0.0,0.0,0.0,0.0,0.0,0.0,0.0,0.0,0.0,0.0,0.0,0.0,0.0,0.0,0.0,0.0,0.0,0.0,0.0,0.0,0.0,320.0,1.0,21.95714286,0.28326321,6.34788656,0.63478867,0.19960063,0.01,0.999,0.016903,0.9928,0.00082387,39.1,27.084387
91,1.122464,6.415441,0.48092,0.0,0.0,0.282636,19.82842,0.0,0.0,0.0,0.0,0.0,0.0,0.0,0.0,0.0,0.0,0.0,0.0,0.0,0.0,0.0,0.0,0.0,0.0,0.0,0.0,0.0,0.0,0.0,0.0,0.0,320.0,1.0,21.91845238,0.2826355,6.41544083,0.64154409,0.1982842,0.01,0.9996,0.011247,0.9952,0.00081973,38.4,27.702018
92,1.094616,6.177508,0.476866,0.0,0.0,0.280333,19.653278,0.0,0.0,0.0,0.0,0.0,0.0,0.0,0.0,0.0,0.0,0.0,0.0,0.0,0.0,0.0,0.0,0.0,0.0,0.0,0.0,0.0,0.0,0.0,0.0,0.0,320.0,1.0,22.14598214,0.28033281,6.17750826,0.61775084,0.19653277,0.01,0.9997,0.008873,0.9976,0.00081555,37.9,26.80253
93,1.091589,6.151185,0.476471,0.0,0.0,0.280255,19.621632,0.0,0.0,0.0,0.0,0.0,0.0,0.0,0.0,0.0,0.0,0.0,0.0,0.0,0.0,0.0,0.0,0.0,0.0,0.0,0.0,0.0,0.0,0.0,0.0,0.0,320.0,1.0,22.1766369,0.28025459,6.15118535,0.61511854,0.19621632,0.01,0.9996,0.017285,0.9952,0.00081133,38.2,26.731237
94,1.072792,6.001278,0.472664,0.0,0.0,0.277993,19.467102,0.0,0.0,0.0,0.0,0.0,0.0,0.0,0.0,0.0,0.0,0.0,0.0,0.0,0.0,0.0,0.0,0.0,0.0,0.0,0.0,0.0,0.0,0.0,0.0,0.0,320.0,1.0,22.29970238,0.27799318,6.00127808,0.60012782,0.19467102,0.01,0.9997,0.007967,0.9964,0.00080707,38.6,28.108647
95,1.073875,6.010003,0.472875,0.0,0.0,0.278524,19.435087,0.0,0.0,0.0,0.0,0.0,0.0,0.0,0.0,0.0,0.0,0.0,0.0,0.0,0.0,0.0,0.0,0.0,0.0,0.0,0.0,0.0,0.0,0.0,0.0,0.0,320.0,1.0,22.32485119,0.27852391,6.01000289,0.6010003,0.19435087,0.01,0.9994,0.013267,0.9952,0.00080278,39.3,27.667146
96,1.066327,5.958933,0.470434,0.0,0.0,0.277211,19.322262,0.0,0.0,0.0,0.0,0.0,0.0,0.0,0.0,0.0,0.0,0.0,0.0,0.0,0.0,0.0,0.0,0.0,0.0,0.0,0.0,0.0,0.0,0.0,0.0,0.0,320.0,1.0,22.39717262,0.27721143,5.95893264,0.59589327,0.19322261,0.01,0.9997,0.010924,0.9976,0.00079846,38.7,28.462145
97,1.056952,5.889229,0.468029,0.0,0.0,0.275303,19.272597,0.0,0.0,0.0,0.0,0.0,0.0,0.0,0.0,0.0,0.0,0.0,0.0,0.0,0.0,0.0,0.0,0.0,0.0,0.0,0.0,0.0,0.0,0.0,0.0,0.0,320.0,1.0,22.46860119,0.27530276,5.8892294,0.58892295,0.19272597,0.01,0.9999,0.004523,0.9976,0.0007941,38.9,28.435256
98,1.061824,5.931253,0.468699,0.0,0.0,0.276332,19.236676,0.0,0.0,0.0,0.0,0.0,0.0,0.0,0.0,0.0,0.0,0.0,0.0,0.0,0.0,0.0,0.0,0.0,0.0,0.0,0.0,0.0,0.0,0.0,0.0,0.0,320.0,1.0,22.41800595,0.27633197,5.9312534,0.59312535,0.19236676,0.01,0.9999,0.014395,0.9964,0.0007897,37.9,27.678885
99,1.055423,5.879655,0.467458,0.0,0.0,0.275666,19.179159,0.0,0.0,0.0,0.0,0.0,0.0,0.0,0.0,0.0,0.0,0.0,0.0,0.0,0.0,0.0,0.0,0.0,0.0,0.0,0.0,0.0,0.0,0.0,0.0,0.0,320.0,1.0,22.48214286,0.27566607,5.87965452,0.58796546,0.19179159,0.01,0.9994,0.013617,0.9952,0.00078528,38.6,27.310174
100,1.028342,5.65023,0.463319,0.0,0.0,0.273168,19.015092,0.0,0.0,0.0,0.0,0.0,0.0,0.0,0.0,0.0,0.0,0.0,0.0,0.0,0.0,0.0,0.0,0.0,0.0,0.0,0.0,0.0,0.0,0.0,0.0,0.0,320.0,1.0,22.7452381,0.27316779,5.65022997,0.56502301,0.19015091,0.01,0.9997,0.013759,0.9988,0.00078081,38.4,28.162979
101,1.029585,5.679021,0.461683,0.0,0.0,0.272188,18.949484,0.0,0.0,0.0,0.0,0.0,0.0,0.0,0.0,0.0,0.0,0.0,0.0,0.0,0.0,0.0,0.0,0.0,0.0,0.0,0.0,0.0,0.0,0.0,0.0,0.0,320.0,1.0,22.69613095,0.2721879,5.6790211,0.56790212,0.18949484,0.01,0.9994,0.014642,0.9964,0.00077632,38.2,28.260222
102,1.008229,5.478077,0.460421,0.0,0.0,0.271913,18.850823,0.0,0.0,0.0,0.0,0.0,0.0,0.0,0.0,0.0,0.0,0.0,0.0,0.0,0.0,0.0,0.0,0.0,0.0,0.0,0.0,0.0,0.0,0.0,0.0,0.0,320.0,1.0,22.89270833,0.27191262,5.47807669,0.54780768,0.18850822,0.01,0.9997,0.00921,0.9988,0.00077179,38.3,27.043961
103,1.003336,5.447035,0.458632,0.0,0.0,0.271206,18.742613,0.0,0.0,0.0,0.0,0.0,0.0,0.0,0.0,0.0,0.0,0.0,0.0,0.0,0.0,0.0,0.0,0.0,0.0,0.0,0.0,0.0,0.0,0.0,0.0,0.0,320.0,1.0,22.92470238,0.2712059,5.44703498,0.5447035,0.18742612,0.01,0.9997,0.007147,0.9952,0.00076723,38.2,28.465276
104,1.002464,5.446206,0.457843,0.0,0.0,0.270859,18.698422,0.0,0.0,0.0,0.0,0.0,0.0,0.0,0.0,0.0,0.0,0.0,0.0,0.0,0.0,0.0,0.0,0.0,0.0,0.0,0.0,0.0,0.0,0.0,0.0,0.0,320.0,1.0,22.93973214,0.27085888,5.44620564,0.54462058,0.18698422,0.01,0.9994,0.014982,0.9964,0.00076264,38.7,28.399148
105,0.993214,5.38346,0.454868,0.0,0.0,0.268969,18.589889,0.0,0.0,0.0,0.0,0.0,0.0,0.0,0.0,0.0,0.0,0.0,0.0,0.0,0.0,0.0,0.0,0.0,0.0,0.0,0.0,0.0,0.0,0.0,0.0,0.0,320.0,1.0,23.0203869,0.26896868,5.38346038,0.53834605,0.18589888,0.01,0.9997,0.003907,0.9988,0.00075802,39.3,28.019212
106,0.978801,5.246541,0.454147,0.0,0.0,0.269017,18.512993,0.0,0.0,0.0,0.0,0.0,0.0,0.0,0.0,0.0,0.0,0.0,0.0,0.0,0.0,0.0,0.0,0.0,0.0,0.0,0.0,0.0,0.0,0.0,0.0,0.0,320.0,1.0,23.17247024,0.26901678,5.24654124,0.52465413,0.18512993,0.01,0.9997,0.016407,0.9976,0.00075337,38.6,28.441724
107,0.990974,5.374512,0.453523,0.0,0.0,0.268192,18.533113,0.0,0.0,0.0,0.0,0.0,0.0,0.0,0.0,0.0,0.0,0.0,0.0,0.0,0.0,0.0,0.0,0.0,0.0,0.0,0.0,0.0,0.0,0.0,0.0,0.0,320.0,1.0,23.03616071,0.26819209,5.37451173,0.53745118,0.18533112,0.01,0.9999,0.007363,0.9964,0.00074869,38.4,28.340515
108,0.976035,5.252355,0.450799,0.0,0.0,0.266893,18.390581,0.0,0.0,0.0,0.0,0.0,0.0,0.0,0.0,0.0,0.0,0.0,0.0,0.0,0.0,0.0,0.0,0.0,0.0,0.0,0.0,0.0,0.0,0.0,0.0,0.0,320.0,1.0,23.17514881,0.26689345,5.25235544,0.52523555,0.18390581,0.01,0.9999,0.019395,0.9928,0.00074398,38.4,27.556042
109,0.966845,5.167148,0.45013,0.0,0.0,0.266861,18.326876,0.0,0.0,0.0,0.0,0.0,0.0,0.0,0.0,0.0,0.0,0.0,0.0,0.0,0.0,0.0,0.0,0.0,0.0,0.0,0.0,0.0,0.0,0.0,0.0,0.0,320.0,1.0,23.2733631,0.26686113,5.16714832,0.51671484,0.18326876,0.01,0.9996,0.00742,0.9964,0.00073924,38.6,28.157884
110,0.959489,5.111878,0.448301,0.0,0.0,0.265813,18.248818,0.0,0.0,0.0,0.0,0.0,0.0,0.0,0.0,0.0,0.0,0.0,0.0,0.0,0.0,0.0,0.0,0.0,0.0,0.0,0.0,0.0,0.0,0.0,0.0,0.0,320.0,1.0,23.30208333,0.26581321,5.11187771,0.51118778,0.18248817,0.01,0.9997,0.006411,0.9964,0.00073447,39.3,28.535352
111,0.956313,5.086541,0.447659,0.0,0.0,0.265622,18.203781,0.0,0.0,0.0,0.0,0.0,0.0,0.0,0.0,0.0,0.0,0.0,0.0,0.0,0.0,0.0,0.0,0.0,0.0,0.0,0.0,0.0,0.0,0.0,0.0,0.0,320.0,1.0,23.39627976,0.26562155,5.08654069,0.50865408,0.1820378,0.01,0.9996,0.008262,0.9964,0.00072968,39.4,29.167344
112,0.935609,4.909169,0.444692,0.0,0.0,0.263709,18.098298,0.0,0.0,0.0,0.0,0.0,0.0,0.0,0.0,0.0,0.0,0.0,0.0,0.0,0.0,0.0,0.0,0.0,0.0,0.0,0.0,0.0,0.0,0.0,0.0,0.0,320.0,1.0,23.56056548,0.26370925,4.90916921,0.49091693,0.18098297,0.01,0.9997,0.012399,0.9976,0.00072485,39.3,28.951607
113,0.953921,5.091365,0.444785,0.0,0.0,0.263518,18.126732,0.0,0.0,0.0,0.0,0.0,0.0,0.0,0.0,0.0,0.0,0.0,0.0,0.0,0.0,0.0,0.0,0.0,0.0,0.0,0.0,0.0,0.0,0.0,0.0,0.0,320.0,1.0,23.39642857,0.26351761,5.09136485,0.5091365,0.18126731,0.01,0.9997,0.016756,0.9928,0.00072001,38.9,28.670203
114,0.935559,4.922706,0.443289,0.0,0.0,0.263249,18.003966,0.0,0.0,0.0,0.0,0.0,0.0,0.0,0.0,0.0,0.0,0.0,0.0,0.0,0.0,0.0,0.0,0.0,0.0,0.0,0.0,0.0,0.0,0.0,0.0,0.0,320.0,1.0,23.52142857,0.26324926,4.92270565,0.49227057,0.18003965,0.01,0.9994,0.00939,0.9988,0.00071513,38.7,29.158848
115,0.926883,4.857972,0.441086,0.0,0.0,0.26161,17.947586,0.0,0.0,0.0,0.0,0.0,0.0,0.0,0.0,0.0,0.0,0.0,0.0,0.0,0.0,0.0,0.0,0.0,0.0,0.0,0.0,0.0,0.0,0.0,0.0,0.0,320.0,1.0,23.64821429,0.26160993,4.85797207,0.48579721,0.17947586,0.01,0.9999,0.006349,0.9976,0.00071023,39.3,28.290171
116,0.910181,4.730305,0.43715,0.0,0.0,0.259672,17.747859,0.0,0.0,0.0,0.0,0.0,0.0,0.0,0.0,0.0,0.0,0.0,0.0,0.0,0.0,0.0,0.0,0.0,0.0,0.0,0.0,0.0,0.0,0.0,0.0,0.0,320.0,1.0,23.7703869,0.25967177,4.73030473,0.47303048,0.17747859,0.01,0.9999,0.008958,0.9964,0.00070531,39.7,29.732967
117,0.914379,4.764068,0.437972,0.0,0.0,0.259786,17.818635,0.0,0.0,0.0,0.0,0.0,0.0,0.0,0.0,0.0,0.0,0.0,0.0,0.0,0.0,0.0,0.0,0.0,0.0,0.0,0.0,0.0,0.0,0.0,0.0,0.0,320.0,1.0,23.75401786,0.25978555,4.76406762,0.47640677,0.17818634,0.01,0.9997,0.002579,0.9988,0.00070036,38.8,29.153669
118,0.918595,4.802153,0.43838,0.0,0.0,0.260606,17.777351,0.0,0.0,0.0,0.0,0.0,0.0,0.0,0.0,0.0,0.0,0.0,0.0,0.0,0.0,0.0,0.0,0.0,0.0,0.0,0.0,0.0,0.0,0.0,0.0,0.0,320.0,1.0,23.71011905,0.26060606,4.80215288,0.4802153,0.17777351,0.01,0.9999,0.003981,0.9976,0.00069539,38.5,29.326934
119,0.92111,4.833709,0.437739,0.0,0.0,0.259911,17.78275,0.0,0.0,0.0,0.0,0.0,0.0,0.0,0.0,0.0,0.0,0.0,0.0,0.0,0.0,0.0,0.0,0.0,0.0,0.0,0.0,0.0,0.0,0.0,0.0,0.0,320.0,1.0,23.69315476,0.25991137,4.83370884,0.48337089,0.1778275,0.01,0.9997,0.000944,1.0,0.0006904,38.1,29.965998
120,0.890632,4.564741,0.434158,0.0,0.0,0.258283,17.587517,0.0,0.0,0.0,0.0,0.0,0.0,0.0,0.0,0.0,0.0,0.0,0.0,0.0,0.0,0.0,0.0,0.0,0.0,0.0,0.0,0.0,0.0,0.0,0.0,0.0,320.0,1.0,23.95029762,0.25828305,4.56474139,0.45647415,0.17587516,0.01,0.9997,0.006171,0.9976,0.00068538,38.9,29.804053
121,0.899757,4.653599,0.434397,0.0,0.0,0.258416,17.598054,0.0,0.0,0.0,0.0,0.0,0.0,0.0,0.0,0.0,0.0,0.0,0.0,0.0,0.0,0.0,0.0,0.0,0.0,0.0,0.0,0.0,0.0,0.0,0.0,0.0,320.0,1.0,23.87395833,0.25841643,4.6535994,0.46535995,0.17598054,0.01,0.9996,0.00603,0.9988,0.00068035,39.1,29.367168
122,0.897776,4.6504,0.432736,0.0,0.0,0.257331,17.540511,0.0,0.0,0.0,0.0,0.0,0.0,0.0,0.0,0.0,0.0,0.0,0.0,0.0,0.0,0.0,0.0,0.0,0.0,0.0,0.0,0.0,0.0,0.0,0.0,0.0,320.0,1.0,23.91175595,0.25733139,4.65039988,0.46503999,0.17540511,0.01,0.9999,0.00755,0.9976,0.00067529,38.7,29.694265
123,0.89495,4.631703,0.431779,0.0,0.0,0.256957,17.482257,0.0,0.0,0.0,0.0,0.0,0.0,0.0,0.0,0.0,0.0,0.0,0.0,0.0,0.0,0.0,0.0,0.0,0.0,0.0,0.0,0.0,0.0,0.0,0.0,0.0,320.0,1.0,23.87395833,0.25695671,4.6317032,0.46317033,0.17482257,0.01,0.9997,0.005265,0.9988,0.00067021,38.9,30.196001
124,0.861977,4.324583,0.429519,0.0,0.0,0.255513,17.400556,0.0,0.0,0.0,0.0,0.0,0.0,0.0,0.0,0.0,0.0,0.0,0.0,0.0,0.0,0.0,0.0,0.0,0.0,0.0,0.0,0.0,0.0,0.0,0.0,0.0,320.0,1.0,24.24032738,0.2555131,4.32458267,0.43245827,0.17400555,0.01,0.9999,0.007707,0.9976,0.00066511,38.5,30.305734
125,0.881733,4.514407,0.430293,0.0,0.0,0.256449,17.384412,0.0,0.0,0.0,0.0,0.0,0.0,0.0,0.0,0.0,0.0,0.0,0.0,0.0,0.0,0.0,0.0,0.0,0.0,0.0,0.0,0.0,0.0,0.0,0.0,0.0,320.0,1.0,24.04032738,0.2564486,4.51440742,0.45144075,0.17384412,0.01,0.9997,0.003275,0.9988,0.00065999,39.3,30.25603
126,0.866223,4.374769,0.428746,0.0,0.0,0.254954,17.379232,0.0,0.0,0.0,0.0,0.0,0.0,0.0,0.0,0.0,0.0,0.0,0.0,0.0,0.0,0.0,0.0,0.0,0.0,0.0,0.0,0.0,0.0,0.0,0.0,0.0,320.0,1.0,24.2141369,0.25495405,4.37476859,0.43747687,0.17379232,0.01,0.9999,0.002876,0.9976,0.00065485,39.3,29.743332
127,0.85793,4.315107,0.42642,0.0,0.0,0.253738,17.268178,0.0,0.0,0.0,0.0,0.0,0.0,0.0,0.0,0.0,0.0,0.0,0.0,0.0,0.0,0.0,0.0,0.0,0.0,0.0,0.0,0.0,0.0,0.0,0.0,0.0,320.0,1.0,24.240625,0.25373787,4.31510727,0.43151073,0.17268177,0.01,0.9999,0.002325,0.9988,0.0006497,39.1,29.968781
128,0.862015,4.356498,0.426365,0.0,0.0,0.25376,17.260515,0.0,0.0,0.0,0.0,0.0,0.0,0.0,0.0,0.0,0.0,0.0,0.0,0.0,0.0,0.0,0.0,0.0,0.0,0.0,0.0,0.0,0.0,0.0,0.0,0.0,320.0,1.0,24.23556548,0.2537596,4.35649797,0.4356498,0.17260514,0.01,0.9999,0.003159,0.9988,0.00064453,38.8,30.275491
129,0.842032,4.186662,0.423366,0.0,0.0,0.252041,17.132512,0.0,0.0,0.0,0.0,0.0,0.0,0.0,0.0,0.0,0.0,0.0,0.0,0.0,0.0,0.0,0.0,0.0,0.0,0.0,0.0,0.0,0.0,0.0,0.0,0.0,320.0,1.0,24.3875,0.25204051,4.18666176,0.41866618,0.17132511,0.01,0.9999,0.00221,0.9988,0.00063934,38.5,30.422973
130,0.851306,4.274738,0.423832,0.0,0.0,0.252228,17.160414,0.0,0.0,0.0,0.0,0.0,0.0,0.0,0.0,0.0,0.0,0.0,0.0,0.0,0.0,0.0,0.0,0.0,0.0,0.0,0.0,0.0,0.0,0.0,0.0,0.0,320.0,1.0,24.30997024,0.252228,4.27473798,0.42747381,0.17160414,0.01,0.9999,0.003813,0.9988,0.00063413,38.5,30.238921
131,0.848446,4.260851,0.422361,0.0,0.0,0.251,17.136165,0.0,0.0,0.0,0.0,0.0,0.0,0.0,0.0,0.0,0.0,0.0,0.0,0.0,0.0,0.0,0.0,0.0,0.0,0.0,0.0,0.0,0.0,0.0,0.0,0.0,320.0,1.0,24.34404762,0.25099964,4.26085148,0.42608515,0.17136165,0.01,0.9999,0.001244,1.0,0.00062891,39.6,30.617132
132,0.844252,4.215107,0.422741,0.0,0.0,0.252166,17.057472,0.0,0.0,0.0,0.0,0.0,0.0,0.0,0.0,0.0,0.0,0.0,0.0,0.0,0.0,0.0,0.0,0.0,0.0,0.0,0.0,0.0,0.0,0.0,0.0,0.0,320.0,1.0,24.41130952,0.25216626,4.21510673,0.42151068,0.17057472,0.01,0.9999,0.00942,0.9964,0.00062367,39.7,30.12776
133,0.838128,4.158563,0.422272,0.0,0.0,0.251878,17.039369,0.0,0.0,0.0,0.0,0.0,0.0,0.0,0.0,0.0,0.0,0.0,0.0,0.0,0.0,0.0,0.0,0.0,0.0,0.0,0.0,0.0,0.0,0.0,0.0,0.0,320.0,1.0,24.45833333,0.25187828,4.15856309,0.41585632,0.17039369,0.01,0.9999,0.004016,0.9988,0.00061842,39.3,30.507588
134,0.82722,4.067802,0.42044,0.0,0.0,0.250416,17.002406,0.0,0.0,0.0,0.0,0.0,0.0,0.0,0.0,0.0,0.0,0.0,0.0,0.0,0.0,0.0,0.0,0.0,0.0,0.0,0.0,0.0,0.0,0.0,0.0,0.0,320.0,1.0,24.52991071,0.25041591,4.067802,0.40678021,0.17002406,0.01,0.9996,0.003581,0.9988,0.00061316,38.9,30.275435
135,0.834117,4.144488,0.419668,0.0,0.0,0.250029,16.963981,0.0,0.0,0.0,0.0,0.0,0.0,0.0,0.0,0.0,0.0,0.0,0.0,0.0,0.0,0.0,0.0,0.0,0.0,0.0,0.0,0.0,0.0,0.0,0.0,0.0,320.0,1.0,24.52366071,0.25002864,4.14448812,0.41444882,0.16963981,0.01,0.9999,0.003068,0.9976,0.00060788,39.1,30.376344
136,0.804004,3.8731,0.416694,0.0,0.0,0.248813,16.788129,0.0,0.0,0.0,0.0,0.0,0.0,0.0,0.0,0.0,0.0,0.0,0.0,0.0,0.0,0.0,0.0,0.0,0.0,0.0,0.0,0.0,0.0,0.0,0.0,0.0,320.0,1.0,24.79583333,0.24881302,3.87309989,0.38730999,0.16788129,0.01,0.9997,0.002846,0.9988,0.00060259,38.9,30.494545
137,0.80536,3.889639,0.416397,0.0,0.0,0.248443,16.795329,0.0,0.0,0.0,0.0,0.0,0.0,0.0,0.0,0.0,0.0,0.0,0.0,0.0,0.0,0.0,0.0,0.0,0.0,0.0,0.0,0.0,0.0,0.0,0.0,0.0,320.0,1.0,24.76056548,0.24844322,3.88963896,0.3889639,0.16795329,0.01,0.9997,0.008122,0.9964,0.00059728,38.9,30.137388
138,0.809459,3.935685,0.41589,0.0,0.0,0.248282,16.760795,0.0,0.0,0.0,0.0,0.0,0.0,0.0,0.0,0.0,0.0,0.0,0.0,0.0,0.0,0.0,0.0,0.0,0.0,0.0,0.0,0.0,0.0,0.0,0.0,0.0,320.0,1.0,24.70610119,0.24828232,3.93568494,0.3935685,0.16760795,0.01,0.9997,0.003488,0.9988,0.00059197,38.6,31.075435
139,0.816082,3.99406,0.416676,0.0,0.0,0.248839,16.783762,0.0,0.0,0.0,0.0,0.0,0.0,0.0,0.0,0.0,0.0,0.0,0.0,0.0,0.0,0.0,0.0,0.0,0.0,0.0,0.0,0.0,0.0,0.0,0.0,0.0,320.0,1.0,24.68363095,0.24883876,3.99406009,0.39940601,0.16783761,0.01,0.9999,0.000831,1.0,0.00058665,38.7,31.149119
140,0.804355,3.900322,0.414323,0.0,0.0,0.247535,16.678815,0.0,0.0,0.0,0.0,0.0,0.0,0.0,0.0,0.0,0.0,0.0,0.0,0.0,0.0,0.0,0.0,0.0,0.0,0.0,0.0,0.0,0.0,0.0,0.0,0.0,320.0,1.0,24.77916667,0.24753498,3.90032188,0.39003219,0.16678815,0.01,0.9999,0.005781,0.9988,0.00058131,38.5,31.022481
141,0.805616,3.911487,0.414467,0.0,0.0,0.247482,16.698506,0.0,0.0,0.0,0.0,0.0,0.0,0.0,0.0,0.0,0.0,0.0,0.0,0.0,0.0,0.0,0.0,0.0,0.0,0.0,0.0,0.0,0.0,0.0,0.0,0.0,320.0,1.0,24.79285714,0.24748213,3.91148719,0.39114873,0.16698505,0.01,0.9999,0.007788,0.9976,0.00057597,38.9,30.651959
142,0.79205,3.799751,0.412075,0.0,0.0,0.245967,16.610747,0.0,0.0,0.0,0.0,0.0,0.0,0.0,0.0,0.0,0.0,0.0,0.0,0.0,0.0,0.0,0.0,0.0,0.0,0.0,0.0,0.0,0.0,0.0,0.0,0.0,320.0,1.0,24.89375,0.24596736,3.7997508,0.37997508,0.16610746,0.01,0.9999,0.004052,0.9988,0.00057061,39.1,30.86209
143,0.788817,3.774211,0.411395,0.0,0.0,0.245414,16.598184,0.0,0.0,0.0,0.0,0.0,0.0,0.0,0.0,0.0,0.0,0.0,0.0,0.0,0.0,0.0,0.0,0.0,0.0,0.0,0.0,0.0,0.0,0.0,0.0,0.0,320.0,1.0,24.965625,0.24541359,3.77421107,0.37742111,0.16598183,0.01,0.9997,0.003214,0.9988,0.00056525,39.2,30.687853
144,0.78839,3.761239,0.412266,0.0,0.0,0.246124,16.614266,0.0,0.0,0.0,0.0,0.0,0.0,0.0,0.0,0.0,0.0,0.0,0.0,0.0,0.0,0.0,0.0,0.0,0.0,0.0,0.0,0.0,0.0,0.0,0.0,0.0,320.0,1.0,24.93988095,0.24612369,3.76123883,0.37612389,0.16614265,0.01,0.9999,0.000651,1.0,0.00055988,38.1,31.164269
145,0.788687,3.770723,0.411615,0.0,0.0,0.245884,16.573037,0.0,0.0,0.0,0.0,0.0,0.0,0.0,0.0,0.0,0.0,0.0,0.0,0.0,0.0,0.0,0.0,0.0,0.0,0.0,0.0,0.0,0.0,0.0,0.0,0.0,320.0,1.0,24.9671131,0.24588439,3.77072311,0.37707232,0.16573036,0.01,0.9999,0.006205,0.9988,0.00055451,37.6,30.076896
146,0.784428,3.740956,0.410332,0.0,0.0,0.245045,16.528656,0.0,0.0,0.0,0.0,0.0,0.0,0.0,0.0,0.0,0.0,0.0,0.0,0.0,0.0,0.0,0.0,0.0,0.0,0.0,0.0,0.0,0.0,0.0,0.0,0.0,320.0,1.0,24.98348214,0.24504545,3.74095584,0.37409559,0.16528656,0.01,0.9999,0.003957,0.9988,0.00054912,38.1,31.216176
147,0.778271,3.680275,0.410243,0.0,0.0,0.245151,16.509179,0.0,0.0,0.0,0.0,0.0,0.0,0.0,0.0,0.0,0.0,0.0,0.0,0.0,0.0,0.0,0.0,0.0,0.0,0.0,0.0,0.0,0.0,0.0,0.0,0.0,320.0,1.0,25.00714286,0.24515143,3.68027486,0.36802749,0.16509179,0.01,0.9999,0.002567,0.9988,0.00054373,38.7,30.839825
148,0.773273,3.645965,0.408676,0.0,0.0,0.244083,16.459322,0.0,0.0,0.0,0.0,0.0,0.0,0.0,0.0,0.0,0.0,0.0,0.0,0.0,0.0,0.0,0.0,0.0,0.0,0.0,0.0,0.0,0.0,0.0,0.0,0.0,320.0,1.0,25.07782738,0.24408308,3.64596511,0.36459652,0.16459321,0.01,0.9999,0.001409,1.0,0.00053834,39.1,30.653743
149,0.760567,3.541171,0.40645,0.0,0.0,0.242782,16.366844,0.0,0.0,0.0,0.0,0.0,0.0,0.0,0.0,0.0,0.0,0.0,0.0,0.0,0.0,0.0,0.0,0.0,0.0,0.0,0.0,0.0,0.0,0.0,0.0,0.0,320.0,1.0,25.19940476,0.24278183,3.54117057,0.35411706,0.16366844,0.01,0.9999,0.001666,1.0,0.00053294,39.3,30.993299
150,0.759885,3.536386,0.406247,0.0,0.0,0.242705,16.354199,0.0,0.0,0.0,0.0,0.0,0.0,0.0,0.0,0.0,0.0,0.0,0.0,0.0,0.0,0.0,0.0,0.0,0.0,0.0,0.0,0.0,0.0,0.0,0.0,0.0,320.0,1.0,25.24136905,0.24270463,3.53638605,0.35363861,0.16354198,0.01,0.9999,0.001757,0.9988,0.00052754,38.9,31.095605
151,0.765316,3.589792,0.406337,0.0,0.0,0.242369,16.396789,0.0,0.0,0.0,0.0,0.0,0.0,0.0,0.0,0.0,0.0,0.0,0.0,0.0,0.0,0.0,0.0,0.0,0.0,0.0,0.0,0.0,0.0,0.0,0.0,0.0,320.0,1.0,25.12366071,0.2423694,3.58979189,0.35897919,0.16396788,0.01,0.9997,0.00515,0.9976,0.00052214,39.4,31.601477
152,0.755653,3.520318,0.403621,0.0,0.0,0.241067,16.255356,0.0,0.0,0.0,0.0,0.0,0.0,0.0,0.0,0.0,0.0,0.0,0.0,0.0,0.0,0.0,0.0,0.0,0.0,0.0,0.0,0.0,0.0,0.0,0.0,0.0,320.0,1.0,25.23169643,0.24106717,3.52031829,0.35203184,0.16255356,0.01,0.9999,0.001002,0.9988,0.00051673,39.0,31.193026
153,0.752168,3.50023,0.402145,0.0,0.0,0.240249,16.189634,0.0,0.0,0.0,0.0,0.0,0.0,0.0,0.0,0.0,0.0,0.0,0.0,0.0,0.0,0.0,0.0,0.0,0.0,0.0,0.0,0.0,0.0,0.0,0.0,0.0,320.0,1.0,25.31845238,0.24024876,3.50022966,0.35002297,0.16189634,0.01,0.9999,0.000141,1.0,0.00051132,39.0,30.872285
154,0.741218,3.389574,0.402261,0.0,0.0,0.240412,16.184898,0.0,0.0,0.0,0.0,0.0,0.0,0.0,0.0,0.0,0.0,0.0,0.0,0.0,0.0,0.0,0.0,0.0,0.0,0.0,0.0,0.0,0.0,0.0,0.0,0.0,320.0,1.0,25.36741071,0.24041162,3.38957367,0.33895737,0.16184897,0.01,0.9999,0.000454,1.0,0.00050591,38.8,31.819971
155,0.732218,3.32368,0.39985,0.0,0.0,0.238795,16.105437,0.0,0.0,0.0,0.0,0.0,0.0,0.0,0.0,0.0,0.0,0.0,0.0,0.0,0.0,0.0,0.0,0.0,0.0,0.0,0.0,0.0,0.0,0.0,0.0,0.0,320.0,1.0,25.47172619,0.23879524,3.32368027,0.33236803,0.16105437,0.01,0.9999,0.003044,0.9988,0.0005005,39.1,31.896933
156,0.754246,3.525774,0.401668,0.0,0.0,0.239719,16.19492,0.0,0.0,0.0,0.0,0.0,0.0,0.0,0.0,0.0,0.0,0.0,0.0,0.0,0.0,0.0,0.0,0.0,0.0,0.0,0.0,0.0,0.0,0.0,0.0,0.0,320.0,1.0,25.25491071,0.23971919,3.52577353,0.35257736,0.1619492,0.01,0.9999,0.003242,0.9988,0.00049509,39.2,30.868886
157,0.720217,3.209893,0.399227,0.0,0.0,0.238886,16.034089,0.0,0.0,0.0,0.0,0.0,0.0,0.0,0.0,0.0,0.0,0.0,0.0,0.0,0.0,0.0,0.0,0.0,0.0,0.0,0.0,0.0,0.0,0.0,0.0,0.0,320.0,1.0,25.62127976,0.23888641,3.20989288,0.32098929,0.16034089,0.01,0.9999,0.003109,0.9988,0.00048968,38.8,31.954696
158,0.729784,3.31214,0.398569,0.0,0.0,0.237898,16.067124,0.0,0.0,0.0,0.0,0.0,0.0,0.0,0.0,0.0,0.0,0.0,0.0,0.0,0.0,0.0,0.0,0.0,0.0,0.0,0.0,0.0,0.0,0.0,0.0,0.0,320.0,1.0,25.51636905,0.23789824,3.31214049,0.33121406,0.16067124,0.01,0.9999,0.001863,0.9988,0.00048427,38.1,31.969997
159,0.737909,3.37602,0.400307,0.0,0.0,0.239434,16.087318,0.0,0.0,0.0,0.0,0.0,0.0,0.0,0.0,0.0,0.0,0.0,0.0,0.0,0.0,0.0,0.0,0.0,0.0,0.0,0.0,0.0,0.0,0.0,0.0,0.0,320.0,1.0,25.47752976,0.23943422,3.37602014,0.33760202,0.16087318,0.01,0.9999,0.000101,1.0,0.00047886,38.4,31.806846
160,0.742707,3.426831,0.400024,0.0,0.0,0.239196,16.082845,0.0,0.0,0.0,0.0,0.0,0.0,0.0,0.0,0.0,0.0,0.0,0.0,0.0,0.0,0.0,0.0,0.0,0.0,0.0,0.0,0.0,0.0,0.0,0.0,0.0,320.0,1.0,25.390625,0.23919591,3.42683062,0.34268307,0.16082845,0.01,0.9999,0.000225,1.0,0.00047346,38.4,31.219651
161,0.726374,3.289348,0.39744,0.0,0.0,0.237538,15.990177,0.0,0.0,0.0,0.0,0.0,0.0,0.0,0.0,0.0,0.0,0.0,0.0,0.0,0.0,0.0,0.0,0.0,0.0,0.0,0.0,0.0,0.0,0.0,0.0,0.0,320.0,1.0,25.575,0.23753787,3.28934776,0.32893478,0.15990177,0.01,0.9999,0.000331,1.0,0.00046806,39.5,31.282602
162,0.712446,3.157225,0.396724,0.0,0.0,0.237533,15.919072,0.0,0.0,0.0,0.0,0.0,0.0,0.0,0.0,0.0,0.0,0.0,0.0,0.0,0.0,0.0,0.0,0.0,0.0,0.0,0.0,0.0,0.0,0.0,0.0,0.0,320.0,1.0,25.66666667,0.23753323,3.15722525,0.31572253,0.15919072,0.01,0.9999,0.001848,0.9988,0.00046266,39.5,31.887242
163,0.718115,3.218515,0.396263,0.0,0.0,0.236906,15.935726,0.0,0.0,0.0,0.0,0.0,0.0,0.0,0.0,0.0,0.0,0.0,0.0,0.0,0.0,0.0,0.0,0.0,0.0,0.0,0.0,0.0,0.0,0.0,0.0,0.0,320.0,1.0,25.64568452,0.23690617,3.21851486,0.32185149,0.15935726,0.01,0.9999,0.000368,1.0,0.00045727,38.4,32.129298
164,0.702152,3.079671,0.394185,0.0,0.0,0.235705,15.848006,0.0,0.0,0.0,0.0,0.0,0.0,0.0,0.0,0.0,0.0,0.0,0.0,0.0,0.0,0.0,0.0,0.0,0.0,0.0,0.0,0.0,0.0,0.0,0.0,0.0,320.0,1.0,25.82693452,0.23570491,3.07967104,0.30796711,0.15848005,0.01,0.9999,0.000322,1.0,0.00045188,37.8,32.609445
165,0.703565,3.099585,0.393607,0.0,0.0,0.235306,15.830063,0.0,0.0,0.0,0.0,0.0,0.0,0.0,0.0,0.0,0.0,0.0,0.0,0.0,0.0,0.0,0.0,0.0,0.0,0.0,0.0,0.0,0.0,0.0,0.0,0.0,320.0,1.0,25.78541667,0.23530631,3.09958538,0.30995854,0.15830062,0.01,0.9999,0.00189,0.9988,0.00044649,37.6,31.743688
166,0.698407,3.054201,0.392987,0.0,0.0,0.235011,15.797552,0.0,0.0,0.0,0.0,0.0,0.0,0.0,0.0,0.0,0.0,0.0,0.0,0.0,0.0,0.0,0.0,0.0,0.0,0.0,0.0,0.0,0.0,0.0,0.0,0.0,320.0,1.0,25.86383929,0.23501136,3.05420113,0.30542012,0.15797552,0.01,0.9999,0.003032,0.9988,0.00044112,37.6,31.998885
167,0.703232,3.104161,0.392816,0.0,0.0,0.23468,15.813579,0.0,0.0,0.0,0.0,0.0,0.0,0.0,0.0,0.0,0.0,0.0,0.0,0.0,0.0,0.0,0.0,0.0,0.0,0.0,0.0,0.0,0.0,0.0,0.0,0.0,320.0,1.0,25.80401786,0.23468003,3.10416094,0.3104161,0.15813579,0.01,0.9999,0.001834,0.9988,0.00043575,38.7,32.249861
168,0.701277,3.088685,0.392408,0.0,0.0,0.234745,15.76629,0.0,0.0,0.0,0.0,0.0,0.0,0.0,0.0,0.0,0.0,0.0,0.0,0.0,0.0,0.0,0.0,0.0,0.0,0.0,0.0,0.0,0.0,0.0,0.0,0.0,320.0,1.0,25.82366071,0.23474529,3.08868488,0.30886849,0.1576629,0.01,0.9999,0.000831,1.0,0.00043039,39.2,32.292857
169,0.696987,3.059636,0.391024,0.0,0.0,0.233737,15.728631,0.0,0.0,0.0,0.0,0.0,0.0,0.0,0.0,0.0,0.0,0.0,0.0,0.0,0.0,0.0,0.0,0.0,0.0,0.0,0.0,0.0,0.0,0.0,0.0,0.0,320.0,1.0,25.84255952,0.23373749,3.0596357,0.30596358,0.1572863,0.01,0.9999,0.002145,0.9988,0.00042503,38.7,32.669607
170,0.687455,2.973789,0.390076,0.0,0.0,0.23329,15.678598,0.0,0.0,0.0,0.0,0.0,0.0,0.0,0.0,0.0,0.0,0.0,0.0,0.0,0.0,0.0,0.0,0.0,0.0,0.0,0.0,0.0,0.0,0.0,0.0,0.0,320.0,1.0,25.89479167,0.23329031,2.97378938,0.29737894,0.15678597,0.01,0.9999,0.002726,0.9976,0.00041969,38.4,32.579662
171,0.689954,3.004928,0.389461,0.0,0.0,0.232738,15.672261,0.0,0.0,0.0,0.0,0.0,0.0,0.0,0.0,0.0,0.0,0.0,0.0,0.0,0.0,0.0,0.0,0.0,0.0,0.0,0.0,0.0,0.0,0.0,0.0,0.0,320.0,1.0,25.92113095,0.23273828,3.00492813,0.30049282,0.15672261,0.01,0.9999,0.000319,1.0,0.00041435,39.6,32.38792
172,0.682204,2.94522,0.387682,0.0,0.0,0.231596,15.608588,0.0,0.0,0.0,0.0,0.0,0.0,0.0,0.0,0.0,0.0,0.0,0.0,0.0,0.0,0.0,0.0,0.0,0.0,0.0,0.0,0.0,0.0,0.0,0.0,0.0,320.0,1.0,26.04895833,0.23159644,2.94522024,0.29452203,0.15608588,0.01,0.9999,0.000387,1.0,0.00040903,39.6,32.445779
173,0.677682,2.901349,0.387548,0.0,0.0,0.231778,15.576966,0.0,0.0,0.0,0.0,0.0,0.0,0.0,0.0,0.0,0.0,0.0,0.0,0.0,0.0,0.0,0.0,0.0,0.0,0.0,0.0,0.0,0.0,0.0,0.0,0.0,320.0,1.0,26.05550595,0.23177789,2.90134866,0.29013487,0.15576965,0.01,0.9999,0.000286,1.0,0.00040372,39.1,32.802575
174,0.675733,2.882145,0.387518,0.0,0.0,0.231941,15.557685,0.0,0.0,0.0,0.0,0.0,0.0,0.0,0.0,0.0,0.0,0.0,0.0,0.0,0.0,0.0,0.0,0.0,0.0,0.0,0.0,0.0,0.0,0.0,0.0,0.0,320.0,1.0,26.07321429,0.23194134,2.88214496,0.2882145,0.15557685,0.01,0.9999,0.000469,1.0,0.00039841,39.0,32.204463
175,0.67529,2.875681,0.387722,0.0,0.0,0.231909,15.581304,0.0,0.0,0.0,0.0,0.0,0.0,0.0,0.0,0.0,0.0,0.0,0.0,0.0,0.0,0.0,0.0,0.0,0.0,0.0,0.0,0.0,0.0,0.0,0.0,0.0,320.0,1.0,26.14642857,0.23190917,2.8756805,0.28756806,0.15581304,0.01,0.9999,0.000228,1.0,0.00039312,38.6,32.569379
176,0.673682,2.862021,0.38748,0.0,0.0,0.231843,15.563646,0.0,0.0,0.0,0.0,0.0,0.0,0.0,0.0,0.0,0.0,0.0,0.0,0.0,0.0,0.0,0.0,0.0,0.0,0.0,0.0,0.0,0.0,0.0,0.0,0.0,320.0,1.0,26.1389881,0.2318431,2.86202054,0.28620206,0.15563646,0.01,0.9999,0.00149,0.9988,0.00038784,38.9,32.36002
177,0.669432,2.83606,0.385826,0.0,0.0,0.230631,15.519561,0.0,0.0,0.0,0.0,0.0,0.0,0.0,0.0,0.0,0.0,0.0,0.0,0.0,0.0,0.0,0.0,0.0,0.0,0.0,0.0,0.0,0.0,0.0,0.0,0.0,320.0,1.0,26.134375,0.23063076,2.83605987,0.28360599,0.15519561,0.01,0.9999,0.007812,0.9988,0.00038258,38.7,31.987335
178,0.669664,2.850047,0.384659,0.0,0.0,0.230038,15.462095,0.0,0.0,0.0,0.0,0.0,0.0,0.0,0.0,0.0,0.0,0.0,0.0,0.0,0.0,0.0,0.0,0.0,0.0,0.0,0.0,0.0,0.0,0.0,0.0,0.0,320.0,1.0,26.14866071,0.23003792,2.85004748,0.28500475,0.15462095,0.01,0.9999,0.001689,0.9988,0.00037733,38.7,32.846104
179,0.650873,2.67376,0.383497,0.0,0.0,0.229595,15.390261,0.0,0.0,0.0,0.0,0.0,0.0,0.0,0.0,0.0,0.0,0.0,0.0,0.0,0.0,0.0,0.0,0.0,0.0,0.0,0.0,0.0,0.0,0.0,0.0,0.0,320.0,1.0,26.36309524,0.22959479,2.67376026,0.26737603,0.15390261,0.01,0.9999,0.000568,1.0,0.00037209,39.1,33.308801
180,0.664797,2.807777,0.384019,0.0,0.0,0.229607,15.441254,0.0,0.0,0.0,0.0,0.0,0.0,0.0,0.0,0.0,0.0,0.0,0.0,0.0,0.0,0.0,0.0,0.0,0.0,0.0,0.0,0.0,0.0,0.0,0.0,0.0,320.0,1.0,26.21383929,0.22960675,2.80777731,0.28077774,0.15441254,0.01,0.9999,0.000189,1.0,0.00036687,39.3,32.574342
181,0.667772,2.844957,0.383276,0.0,0.0,0.229402,15.387449,0.0,0.0,0.0,0.0,0.0,0.0,0.0,0.0,0.0,0.0,0.0,0.0,0.0,0.0,0.0,0.0,0.0,0.0,0.0,0.0,0.0,0.0,0.0,0.0,0.0,320.0,1.0,26.16041667,0.22940177,2.84495674,0.28449568,0.15387449,0.01,0.9999,0.000232,1.0,0.00036166,39.0,32.648071
182,0.64751,2.6581,0.3817,0.0,0.0,0.228508,15.319235,0.0,0.0,0.0,0.0,0.0,0.0,0.0,0.0,0.0,0.0,0.0,0.0,0.0,0.0,0.0,0.0,0.0,0.0,0.0,0.0,0.0,0.0,0.0,0.0,0.0,320.0,1.0,26.40520833,0.22850794,2.65810034,0.26581004,0.15319235,0.01,0.9999,0.002328,0.9988,0.00035647,38.7,33.197102
183,0.657848,2.764639,0.381384,0.0,0.0,0.227876,15.350824,0.0,0.0,0.0,0.0,0.0,0.0,0.0,0.0,0.0,0.0,0.0,0.0,0.0,0.0,0.0,0.0,0.0,0.0,0.0,0.0,0.0,0.0,0.0,0.0,0.0,320.0,1.0,26.25833333,0.22787586,2.76463915,0.27646392,0.15350824,0.01,0.9999,0.000105,1.0,0.0003513,37.9,33.375058
184,0.653355,2.721633,0.381191,0.0,0.0,0.227897,15.329475,0.0,0.0,0.0,0.0,0.0,0.0,0.0,0.0,0.0,0.0,0.0,0.0,0.0,0.0,0.0,0.0,0.0,0.0,0.0,0.0,0.0,0.0,0.0,0.0,0.0,320.0,1.0,26.33794643,0.22789651,2.72163339,0.27216334,0.15329475,0.01,0.9999,0.000881,1.0,0.00034615,37.3,32.782443
185,0.653509,2.734007,0.380109,0.0,0.0,0.227443,15.266586,0.0,0.0,0.0,0.0,0.0,0.0,0.0,0.0,0.0,0.0,0.0,0.0,0.0,0.0,0.0,0.0,0.0,0.0,0.0,0.0,0.0,0.0,0.0,0.0,0.0,320.0,1.0,26.33363095,0.22744267,2.73400721,0.27340073,0.15266586,0.01,0.9999,0.001397,0.9988,0.00034101,37.7,32.67076
186,0.63939,2.597831,0.379607,0.0,0.0,0.227238,15.236923,0.0,0.0,0.0,0.0,0.0,0.0,0.0,0.0,0.0,0.0,0.0,0.0,0.0,0.0,0.0,0.0,0.0,0.0,0.0,0.0,0.0,0.0,0.0,0.0,0.0,320.0,1.0,26.471875,0.22723809,2.59783092,0.2597831,0.15236922,0.01,0.9999,0.000141,1.0,0.00033589,38.7,32.775155
187,0.643237,2.648272,0.378409,0.0,0.0,0.226157,15.225257,0.0,0.0,0.0,0.0,0.0,0.0,0.0,0.0,0.0,0.0,0.0,0.0,0.0,0.0,0.0,0.0,0.0,0.0,0.0,0.0,0.0,0.0,0.0,0.0,0.0,320.0,1.0,26.43943452,0.22615687,2.64827205,0.26482721,0.15225257,0.01,0.9999,0.001252,0.9988,0.00033079,38.7,33.341473
188,0.64078,2.62221,0.378559,0.0,0.0,0.22659,15.196938,0.0,0.0,0.0,0.0,0.0,0.0,0.0,0.0,0.0,0.0,0.0,0.0,0.0,0.0,0.0,0.0,0.0,0.0,0.0,0.0,0.0,0.0,0.0,0.0,0.0,320.0,1.0,26.4608631,0.22658982,2.62220992,0.262221,0.15196938,0.01,0.9999,0.000174,1.0,0.00032571,38.7,33.29059
189,0.62956,2.530602,0.376499,0.0,0.0,0.22551,15.098981,0.0,0.0,0.0,0.0,0.0,0.0,0.0,0.0,0.0,0.0,0.0,0.0,0.0,0.0,0.0,0.0,0.0,0.0,0.0,0.0,0.0,0.0,0.0,0.0,0.0,320.0,1.0,26.59732143,0.22550968,2.53060154,0.25306016,0.15098981,0.01,0.9999,0.002764,0.9988,0.00032065,38.4,33.367805
190,0.63305,2.567259,0.376324,0.0,0.0,0.22511,15.121399,0.0,0.0,0.0,0.0,0.0,0.0,0.0,0.0,0.0,0.0,0.0,0.0,0.0,0.0,0.0,0.0,0.0,0.0,0.0,0.0,0.0,0.0,0.0,0.0,0.0,320.0,1.0,26.56979167,0.2251103,2.567259,0.2567259,0.15121399,0.01,0.9999,0.0003,1.0,0.00031562,38.5,33.407016
191,0.62421,2.491449,0.375065,0.0,0.0,0.224476,15.058903,0.0,0.0,0.0,0.0,0.0,0.0,0.0,0.0,0.0,0.0,0.0,0.0,0.0,0.0,0.0,0.0,0.0,0.0,0.0,0.0,0.0,0.0,0.0,0.0,0.0,320.0,1.0,26.64181548,0.22447571,2.49144861,0.24914487,0.15058903,0.01,0.9999,0.000712,1.0,0.0003106,38.5,32.899122
192,0.627506,2.520818,0.375424,0.0,0.0,0.22453,15.089383,0.0,0.0,0.0,0.0,0.0,0.0,0.0,0.0,0.0,0.0,0.0,0.0,0.0,0.0,0.0,0.0,0.0,0.0,0.0,0.0,0.0,0.0,0.0,0.0,0.0,320.0,1.0,26.60803571,0.22453039,2.52081781,0.25208178,0.15089383,0.01,0.9999,5.3e-05,1.0,0.00030561,38.7,33.257906
193,0.628694,2.531292,0.375564,0.0,0.0,0.224695,15.086946,0.0,0.0,0.0,0.0,0.0,0.0,0.0,0.0,0.0,0.0,0.0,0.0,0.0,0.0,0.0,0.0,0.0,0.0,0.0,0.0,0.0,0.0,0.0,0.0,0.0,320.0,1.0,26.6077381,0.22469494,2.53129191,0.2531292,0.15086946,0.01,0.9999,0.000273,1.0,0.00030064,39.2,33.596792
194,0.630535,2.547198,0.375815,0.0,0.0,0.22485,15.096498,0.0,0.0,0.0,0.0,0.0,0.0,0.0,0.0,0.0,0.0,0.0,0.0,0.0,0.0,0.0,0.0,0.0,0.0,0.0,0.0,0.0,0.0,0.0,0.0,0.0,320.0,1.0,26.5827381,0.22485006,2.54719771,0.25471978,0.15096497,0.01,0.9999,0.000134,1.0,0.00029569,39.4,33.498565
195,0.618604,2.446316,0.373972,0.0,0.0,0.224117,14.985495,0.0,0.0,0.0,0.0,0.0,0.0,0.0,0.0,0.0,0.0,0.0,0.0,0.0,0.0,0.0,0.0,0.0,0.0,0.0,0.0,0.0,0.0,0.0,0.0,0.0,320.0,1.0,26.72693452,0.22411709,2.44631554,0.24463156,0.14985495,0.01,0.9999,2.7e-05,1.0,0.00029077,39.4,33.56557
196,0.624463,2.514866,0.372977,0.0,0.0,0.222851,15.012555,0.0,0.0,0.0,0.0,0.0,0.0,0.0,0.0,0.0,0.0,0.0,0.0,0.0,0.0,0.0,0.0,0.0,0.0,0.0,0.0,0.0,0.0,0.0,0.0,0.0,320.0,1.0,26.66130952,0.22285119,2.51486574,0.25148658,0.15012555,0.01,0.9999,4.9e-05,1.0,0.00028587,38.8,33.577005
197,0.611617,2.389463,0.372671,0.0,0.0,0.223164,14.950659,0.0,0.0,0.0,0.0,0.0,0.0,0.0,0.0,0.0,0.0,0.0,0.0,0.0,0.0,0.0,0.0,0.0,0.0,0.0,0.0,0.0,0.0,0.0,0.0,0.0,320.0,1.0,26.78214286,0.22316429,2.38946311,0.23894631,0.14950659,0.01,0.9999,9.9e-05,1.0,0.00028099,38.9,33.396037
198,0.612725,2.405352,0.37219,0.0,0.0,0.222756,14.943433,0.0,0.0,0.0,0.0,0.0,0.0,0.0,0.0,0.0,0.0,0.0,0.0,0.0,0.0,0.0,0.0,0.0,0.0,0.0,0.0,0.0,0.0,0.0,0.0,0.0,320.0,1.0,26.80282738,0.22275597,2.40535189,0.24053519,0.14943433,0.01,0.9999,7.6e-05,1.0,0.00027615,38.7,33.631448
199,0.623952,2.508058,0.373146,0.0,0.0,0.223013,15.013305,0.0,0.0,0.0,0.0,0.0,0.0,0.0,0.0,0.0,0.0,0.0,0.0,0.0,0.0,0.0,0.0,0.0,0.0,0.0,0.0,0.0,0.0,0.0,0.0,0.0,320.0,1.0,26.61190476,0.22301319,2.50805798,0.2508058,0.15013305,0.01,0.9999,0.000711,1.0,0.00027132,39.7,33.373522
200,0.607235,2.362472,0.370988,0.0,0.0,0.222087,14.890048,0.0,0.0,0.0,0.0,0.0,0.0,0.0,0.0,0.0,0.0,0.0,0.0,0.0,0.0,0.0,0.0,0.0,0.0,0.0,0.0,0.0,0.0,0.0,0.0,0.0,320.0,1.0,26.79955357,0.22208705,2.36247223,0.23624723,0.14890048,0.01,0.9999,0.00024,1.0,0.00026653,39.1,33.828364
201,0.608991,2.3898,0.370011,0.0,0.0,0.221236,14.877471,0.0,0.0,0.0,0.0,0.0,0.0,0.0,0.0,0.0,0.0,0.0,0.0,0.0,0.0,0.0,0.0,0.0,0.0,0.0,0.0,0.0,0.0,0.0,0.0,0.0,320.0,1.0,26.77678571,0.22123614,2.3898002,0.23898002,0.14877471,0.01,0.9999,0.000484,1.0,0.00026176,38.5,33.655079
202,0.614542,2.44293,0.370249,0.0,0.0,0.221368,14.888052,0.0,0.0,0.0,0.0,0.0,0.0,0.0,0.0,0.0,0.0,0.0,0.0,0.0,0.0,0.0,0.0,0.0,0.0,0.0,0.0,0.0,0.0,0.0,0.0,0.0,320.0,1.0,26.76041667,0.2213681,2.44292958,0.24429296,0.14888052,0.01,0.9999,2.4e-05,1.0,0.00025702,38.8,34.002905
203,0.589008,2.210192,0.367989,0.0,0.0,0.220429,14.755955,0.0,0.0,0.0,0.0,0.0,0.0,0.0,0.0,0.0,0.0,0.0,0.0,0.0,0.0,0.0,0.0,0.0,0.0,0.0,0.0,0.0,0.0,0.0,0.0,0.0,320.0,1.0,27.07217262,0.22042938,2.21019164,0.22101917,0.14755955,0.01,0.9999,0.000151,1.0,0.00025231,38.8,33.977572
204,0.600033,2.317218,0.368311,0.0,0.0,0.220323,14.798773,0.0,0.0,0.0,0.0,0.0,0.0,0.0,0.0,0.0,0.0,0.0,0.0,0.0,0.0,0.0,0.0,0.0,0.0,0.0,0.0,0.0,0.0,0.0,0.0,0.0,320.0,1.0,26.93125,0.22032345,2.31721777,0.23172178,0.14798773,0.01,0.9999,5.6e-05,1.0,0.00024763,1227.7,33.721369
205,0.603065,2.348742,0.368191,0.0,0.0,0.220305,14.788592,0.0,0.0,0.0,0.0,0.0,0.0,0.0,0.0,0.0,0.0,0.0,0.0,0.0,0.0,0.0,0.0,0.0,0.0,0.0,0.0,0.0,0.0,0.0,0.0,0.0,320.0,1.0,26.92008929,0.22030527,2.34874151,0.23487416,0.14788592,0.01,0.9999,0.001055,1.0,0.00024298,33.8,33.5534
206,0.583893,2.180107,0.365882,0.0,0.0,0.219018,14.686388,0.0,0.0,0.0,0.0,0.0,0.0,0.0,0.0,0.0,0.0,0.0,0.0,0.0,0.0,0.0,0.0,0.0,0.0,0.0,0.0,0.0,0.0,0.0,0.0,0.0,320.0,1.0,27.10684524,0.21901833,2.1801071,0.21801071,0.14686387,0.01,0.9999,0.000178,1.0,0.00023836,33.5,34.041686
207,0.60256,2.346777,0.367882,0.0,0.0,0.22005,14.783244,0.0,0.0,0.0,0.0,0.0,0.0,0.0,0.0,0.0,0.0,0.0,0.0,0.0,0.0,0.0,0.0,0.0,0.0,0.0,0.0,0.0,0.0,0.0,0.0,0.0,320.0,1.0,26.88377976,0.22004989,2.34677726,0.23467773,0.14783244,0.01,0.9999,0.00066,1.0,0.00023377,34.0,34.040008
208,0.591984,2.25496,0.366488,0.0,0.0,0.219184,14.730479,0.0,0.0,0.0,0.0,0.0,0.0,0.0,0.0,0.0,0.0,0.0,0.0,0.0,0.0,0.0,0.0,0.0,0.0,0.0,0.0,0.0,0.0,0.0,0.0,0.0,320.0,1.0,27.04300595,0.21918355,2.25496013,0.22549602,0.14730479,0.01,0.9999,0.000686,1.0,0.00022921,33.7,33.871957
209,0.583024,2.177312,0.365293,0.0,0.0,0.218745,14.654794,0.0,0.0,0.0,0.0,0.0,0.0,0.0,0.0,0.0,0.0,0.0,0.0,0.0,0.0,0.0,0.0,0.0,0.0,0.0,0.0,0.0,0.0,0.0,0.0,0.0,320.0,1.0,27.11116071,0.21874521,2.17731194,0.2177312,0.14654794,0.01,0.9999,0.001651,0.9988,0.00022468,34.3,33.810902
210,0.585267,2.199838,0.365283,0.0,0.0,0.218714,14.656923,0.0,0.0,0.0,0.0,0.0,0.0,0.0,0.0,0.0,0.0,0.0,0.0,0.0,0.0,0.0,0.0,0.0,0.0,0.0,0.0,0.0,0.0,0.0,0.0,0.0,320.0,1.0,27.10386905,0.21871414,2.19983751,0.21998375,0.14656923,0.01,0.9999,0.000389,1.0,0.00022019,34.1,33.916329
211,0.581098,2.171151,0.363983,0.0,0.0,0.217943,14.603959,0.0,0.0,0.0,0.0,0.0,0.0,0.0,0.0,0.0,0.0,0.0,0.0,0.0,0.0,0.0,0.0,0.0,0.0,0.0,0.0,0.0,0.0,0.0,0.0,0.0,320.0,1.0,27.11934524,0.21794328,2.17115091,0.21711509,0.14603959,0.01,0.9999,0.000303,1.0,0.00021572,34.1,33.885777
212,0.585823,2.218888,0.363934,0.0,0.0,0.217693,14.624059,0.0,0.0,0.0,0.0,0.0,0.0,0.0,0.0,0.0,0.0,0.0,0.0,0.0,0.0,0.0,0.0,0.0,0.0,0.0,0.0,0.0,0.0,0.0,0.0,0.0,320.0,1.0,27.12008929,0.21769315,2.21888754,0.22188876,0.14624059,0.01,0.9997,0.000642,1.0,0.0002113,33.5,34.163429
213,0.574478,2.111686,0.363309,0.0,0.0,0.217615,14.569469,0.0,0.0,0.0,0.0,0.0,0.0,0.0,0.0,0.0,0.0,0.0,0.0,0.0,0.0,0.0,0.0,0.0,0.0,0.0,0.0,0.0,0.0,0.0,0.0,0.0,320.0,1.0,27.20119048,0.21761474,2.11168645,0.21116865,0.14569469,0.01,0.9999,0.001105,0.9988,0.0002069,33.2,33.819038
214,0.576201,2.136308,0.36257,0.0,0.0,0.21675,14.582046,0.0,0.0,0.0,0.0,0.0,0.0,0.0,0.0,0.0,0.0,0.0,0.0,0.0,0.0,0.0,0.0,0.0,0.0,0.0,0.0,0.0,0.0,0.0,0.0,0.0,320.0,1.0,27.18482143,0.21674959,2.13630824,0.21363083,0.14582046,0.01,0.9999,0.000858,1.0,0.00020254,33.5,33.797602
215,0.570861,2.102255,0.360635,0.0,0.0,0.215616,14.501941,0.0,0.0,0.0,0.0,0.0,0.0,0.0,0.0,0.0,0.0,0.0,0.0,0.0,0.0,0.0,0.0,0.0,0.0,0.0,0.0,0.0,0.0,0.0,0.0,0.0,320.0,1.0,27.25029762,0.21561575,2.10225526,0.21022553,0.14501941,0.01,0.9999,0.000185,1.0,0.00019822,33.5,33.828457
216,0.575225,2.134026,0.361822,0.0,0.0,0.216594,14.522837,0.0,0.0,0.0,0.0,0.0,0.0,0.0,0.0,0.0,0.0,0.0,0.0,0.0,0.0,0.0,0.0,0.0,0.0,0.0,0.0,0.0,0.0,0.0,0.0,0.0,320.0,1.0,27.2360119,0.21659411,2.13402582,0.21340259,0.14522837,0.01,0.9999,0.000352,1.0,0.00019393,33.8,34.123615
217,0.573766,2.124933,0.361272,0.0,0.0,0.216108,14.51647,0.0,0.0,0.0,0.0,0.0,0.0,0.0,0.0,0.0,0.0,0.0,0.0,0.0,0.0,0.0,0.0,0.0,0.0,0.0,0.0,0.0,0.0,0.0,0.0,0.0,320.0,1.0,27.21785714,0.21610776,2.12493323,0.21249333,0.1451647,0.01,0.9997,0.00015,1.0,0.00018967,33.7,34.099365
218,0.573869,2.11876,0.361993,0.0,0.0,0.216655,14.533805,0.0,0.0,0.0,0.0,0.0,0.0,0.0,0.0,0.0,0.0,0.0,0.0,0.0,0.0,0.0,0.0,0.0,0.0,0.0,0.0,0.0,0.0,0.0,0.0,0.0,320.0,1.0,27.26309524,0.21665502,2.11875993,0.211876,0.14533805,0.01,0.9999,0.000275,1.0,0.00018545,33.7,34.096629
219,0.569337,2.085224,0.360814,0.0,0.0,0.215771,14.504306,0.0,0.0,0.0,0.0,0.0,0.0,0.0,0.0,0.0,0.0,0.0,0.0,0.0,0.0,0.0,0.0,0.0,0.0,0.0,0.0,0.0,0.0,0.0,0.0,0.0,320.0,1.0,27.26071429,0.21577141,2.0852241,0.20852241,0.14504306,0.01,0.9999,6.2e-05,1.0,0.00018127,33.9,34.290387
220,0.57305,2.122752,0.360775,0.0,0.0,0.215578,14.51966,0.0,0.0,0.0,0.0,0.0,0.0,0.0,0.0,0.0,0.0,0.0,0.0,0.0,0.0,0.0,0.0,0.0,0.0,0.0,0.0,0.0,0.0,0.0,0.0,0.0,320.0,1.0,27.26443452,0.21557838,2.12275191,0.21227519,0.1451966,0.01,0.9999,0.000467,1.0,0.00017713,33.6,34.097245
221,0.573007,2.126335,0.360374,0.0,0.0,0.215656,14.471815,0.0,0.0,0.0,0.0,0.0,0.0,0.0,0.0,0.0,0.0,0.0,0.0,0.0,0.0,0.0,0.0,0.0,0.0,0.0,0.0,0.0,0.0,0.0,0.0,0.0,320.0,1.0,27.26622024,0.21565555,2.12633481,0.21263349,0.14471815,0.01,0.9999,0.000115,1.0,0.00017303,32.9,34.156778
222,0.560978,2.019265,0.359052,0.0,0.0,0.214887,14.416439,0.0,0.0,0.0,0.0,0.0,0.0,0.0,0.0,0.0,0.0,0.0,0.0,0.0,0.0,0.0,0.0,0.0,0.0,0.0,0.0,0.0,0.0,0.0,0.0,0.0,320.0,1.0,27.41770833,0.2148874,2.01926546,0.20192655,0.14416439,0.01,0.9999,0.000503,1.0,0.00016896,33.7,34.04384
223,0.552738,1.952928,0.357445,0.0,0.0,0.21393,14.351465,0.0,0.0,0.0,0.0,0.0,0.0,0.0,0.0,0.0,0.0,0.0,0.0,0.0,0.0,0.0,0.0,0.0,0.0,0.0,0.0,0.0,0.0,0.0,0.0,0.0,320.0,1.0,27.48229167,0.21393027,1.95292755,0.19529276,0.14351465,0.01,0.9999,0.000469,1.0,0.00016493,34.0,34.40522
224,0.563496,2.045407,0.358955,0.0,0.0,0.21483,14.412505,0.0,0.0,0.0,0.0,0.0,0.0,0.0,0.0,0.0,0.0,0.0,0.0,0.0,0.0,0.0,0.0,0.0,0.0,0.0,0.0,0.0,0.0,0.0,0.0,0.0,320.0,1.0,27.3391369,0.2148298,2.04540714,0.20454072,0.14412505,0.01,0.9999,5e-05,1.0,0.00016094,34.2,34.309245
225,0.564588,2.061974,0.358391,0.0,0.0,0.214129,14.426194,0.0,0.0,0.0,0.0,0.0,0.0,0.0,0.0,0.0,0.0,0.0,0.0,0.0,0.0,0.0,0.0,0.0,0.0,0.0,0.0,0.0,0.0,0.0,0.0,0.0,320.0,1.0,27.39151786,0.21412891,2.06197381,0.20619738,0.14426194,0.01,0.9999,0.000436,1.0,0.00015699,34.3,34.145547
226,0.559801,2.017845,0.358017,0.0,0.0,0.214286,14.373017,0.0,0.0,0.0,0.0,0.0,0.0,0.0,0.0,0.0,0.0,0.0,0.0,0.0,0.0,0.0,0.0,0.0,0.0,0.0,0.0,0.0,0.0,0.0,0.0,0.0,320.0,1.0,27.40535714,0.21428644,2.01784484,0.20178449,0.14373017,0.01,0.9999,5.8e-05,1.0,0.00015309,33.8,34.384617
227,0.56162,2.042307,0.35739,0.0,0.0,0.213765,14.362512,0.0,0.0,0.0,0.0,0.0,0.0,0.0,0.0,0.0,0.0,0.0,0.0,0.0,0.0,0.0,0.0,0.0,0.0,0.0,0.0,0.0,0.0,0.0,0.0,0.0,320.0,1.0,27.3860119,0.21376464,2.04230695,0.2042307,0.14362512,0.01,0.9999,9.4e-05,1.0,0.00014922,33.4,34.497888
228,0.550762,1.942119,0.35655,0.0,0.0,0.213587,14.296277,0.0,0.0,0.0,0.0,0.0,0.0,0.0,0.0,0.0,0.0,0.0,0.0,0.0,0.0,0.0,0.0,0.0,0.0,0.0,0.0,0.0,0.0,0.0,0.0,0.0,320.0,1.0,27.51845238,0.21358695,1.94211874,0.19421188,0.14296277,0.01,0.9999,0.000161,1.0,0.00014539,34.0,34.422962
229,0.552571,1.963888,0.356182,0.0,0.0,0.212973,14.320842,0.0,0.0,0.0,0.0,0.0,0.0,0.0,0.0,0.0,0.0,0.0,0.0,0.0,0.0,0.0,0.0,0.0,0.0,0.0,0.0,0.0,0.0,0.0,0.0,0.0,320.0,1.0,27.48630952,0.21297345,1.96388789,0.19638879,0.14320842,0.01,0.9999,0.000317,1.0,0.00014161,34.2,34.482313
230,0.546447,1.909584,0.355488,0.0,0.0,0.212658,14.283031,0.0,0.0,0.0,0.0,0.0,0.0,0.0,0.0,0.0,0.0,0.0,0.0,0.0,0.0,0.0,0.0,0.0,0.0,0.0,0.0,0.0,0.0,0.0,0.0,0.0,320.0,1.0,27.60297619,0.21265815,1.90958381,0.19095838,0.14283031,0.01,0.9999,0.00023,1.0,0.00013787,33.8,34.387668
231,0.548327,1.925594,0.355768,0.0,0.0,0.212853,14.291435,0.0,0.0,0.0,0.0,0.0,0.0,0.0,0.0,0.0,0.0,0.0,0.0,0.0,0.0,0.0,0.0,0.0,0.0,0.0,0.0,0.0,0.0,0.0,0.0,0.0,320.0,1.0,27.54568452,0.21285338,1.92559355,0.19255936,0.14291435,0.01,0.9999,4.5e-05,1.0,0.00013417,34.1,34.370861
232,0.544386,1.891179,0.355269,0.0,0.0,0.212649,14.261989,0.0,0.0,0.0,0.0,0.0,0.0,0.0,0.0,0.0,0.0,0.0,0.0,0.0,0.0,0.0,0.0,0.0,0.0,0.0,0.0,0.0,0.0,0.0,0.0,0.0,320.0,1.0,27.58645833,0.21264867,1.89117904,0.18911791,0.14261989,0.01,0.9999,4.5e-05,1.0,0.00013051,34.2,34.44812
233,0.548079,1.93269,0.35481,0.0,0.0,0.212447,14.236312,0.0,0.0,0.0,0.0,0.0,0.0,0.0,0.0,0.0,0.0,0.0,0.0,0.0,0.0,0.0,0.0,0.0,0.0,0.0,0.0,0.0,0.0,0.0,0.0,0.0,320.0,1.0,27.57842262,0.21244672,1.9326904,0.19326904,0.14236312,0.01,0.9999,4.7e-05,1.0,0.0001269,33.6,34.42216
234,0.547254,1.927789,0.354475,0.0,0.0,0.21208,14.239462,0.0,0.0,0.0,0.0,0.0,0.0,0.0,0.0,0.0,0.0,0.0,0.0,0.0,0.0,0.0,0.0,0.0,0.0,0.0,0.0,0.0,0.0,0.0,0.0,0.0,320.0,1.0,27.55892857,0.21208004,1.92778899,0.1927789,0.14239462,0.01,0.9999,4.8e-05,1.0,0.00012333,33.4,34.490213
235,0.539822,1.865997,0.353223,0.0,0.0,0.211452,14.177104,0.0,0.0,0.0,0.0,0.0,0.0,0.0,0.0,0.0,0.0,0.0,0.0,0.0,0.0,0.0,0.0,0.0,0.0,0.0,0.0,0.0,0.0,0.0,0.0,0.0,320.0,1.0,27.67366071,0.21145166,1.86599665,0.18659967,0.14177104,0.01,0.9999,3.6e-05,1.0,0.0001198,33.7,34.634849
236,0.541438,1.878383,0.353599,0.0,0.0,0.21178,14.181958,0.0,0.0,0.0,0.0,0.0,0.0,0.0,0.0,0.0,0.0,0.0,0.0,0.0,0.0,0.0,0.0,0.0,0.0,0.0,0.0,0.0,0.0,0.0,0.0,0.0,320.0,1.0,27.60654762,0.21177986,1.87838308,0.18783831,0.14181958,0.01,0.9999,1e-05,1.0,0.00011632,33.5,34.598514
237,0.545474,1.91977,0.353497,0.0,0.0,0.211326,14.217061,0.0,0.0,0.0,0.0,0.0,0.0,0.0,0.0,0.0,0.0,0.0,0.0,0.0,0.0,0.0,0.0,0.0,0.0,0.0,0.0,0.0,0.0,0.0,0.0,0.0,320.0,1.0,27.60505952,0.21132648,1.91976966,0.19197697,0.14217061,0.01,0.9999,0.000105,1.0,0.00011288,33.2,34.661061
238,0.535451,1.836564,0.351795,0.0,0.0,0.21039,14.140429,0.0,0.0,0.0,0.0,0.0,0.0,0.0,0.0,0.0,0.0,0.0,0.0,0.0,0.0,0.0,0.0,0.0,0.0,0.0,0.0,0.0,0.0,0.0,0.0,0.0,320.0,1.0,27.7172619,0.21039047,1.83656367,0.18365637,0.14140429,0.01,0.9999,0.000104,1.0,0.00010949,32.9,34.687725
239,0.537349,1.842936,0.353055,0.0,0.0,0.211336,14.171981,0.0,0.0,0.0,0.0,0.0,0.0,0.0,0.0,0.0,0.0,0.0,0.0,0.0,0.0,0.0,0.0,0.0,0.0,0.0,0.0,0.0,0.0,0.0,0.0,0.0,320.0,1.0,27.68928571,0.21133558,1.84293568,0.18429357,0.14171981,0.01,0.9999,8.1e-05,1.0,0.00010615,32.4,34.639684
240,0.535872,1.839481,0.351924,0.0,0.0,0.210247,14.167749,0.0,0.0,0.0,0.0,0.0,0.0,0.0,0.0,0.0,0.0,0.0,0.0,0.0,0.0,0.0,0.0,0.0,0.0,0.0,0.0,0.0,0.0,0.0,0.0,0.0,320.0,1.0,27.65119048,0.21024672,1.83948143,0.18394815,0.14167749,0.01,0.9999,0.000133,1.0,0.00010285,33.0,34.720933
241,0.534205,1.829517,0.351254,0.0,0.0,0.210189,14.106454,0.0,0.0,0.0,0.0,0.0,0.0,0.0,0.0,0.0,0.0,0.0,0.0,0.0,0.0,0.0,0.0,0.0,0.0,0.0,0.0,0.0,0.0,0.0,0.0,0.0,320.0,1.0,27.7141369,0.21018923,1.82951668,0.18295167,0.14106454,0.01,0.9999,5.7e-05,1.0,9.96e-05,33.4,34.651513
242,0.540575,1.888674,0.351708,0.0,0.0,0.21005,14.165759,0.0,0.0,0.0,0.0,0.0,0.0,0.0,0.0,0.0,0.0,0.0,0.0,0.0,0.0,0.0,0.0,0.0,0.0,0.0,0.0,0.0,0.0,0.0,0.0,0.0,320.0,1.0,27.60327381,0.21004995,1.88867427,0.18886743,0.14165759,0.01,0.9999,4.6e-05,1.0,9.64e-05,33.9,34.757065
243,0.539711,1.88203,0.351508,0.0,0.0,0.210156,14.135224,0.0,0.0,0.0,0.0,0.0,0.0,0.0,0.0,0.0,0.0,0.0,0.0,0.0,0.0,0.0,0.0,0.0,0.0,0.0,0.0,0.0,0.0,0.0,0.0,0.0,320.0,1.0,27.64196429,0.21015612,1.88202992,0.18820299,0.14135224,0.01,0.9999,4.8e-05,1.0,9.324e-05,33.1,34.737623
244,0.531329,1.815369,0.349792,0.0,0.0,0.209374,14.04184,0.0,0.0,0.0,0.0,0.0,0.0,0.0,0.0,0.0,0.0,0.0,0.0,0.0,0.0,0.0,0.0,0.0,0.0,0.0,0.0,0.0,0.0,0.0,0.0,0.0,320.0,1.0,27.72395833,0.20937361,1.81536866,0.18153687,0.1404184,0.01,0.9999,3.4e-05,1.0,9.013e-05,33.5,34.747191
245,0.528437,1.780063,0.350431,0.0,0.0,0.209789,14.064199,0.0,0.0,0.0,0.0,0.0,0.0,0.0,0.0,0.0,0.0,0.0,0.0,0.0,0.0,0.0,0.0,0.0,0.0,0.0,0.0,0.0,0.0,0.0,0.0,0.0,320.0,1.0,27.84092262,0.2097887,1.78006325,0.17800633,0.14064199,0.01,0.9999,4.6e-05,1.0,8.707e-05,32.9,34.773713
246,0.531883,1.816903,0.350193,0.0,0.0,0.209467,14.072635,0.0,0.0,0.0,0.0,0.0,0.0,0.0,0.0,0.0,0.0,0.0,0.0,0.0,0.0,0.0,0.0,0.0,0.0,0.0,0.0,0.0,0.0,0.0,0.0,0.0,320.0,1.0,27.74508929,0.2094667,1.81690265,0.18169027,0.14072635,0.01,0.9999,3e-05,1.0,8.406e-05,32.9,34.763397
247,0.525416,1.765065,0.348909,0.0,0.0,0.208793,14.011634,0.0,0.0,0.0,0.0,0.0,0.0,0.0,0.0,0.0,0.0,0.0,0.0,0.0,0.0,0.0,0.0,0.0,0.0,0.0,0.0,0.0,0.0,0.0,0.0,0.0,320.0,1.0,27.8516369,0.20879301,1.76506506,0.17650651,0.14011634,0.01,0.9999,5.9e-05,1.0,8.109e-05,33.1,34.730709
248,0.52731,1.779132,0.349396,0.0,0.0,0.208722,14.06743,0.0,0.0,0.0,0.0,0.0,0.0,0.0,0.0,0.0,0.0,0.0,0.0,0.0,0.0,0.0,0.0,0.0,0.0,0.0,0.0,0.0,0.0,0.0,0.0,0.0,320.0,1.0,27.81279762,0.20872201,1.77913237,0.17791324,0.14067429,0.01,0.9999,6e-05,1.0,7.818e-05,33.5,34.851982
249,0.528166,1.785758,0.349591,0.0,0.0,0.209076,14.051426,0.0,0.0,0.0,0.0,0.0,0.0,0.0,0.0,0.0,0.0,0.0,0.0,0.0,0.0,0.0,0.0,0.0,0.0,0.0,0.0,0.0,0.0,0.0,0.0,0.0,320.0,1.0,27.79776786,0.20907638,1.78575845,0.17857585,0.14051426,0.01,0.9999,2e-05,1.0,7.531e-05,34.2,34.9115
250,0.519624,1.712986,0.348325,0.0,0.0,0.208339,13.998563,0.0,0.0,0.0,0.0,0.0,0.0,0.0,0.0,0.0,0.0,0.0,0.0,0.0,0.0,0.0,0.0,0.0,0.0,0.0,0.0,0.0,0.0,0.0,0.0,0.0,320.0,1.0,27.84791667,0.20833926,1.71298638,0.17129864,0.13998563,0.01,0.9999,3.2e-05,1.0,7.25e-05,34.1,34.957884
251,0.524856,1.768203,0.348036,0.0,0.0,0.207734,14.030219,0.0,0.0,0.0,0.0,0.0,0.0,0.0,0.0,0.0,0.0,0.0,0.0,0.0,0.0,0.0,0.0,0.0,0.0,0.0,0.0,0.0,0.0,0.0,0.0,0.0,320.0,1.0,27.8875,0.20773369,1.76820314,0.17682032,0.14030219,0.01,0.9999,4.6e-05,1.0,6.974e-05,34.0,34.828854
252,0.516186,1.691549,0.347031,0.0,0.0,0.207576,13.945521,0.0,0.0,0.0,0.0,0.0,0.0,0.0,0.0,0.0,0.0,0.0,0.0,0.0,0.0,0.0,0.0,0.0,0.0,0.0,0.0,0.0,0.0,0.0,0.0,0.0,320.0,1.0,27.99166667,0.20757559,1.69154912,0.16915492,0.13945521,0.01,0.9999,2.2e-05,1.0,6.702e-05,33.9,34.896044
253,0.526473,1.783267,0.348146,0.0,0.0,0.208093,14.005325,0.0,0.0,0.0,0.0,0.0,0.0,0.0,0.0,0.0,0.0,0.0,0.0,0.0,0.0,0.0,0.0,0.0,0.0,0.0,0.0,0.0,0.0,0.0,0.0,0.0,320.0,1.0,27.82574405,0.20809295,1.78326747,0.17832675,0.14005325,0.01,0.9999,3.1e-05,1.0,6.436e-05,34.1,34.829951
254,0.527283,1.787859,0.348497,0.0,0.0,0.208232,14.026511,0.0,0.0,0.0,0.0,0.0,0.0,0.0,0.0,0.0,0.0,0.0,0.0,0.0,0.0,0.0,0.0,0.0,0.0,0.0,0.0,0.0,0.0,0.0,0.0,0.0,320.0,1.0,27.80386905,0.20823207,1.78785892,0.1787859,0.14026511,0.01,0.9999,1.8e-05,1.0,6.175e-05,33.7,34.958992
255,0.520692,1.734977,0.347195,0.0,0.0,0.207533,13.966121,0.0,0.0,0.0,0.0,0.0,0.0,0.0,0.0,0.0,0.0,0.0,0.0,0.0,0.0,0.0,0.0,0.0,0.0,0.0,0.0,0.0,0.0,0.0,0.0,0.0,320.0,1.0,27.91845238,0.20753346,1.73497695,0.1734977,0.13966121,0.01,0.9999,3.2e-05,1.0,5.919e-05,33.5,34.857645
256,0.522682,1.754682,0.347214,0.0,0.0,0.20758,13.96334,0.0,0.0,0.0,0.0,0.0,0.0,0.0,0.0,0.0,0.0,0.0,0.0,0.0,0.0,0.0,0.0,0.0,0.0,0.0,0.0,0.0,0.0,0.0,0.0,0.0,320.0,1.0,27.8641369,0.20758031,1.75468204,0.17546821,0.1396334,0.01,0.9999,2.9e-05,1.0,5.668e-05,33.3,34.964508
257,0.515878,1.691041,0.346774,0.0,0.0,0.207316,13.945837,0.0,0.0,0.0,0.0,0.0,0.0,0.0,0.0,0.0,0.0,0.0,0.0,0.0,0.0,0.0,0.0,0.0,0.0,0.0,0.0,0.0,0.0,0.0,0.0,0.0,320.0,1.0,27.94375,0.20731586,1.69104116,0.16910412,0.13945837,0.01,0.9999,2.1e-05,1.0,5.422e-05,33.5,34.918303
258,0.518109,1.709149,0.347194,0.0,0.0,0.207627,13.956729,0.0,0.0,0.0,0.0,0.0,0.0,0.0,0.0,0.0,0.0,0.0,0.0,0.0,0.0,0.0,0.0,0.0,0.0,0.0,0.0,0.0,0.0,0.0,0.0,0.0,320.0,1.0,27.91860119,0.2076272,1.70914886,0.17091489,0.13956729,0.01,0.9999,1.4e-05,1.0,5.182e-05,32.7,34.957478
259,0.509177,1.63423,0.345754,0.0,0.0,0.206901,13.885254,0.0,0.0,0.0,0.0,0.0,0.0,0.0,0.0,0.0,0.0,0.0,0.0,0.0,0.0,0.0,0.0,0.0,0.0,0.0,0.0,0.0,0.0,0.0,0.0,0.0,320.0,1.0,27.99092262,0.20690119,1.63423009,0.16342301,0.13885254,0.01,0.9999,1e-05,1.0,4.946e-05,32.6,34.951195
260,0.52007,1.737996,0.34627,0.0,0.0,0.20716,13.911054,0.0,0.0,0.0,0.0,0.0,0.0,0.0,0.0,0.0,0.0,0.0,0.0,0.0,0.0,0.0,0.0,0.0,0.0,0.0,0.0,0.0,0.0,0.0,0.0,0.0,320.0,1.0,27.88020833,0.20715996,1.7379961,0.17379961,0.13911054,0.01,0.9999,2.1e-05,1.0,4.717e-05,33.3,34.989826
261,0.507471,1.624762,0.344994,0.0,0.0,0.20645,13.854413,0.0,0.0,0.0,0.0,0.0,0.0,0.0,0.0,0.0,0.0,0.0,0.0,0.0,0.0,0.0,0.0,0.0,0.0,0.0,0.0,0.0,0.0,0.0,0.0,0.0,320.0,1.0,28.0610119,0.2064502,1.6247623,0.16247623,0.13854413,0.01,0.9999,2.6e-05,1.0,4.492e-05,33.4,35.01423
262,0.517314,1.706235,0.34669,0.0,0.0,0.207215,13.947534,0.0,0.0,0.0,0.0,0.0,0.0,0.0,0.0,0.0,0.0,0.0,0.0,0.0,0.0,0.0,0.0,0.0,0.0,0.0,0.0,0.0,0.0,0.0,0.0,0.0,320.0,1.0,27.89553571,0.20721467,1.70623519,0.17062352,0.13947534,0.01,0.9999,4.3e-05,1.0,4.273e-05,34.0,35.02069
263,0.509234,1.640038,0.34523,0.0,0.0,0.206585,13.864494,0.0,0.0,0.0,0.0,0.0,0.0,0.0,0.0,0.0,0.0,0.0,0.0,0.0,0.0,0.0,0.0,0.0,0.0,0.0,0.0,0.0,0.0,0.0,0.0,0.0,320.0,1.0,28.01651786,0.20658482,1.64003846,0.16400385,0.13864493,0.01,0.9999,3e-05,1.0,4.059e-05,33.7,35.015216
264,0.516207,1.704815,0.345726,0.0,0.0,0.206589,13.913629,0.0,0.0,0.0,0.0,0.0,0.0,0.0,0.0,0.0,0.0,0.0,0.0,0.0,0.0,0.0,0.0,0.0,0.0,0.0,0.0,0.0,0.0,0.0,0.0,0.0,320.0,1.0,27.95758929,0.20658941,1.70481482,0.17048149,0.13913629,0.01,0.9999,3.1e-05,1.0,3.851e-05,34.6,34.978059
265,0.515171,1.696658,0.345505,0.0,0.0,0.206463,13.904139,0.0,0.0,0.0,0.0,0.0,0.0,0.0,0.0,0.0,0.0,0.0,0.0,0.0,0.0,0.0,0.0,0.0,0.0,0.0,0.0,0.0,0.0,0.0,0.0,0.0,320.0,1.0,27.96041667,0.20646339,1.69665765,0.16966577,0.13904139,0.01,0.9999,2.9e-05,1.0,3.648e-05,33.7,34.986073
266,0.508971,1.633223,0.345649,0.0,0.0,0.206955,13.869418,0.0,0.0,0.0,0.0,0.0,0.0,0.0,0.0,0.0,0.0,0.0,0.0,0.0,0.0,0.0,0.0,0.0,0.0,0.0,0.0,0.0,0.0,0.0,0.0,0.0,320.0,1.0,28.06130952,0.20695493,1.63322266,0.16332227,0.13869418,0.01,0.9999,3e-05,1.0,3.45e-05,33.3,35.05106
267,0.504311,1.604508,0.34386,0.0,0.0,0.205495,13.836582,0.0,0.0,0.0,0.0,0.0,0.0,0.0,0.0,0.0,0.0,0.0,0.0,0.0,0.0,0.0,0.0,0.0,0.0,0.0,0.0,0.0,0.0,0.0,0.0,0.0,320.0,1.0,28.10431548,0.20549451,1.60450755,0.16045076,0.13836582,0.01,0.9999,3e-05,1.0,3.258e-05,33.4,35.040389
268,0.503631,1.597509,0.34388,0.0,0.0,0.205571,13.830922,0.0,0.0,0.0,0.0,0.0,0.0,0.0,0.0,0.0,0.0,0.0,0.0,0.0,0.0,0.0,0.0,0.0,0.0,0.0,0.0,0.0,0.0,0.0,0.0,0.0,320.0,1.0,28.10014881,0.20557118,1.59750924,0.15975093,0.13830922,0.01,0.9999,2.8e-05,1.0,3.071e-05,33.9,35.031487
269,0.513856,1.684578,0.345398,0.0,0.0,0.206493,13.890454,0.0,0.0,0.0,0.0,0.0,0.0,0.0,0.0,0.0,0.0,0.0,0.0,0.0,0.0,0.0,0.0,0.0,0.0,0.0,0.0,0.0,0.0,0.0,0.0,0.0,320.0,1.0,27.98824405,0.20649339,1.6845782,0.16845782,0.13890454,0.01,1.0,2.3e-05,1.0,2.89e-05,33.6,35.087172
270,0.507128,1.623048,0.344824,0.0,0.0,0.206295,13.852889,0.0,0.0,0.0,0.0,0.0,0.0,0.0,0.0,0.0,0.0,0.0,0.0,0.0,0.0,0.0,0.0,0.0,0.0,0.0,0.0,0.0,0.0,0.0,0.0,0.0,320.0,1.0,28.09107143,0.2062947,1.62304849,0.16230485,0.13852889,0.01,0.9999,2.1e-05,1.0,2.715e-05,36.9,35.065936
271,0.497806,1.54718,0.343088,0.0,0.0,0.205233,13.785502,0.0,0.0,0.0,0.0,0.0,0.0,0.0,0.0,0.0,0.0,0.0,0.0,0.0,0.0,0.0,0.0,0.0,0.0,0.0,0.0,0.0,0.0,0.0,0.0,0.0,320.0,1.0,28.17083333,0.205233,1.54718031,0.15471803,0.13785502,0.01,0.9999,2.9e-05,1.0,2.545e-05,38.9,35.070247
272,0.506402,1.623281,0.344074,0.0,0.0,0.20574,13.833397,0.0,0.0,0.0,0.0,0.0,0.0,0.0,0.0,0.0,0.0,0.0,0.0,0.0,0.0,0.0,0.0,0.0,0.0,0.0,0.0,0.0,0.0,0.0,0.0,0.0,320.0,1.0,28.0328869,0.20573988,1.62328114,0.16232812,0.13833397,0.01,0.9999,3.7e-05,1.0,2.38e-05,41.9,35.052298
273,0.506918,1.62565,0.344353,0.0,0.0,0.205701,13.865227,0.0,0.0,0.0,0.0,0.0,0.0,0.0,0.0,0.0,0.0,0.0,0.0,0.0,0.0,0.0,0.0,0.0,0.0,0.0,0.0,0.0,0.0,0.0,0.0,0.0,320.0,1.0,28.02901786,0.20570097,1.62565009,0.16256501,0.13865227,0.01,0.9999,1.4e-05,1.0,2.221e-05,42.3,35.036532
274,0.503568,1.603463,0.343222,0.0,0.0,0.205297,13.792434,0.0,0.0,0.0,0.0,0.0,0.0,0.0,0.0,0.0,0.0,0.0,0.0,0.0,0.0,0.0,0.0,0.0,0.0,0.0,0.0,0.0,0.0,0.0,0.0,0.0,320.0,1.0,28.09196429,0.20529743,1.60346296,0.1603463,0.13792434,0.01,0.9999,3.3e-05,1.0,2.068e-05,40.2,35.091175
275,0.502511,1.593324,0.343179,0.0,0.0,0.205417,13.776132,0.0,0.0,0.0,0.0,0.0,0.0,0.0,0.0,0.0,0.0,0.0,0.0,0.0,0.0,0.0,0.0,0.0,0.0,0.0,0.0,0.0,0.0,0.0,0.0,0.0,320.0,1.0,28.0860119,0.20541738,1.59332402,0.1593324,0.13776132,0.01,0.9999,4e-05,1.0,1.921e-05,38.9,35.056242
276,0.496675,1.534161,0.343258,0.0,0.0,0.205439,13.781971,0.0,0.0,0.0,0.0,0.0,0.0,0.0,0.0,0.0,0.0,0.0,0.0,0.0,0.0,0.0,0.0,0.0,0.0,0.0,0.0,0.0,0.0,0.0,0.0,0.0,320.0,1.0,28.159375,0.20543868,1.53416116,0.15341612,0.13781971,0.01,0.9999,2e-05,1.0,1.779e-05,39.2,35.111087
277,0.503593,1.596139,0.343979,0.0,0.0,0.205632,13.834763,0.0,0.0,0.0,0.0,0.0,0.0,0.0,0.0,0.0,0.0,0.0,0.0,0.0,0.0,0.0,0.0,0.0,0.0,0.0,0.0,0.0,0.0,0.0,0.0,0.0,320.0,1.0,28.10729167,0.20563153,1.59613923,0.15961393,0.13834763,0.01,0.9999,1.6e-05,1.0,1.642e-05,40.4,35.049624
278,0.504713,1.603866,0.344327,0.0,0.0,0.205947,13.837969,0.0,0.0,0.0,0.0,0.0,0.0,0.0,0.0,0.0,0.0,0.0,0.0,0.0,0.0,0.0,0.0,0.0,0.0,0.0,0.0,0.0,0.0,0.0,0.0,0.0,320.0,1.0,28.06443452,0.20594711,1.60386573,0.16038658,0.13837969,0.01,0.9999,2.1e-05,1.0,1.512e-05,41.2,35.086368
279,0.503281,1.610829,0.342198,0.0,0.0,0.204344,13.785407,0.0,0.0,0.0,0.0,0.0,0.0,0.0,0.0,0.0,0.0,0.0,0.0,0.0,0.0,0.0,0.0,0.0,0.0,0.0,0.0,0.0,0.0,0.0,0.0,0.0,320.0,1.0,28.15104167,0.20434394,1.61082853,0.16108286,0.13785406,0.01,0.9999,2.4e-05,1.0,1.387e-05,42.3,35.090949
280,0.504814,1.620879,0.342726,0.0,0.0,0.20473,13.799606,0.0,0.0,0.0,0.0,0.0,0.0,0.0,0.0,0.0,0.0,0.0,0.0,0.0,0.0,0.0,0.0,0.0,0.0,0.0,0.0,0.0,0.0,0.0,0.0,0.0,320.0,1.0,28.05342262,0.20472961,1.62087908,0.16208791,0.13799606,0.01,0.9999,2.1e-05,1.0,1.268e-05,41.2,35.126006
281,0.504167,1.608751,0.343291,0.0,0.0,0.205115,13.817684,0.0,0.0,0.0,0.0,0.0,0.0,0.0,0.0,0.0,0.0,0.0,0.0,0.0,0.0,0.0,0.0,0.0,0.0,0.0,0.0,0.0,0.0,0.0,0.0,0.0,320.0,1.0,28.10997024,0.20511463,1.60875065,0.16087507,0.13817684,0.01,0.9999,2.4e-05,1.0,1.154e-05,32.8,35.138957
282,0.50303,1.603502,0.34268,0.0,0.0,0.204666,13.801459,0.0,0.0,0.0,0.0,0.0,0.0,0.0,0.0,0.0,0.0,0.0,0.0,0.0,0.0,0.0,0.0,0.0,0.0,0.0,0.0,0.0,0.0,0.0,0.0,0.0,320.0,1.0,28.11294643,0.20466567,1.60350191,0.16035019,0.13801459,0.01,0.9997,3.2e-05,1.0,1.047e-05,34.2,35.140398
283,0.506658,1.638246,0.342833,0.0,0.0,0.204797,13.803607,0.0,0.0,0.0,0.0,0.0,0.0,0.0,0.0,0.0,0.0,0.0,0.0,0.0,0.0,0.0,0.0,0.0,0.0,0.0,0.0,0.0,0.0,0.0,0.0,0.0,320.0,1.0,28.08095238,0.20479709,1.63824595,0.1638246,0.13803607,0.01,0.9999,2.4e-05,1.0,9.45e-06,35.7,35.149426
284,0.497447,1.549913,0.342456,0.0,0.0,0.204672,13.778373,0.0,0.0,0.0,0.0,0.0,0.0,0.0,0.0,0.0,0.0,0.0,0.0,0.0,0.0,0.0,0.0,0.0,0.0,0.0,0.0,0.0,0.0,0.0,0.0,0.0,320.0,1.0,28.14479167,0.20467238,1.54991314,0.15499132,0.13778373,0.01,0.9999,2.6e-05,1.0,8.48e-06,35.7,35.066667
285,0.499278,1.561862,0.343092,0.0,0.0,0.204942,13.81499,0.0,0.0,0.0,0.0,0.0,0.0,0.0,0.0,0.0,0.0,0.0,0.0,0.0,0.0,0.0,0.0,0.0,0.0,0.0,0.0,0.0,0.0,0.0,0.0,0.0,320.0,1.0,28.18392857,0.20494217,1.56186169,0.15618617,0.1381499,0.01,0.9999,2e-05,1.0,7.58e-06,36.3,35.090989
286,0.499148,1.575552,0.341593,0.0,0.0,0.204276,13.731649,0.0,0.0,0.0,0.0,0.0,0.0,0.0,0.0,0.0,0.0,0.0,0.0,0.0,0.0,0.0,0.0,0.0,0.0,0.0,0.0,0.0,0.0,0.0,0.0,0.0,320.0,1.0,28.20089286,0.20427614,1.5755517,0.15755517,0.13731649,0.01,0.9999,4.3e-05,1.0,6.73e-06,30.8,35.113312
287,0.505707,1.626195,0.343087,0.0,0.0,0.204875,13.821281,0.0,0.0,0.0,0.0,0.0,0.0,0.0,0.0,0.0,0.0,0.0,0.0,0.0,0.0,0.0,0.0,0.0,0.0,0.0,0.0,0.0,0.0,0.0,0.0,0.0,320.0,1.0,28.1516369,0.20487459,1.62619486,0.16261949,0.13821281,0.01,1.0,3.8e-05,1.0,5.95e-06,29.6,35.12872
288,0.502447,1.593916,0.343055,0.0,0.0,0.205066,13.798894,0.0,0.0,0.0,0.0,0.0,0.0,0.0,0.0,0.0,0.0,0.0,0.0,0.0,0.0,0.0,0.0,0.0,0.0,0.0,0.0,0.0,0.0,0.0,0.0,0.0,320.0,1.0,28.11755952,0.20506622,1.59391554,0.15939156,0.13798894,0.01,0.9999,1.7e-05,1.0,5.21e-06,29.6,35.100536
289,0.496103,1.540328,0.34207,0.0,0.0,0.204448,13.76221,0.0,0.0,0.0,0.0,0.0,0.0,0.0,0.0,0.0,0.0,0.0,0.0,0.0,0.0,0.0,0.0,0.0,0.0,0.0,0.0,0.0,0.0,0.0,0.0,0.0,320.0,1.0,28.14895833,0.20444778,1.54032778,0.15403278,0.1376221,0.01,0.9999,3.1e-05,1.0,4.54e-06,29.4,35.154347
290,0.500507,1.583047,0.342202,0.0,0.0,0.204205,13.799683,0.0,0.0,0.0,0.0,0.0,0.0,0.0,0.0,0.0,0.0,0.0,0.0,0.0,0.0,0.0,0.0,0.0,0.0,0.0,0.0,0.0,0.0,0.0,0.0,0.0,320.0,1.0,28.17053571,0.20420534,1.58304651,0.15830465,0.13799682,0.01,0.9999,4.1e-05,1.0,3.93e-06,29.5,35.141405
291,0.504532,1.616972,0.342834,0.0,0.0,0.204724,13.811019,0.0,0.0,0.0,0.0,0.0,0.0,0.0,0.0,0.0,0.0,0.0,0.0,0.0,0.0,0.0,0.0,0.0,0.0,0.0,0.0,0.0,0.0,0.0,0.0,0.0,320.0,1.0,28.09017857,0.20472419,1.61697209,0.16169721,0.13811019,0.01,0.9999,3.9e-05,1.0,3.37e-06,29.5,35.159503
292,0.50091,1.593215,0.341588,0.0,0.0,0.203965,13.762366,0.0,0.0,0.0,0.0,0.0,0.0,0.0,0.0,0.0,0.0,0.0,0.0,0.0,0.0,0.0,0.0,0.0,0.0,0.0,0.0,0.0,0.0,0.0,0.0,0.0,320.0,1.0,28.1296131,0.20396457,1.59321549,0.15932155,0.13762366,0.01,0.9999,4e-05,1.0,2.87e-06,29.2,35.139136
293,0.497912,1.561446,0.341768,0.0,0.0,0.204611,13.715695,0.0,0.0,0.0,0.0,0.0,0.0,0.0,0.0,0.0,0.0,0.0,0.0,0.0,0.0,0.0,0.0,0.0,0.0,0.0,0.0,0.0,0.0,0.0,0.0,0.0,320.0,1.0,28.21145833,0.20461073,1.56144632,0.15614463,0.13715695,0.01,1.0,2e-05,1.0,2.44e-06,29.3,35.146444
294,0.50249,1.604424,0.342048,0.0,0.0,0.204525,13.752281,0.0,0.0,0.0,0.0,0.0,0.0,0.0,0.0,0.0,0.0,0.0,0.0,0.0,0.0,0.0,0.0,0.0,0.0,0.0,0.0,0.0,0.0,0.0,0.0,0.0,320.0,1.0,28.16830357,0.20452492,1.60442351,0.16044235,0.13752281,0.01,0.9999,1.9e-05,1.0,2.05e-06,29.5,35.140521
295,0.49382,1.525325,0.341288,0.0,0.0,0.204116,13.717163,0.0,0.0,0.0,0.0,0.0,0.0,0.0,0.0,0.0,0.0,0.0,0.0,0.0,0.0,0.0,0.0,0.0,0.0,0.0,0.0,0.0,0.0,0.0,0.0,0.0,320.0,1.0,28.22276786,0.20411616,1.52532461,0.15253246,0.13717163,0.01,0.9999,2.7e-05,1.0,1.73e-06,29.5,35.144232
296,0.51181,1.684584,0.343351,0.0,0.0,0.204844,13.850687,0.0,0.0,0.0,0.0,0.0,0.0,0.0,0.0,0.0,0.0,0.0,0.0,0.0,0.0,0.0,0.0,0.0,0.0,0.0,0.0,0.0,0.0,0.0,0.0,0.0,320.0,1.0,27.98497024,0.20484448,1.68458437,0.16845844,0.13850687,0.01,0.9999,2.5e-05,1.0,1.47e-06,29.7,35.153045
297,0.498886,1.572474,0.341639,0.0,0.0,0.203901,13.773816,0.0,0.0,0.0,0.0,0.0,0.0,0.0,0.0,0.0,0.0,0.0,0.0,0.0,0.0,0.0,0.0,0.0,0.0,0.0,0.0,0.0,0.0,0.0,0.0,0.0,320.0,1.0,28.18422619,0.20390088,1.57247434,0.15724744,0.13773816,0.01,0.9999,4e-05,1.0,1.26e-06,29.4,35.139563
298,0.496846,1.549869,0.341859,0.0,0.0,0.204251,13.760857,0.0,0.0,0.0,0.0,0.0,0.0,0.0,0.0,0.0,0.0,0.0,0.0,0.0,0.0,0.0,0.0,0.0,0.0,0.0,0.0,0.0,0.0,0.0,0.0,0.0,320.0,1.0,28.1875,0.20425085,1.54986904,0.15498691,0.13760857,0.01,0.9999,2.9e-05,1.0,1.12e-06,29.5,35.149672
299,0.50031,1.575625,0.342748,0.0,0.0,0.204938,13.780986,0.0,0.0,0.0,0.0,0.0,0.0,0.0,0.0,0.0,0.0,0.0,0.0,0.0,0.0,0.0,0.0,0.0,0.0,0.0,0.0,0.0,0.0,0.0,0.0,0.0,320.0,1.0,28.11607143,0.20493804,1.57562546,0.15756255,0.13780986,0.01,0.9999,2.8e-05,1.0,1.03e-06,29.5,35.14722
300,0.504931,1.621932,0.342738,0.0,0.0,0.204825,13.791303,0.0,0.0,0.0,0.0,0.0,0.0,0.0,0.0,0.0,0.0,0.0,0.0,0.0,0.0,0.0,0.0,0.0,0.0,0.0,0.0,0.0,0.0,0.0,0.0,0.0,320.0,1.0,28.07544643,0.20482513,1.62193209,0.16219321,0.13791303,0.01,0.9999,2.1e-05,1.0,1e-06,29.4,35.154944
